cond,distBin,angleBin,heading,coord,angleBinSize,distBinSize
F0,0,2,0.7816388531770876,0.6999636467573017,30,1
F0,0,2,0.8327966122733169,0.8595211781628538,30,1
F0,0,2,0.8072846533160924,0.7555329512955032,30,1
F0,1,1,0.3644017456348728,0.7668818161206261,30,1
F0,1,0,0.31436648845395226,0.8310946561910516,30,1
F0,0,0,0.32300445661346694,0.796411478585056,30,1
F0,0,1,0.41503282369197736,0.8784044576489336,30,1
F0,0,2,0.5441531413409788,0.8085736022105728,30,1
F0,1,3,0.811460711697888,0.9311040457064859,30,1
F0,1,3,0.7104025093099098,0.6857954573978966,30,1
F0,1,2,0.6361472178704746,0.896278370246895,30,1
F0,1,2,0.32853605543937303,0.8616923518747578,30,1
F0,1,1,0.28214892383269086,0.9174677145375877,30,1
F0,1,1,0.47636791083074215,0.9724885861494292,30,1
F0,0,0,0.27607929313798146,0.9084680415547249,30,1
F0,0,0,0.533263706412264,0.9656955655769145,30,1
F0,0,1,0.6690657932294695,0.7678231703894406,30,1
F0,0,1,0.798722401993943,0.8388670041604466,30,1
F0,2,3,0.2353559017806144,0.9113478134629096,30,1
F0,2,3,0.4667357599190108,0.8641234142581053,30,1
F0,2,3,0.4343595061979532,0.6738335342202662,30,1
F0,2,3,0.8595841069693096,0.538849008640762,30,1
F0,2,3,0.6751648252626103,0.8162043524541052,30,1
F0,2,3,0.7721184223932367,0.7214284363216261,30,1
F0,2,4,0.6540791937201978,0.849088779892151,30,1
F0,2,4,0.5716178906739114,0.7352783016658424,30,1
F0,1,4,0.2968601571203671,0.8813894572537323,30,1
F0,1,2,0.18577672880992066,0.7074131520670721,30,1
F0,1,1,0.11917803651094339,0.8465056783708248,30,1
F0,1,1,0.1940904853739095,0.7497800497709073,30,1
F0,0,0,0.39311805011354045,0.8573495033653101,30,1
F0,0,0,0.3002874593380992,0.9595842352542928,30,1
F0,0,1,0.4820734747364982,0.9380032920322602,30,1
F0,0,3,0.3098621189902387,0.8575886277754367,30,1
F0,0,5,0.3746836731230665,0.7232214320251039,30,1
F0,0,5,0.18474374366557128,0.8216850064372281,30,1
F0,2,4,0.18917989665284465,0.8727402851875625,30,1
F0,2,3,0.12767599222484838,0.800624827147853,30,1
F0,2,3,0.4837731286011102,0.6765367977416332,30,1
F0,2,3,0.7520912793623913,0.7337668334591954,30,1
F0,1,3,0.7401486157519921,0.8338381542780205,30,1
F0,1,3,0.7621003786745447,0.7713008530839177,30,1
F0,1,3,0.5837952709468234,0.8661780474553604,30,1
F0,1,4,0.474926830920392,0.8177970696150827,30,1
F0,1,4,0.25646184699498004,0.8407928316810241,30,1
F0,1,2,0.8974221764249655,0.649730046273637,30,1
F0,1,2,0.5165078188693448,0.9029309167252417,30,1
F0,1,1,0.35418675883824396,0.8160375452166801,30,1
F0,1,0,0.12180238502004422,0.6030938816217498,30,1
F0,1,0,0.23263378052078676,0.7308871917206371,30,1
F0,1,1,0.15112697967208782,0.8536022302717321,30,1
F0,1,2,0.3685437926529671,0.8924024519466316,30,1
F0,1,2,0.45539107404406304,0.7435749536638173,30,1
F0,1,3,0.7878779002096996,0.8935976360892537,30,1
F0,1,3,0.6777258624439625,0.6969356536284217,30,1
F0,1,2,0.6000463094492909,0.7938439935056619,30,1
F0,1,2,0.5544891838971244,0.7148287897465042,30,1
F0,1,2,0.73410472293979,0.7612250752490064,30,1
F0,1,2,0.6867084025733834,0.9152227266135063,30,1
F0,1,2,0.530882392325369,0.7662840858663861,30,1
F0,1,3,0.26643927590636945,0.8731364636855643,30,1
F0,1,4,0.1684917772857107,0.6304645589860488,30,1
F0,1,4,0.523681671647783,0.8723159290644902,30,1
F0,1,3,0.6801423057321261,0.9531509892793917,30,1
F0,0,3,0.7714374406293336,0.8877306112143379,30,1
F0,0,2,0.4418477115890516,0.7617282034959384,30,1
F0,0,1,0.7614948811958027,0.8358679046348151,30,1
F0,0,2,0.7397188713200429,0.8185003227564548,30,1
F0,0,2,0.8330665850696525,0.8710620172017333,30,1
F0,0,2,0.831530472966335,0.8256648385582313,30,1
F0,0,2,0.8061570469017475,0.8820223312812734,30,1
F0,0,1,0.874775843407191,0.9009379864996147,30,1
F0,2,3,0.2602379305571331,0.9149558374401741,30,1
F0,3,3,0.3488444510856607,0.9349802753782613,30,1
F0,3,3,0.2736296786781857,0.8580103814120913,30,1
F0,3,3,0.32989328248064337,0.7026493487179051,30,1
F0,3,4,0.21098279252279875,0.9253848475388361,30,1
F0,2,4,0.15868216428170795,0.8610205060175202,30,1
F0,2,4,0.22372673710833077,0.8476341091150268,30,1
F0,1,5,0.22061944609024167,0.907175836467417,30,1
F0,1,5,0.18313295911093572,0.926908182982763,30,1
F0,0,2,0.154161769493078,0.8634369622060768,30,1
F0,0,0,0.09990262811093399,0.9220440085140318,30,1
F0,0,1,0.07139924728956931,0.9402084978959189,30,1
F0,0,2,0.27665039657362295,0.899220664892901,30,1
F0,0,3,0.622390368460544,0.864567015981009,30,1
F0,0,5,0.19801975760009136,0.7562766596168584,30,1
F0,0,5,0.3186306005219109,0.8358773928957732,30,1
F0,1,4,0.2468488825096992,0.8424715574917048,30,1
F0,1,3,0.15121759862563938,0.8747921256646538,30,1
F0,2,4,0.22082364087709697,0.7903691851500176,30,1
F0,3,3,0.10768154951505578,0.908316955319245,30,1
F0,3,3,0.6445029561208777,0.9142118597983158,30,1
F0,3,3,0.49379608716900125,0.9235217712892764,30,1
F0,2,3,0.23584773488771735,0.8106367315581499,30,1
F0,2,4,0.1535181170888146,0.9211670536400021,30,1
F0,1,4,0.14393501974849335,0.8257374520960612,30,1
F0,1,5,0.2039360474076814,0.926332427414526,30,1
F0,1,5,0.1590557557624513,0.8978282484419156,30,1
F0,0,3,0.8291617837144019,0.9633983856258838,30,1
F0,0,2,0.6382316144272401,0.8849184605249779,30,1
F0,0,0,0.4497265599281645,0.7960164204545038,30,1
F0,0,0,0.5494164589638916,0.758896260835711,30,1
F0,0,2,0.7715012113008591,0.8757571684554634,30,1
F0,0,3,0.8095371925948879,0.9302463075925624,30,1
F0,0,3,0.8982138892832916,0.9202098217039902,30,1
F0,0,3,0.7609594768982403,0.8749244947365603,30,1
F0,0,3,0.8720876434490165,0.922284797942315,30,1
F0,1,3,0.7246666928652162,0.9699408881201795,30,1
F0,2,3,0.7308485324906684,0.9189108691598395,30,1
F0,2,2,0.715219011416892,0.907812532317775,30,1
F0,2,2,0.4335327033734359,0.9086670096319971,30,1
F0,1,3,0.18723509938885446,0.9022554991378594,30,1
F0,1,4,0.26264742659803963,0.8650969924183408,30,1
F0,0,4,0.4158911358720394,0.8664543903023633,30,1
F0,0,5,0.5866454401602146,0.733408508261504,30,1
F0,1,5,0.6267913186495817,0.9346663506504628,30,1
F0,3,3,0.3441080731036463,0.8430645589589228,30,1
F0,3,3,0.26963461187033966,0.9117126066735047,30,1
F0,4,3,0.31127780771390295,0.7348118647157037,30,1
F0,3,3,0.23027444075960118,0.5873220388058528,30,1
F0,3,4,0.3152504786279893,0.8038356653388639,30,1
F0,3,4,0.12747519114462463,0.8110692381859481,30,1
F0,2,4,0.27254331449073055,0.8613358771876028,30,1
F0,2,4,0.3005818961053854,0.9322774421683117,30,1
F0,2,5,0.280876239704929,0.9235726459619921,30,1
F0,0,0,0.3380166153115507,0.8199848168310013,30,1
F0,0,1,0.24467474561858205,0.8666351582354738,30,1
F0,0,2,0.5369762901019678,0.7835778518895039,30,1
F0,0,2,0.35349613489886716,0.9280093365480797,30,1
F0,1,3,0.38511216457959796,0.9467170359578395,30,1
F0,1,4,0.273404954078875,0.8396154677180123,30,1
F0,1,5,0.26082154380468464,0.8341256191552033,30,1
F0,1,5,0.18307894919258033,0.8325302719581175,30,1
F0,1,4,0.16139812103674828,0.9067707749565707,30,1
F0,3,3,0.3452469294148301,0.7290482639397837,30,1
F0,3,3,0.279452515569745,0.8593746282797249,30,1
F0,3,3,0.6726857039614607,0.706921767974049,30,1
F0,3,3,0.48028696474855165,0.7977626956354601,30,1
F0,3,3,0.41052962492054196,0.8426919292372275,30,1
F0,2,4,0.12633510726273633,0.8156209613614462,30,1
F0,2,4,0.17867357320797522,0.8411519711744342,30,1
F0,1,4,0.2363290156202132,0.8689712932123588,30,1
F0,1,5,0.24799285653326442,0.8984423081225218,30,1
F0,0,1,0.7549683297869053,0.893412376273065,30,1
F0,0,1,0.8329074701786058,0.8977340087604764,30,1
F0,0,0,0.7870327356593494,0.8447857366404314,30,1
F0,0,1,0.6262621972891359,0.5745095365987629,30,1
F0,0,2,0.5641624460364962,0.7198113931614298,30,1
F0,1,3,0.8388120287198308,0.9106321689632731,30,1
F0,1,3,0.7941929705557348,0.8801476382572763,30,1
F0,1,3,0.7282995952695026,0.8338918375076738,30,1
F0,1,3,0.7641776126881851,0.8901259785567672,30,1
F0,2,3,0.598652925794498,0.9145207309240054,30,1
F0,2,3,0.8803746900701794,0.870366817659113,30,1
F0,2,2,0.6540362705831582,0.7258457131081381,30,1
F0,2,3,0.43642115294848144,0.8279072174144332,30,1
F0,2,3,0.247697717187482,0.9066357250626502,30,1
F0,1,3,0.2550837197786368,0.7698810486328436,30,1
F0,1,4,0.2587836766035375,0.8411660650459367,30,1
F0,1,5,0.46507926922081455,0.8045499935678632,30,1
F0,1,5,0.5015671620567727,0.9247081479478417,30,1
F0,4,2,0.8911380835612513,0.8415546542617599,30,1
F0,3,2,0.644902075396095,0.895616517416818,30,1
F0,3,1,0.7341235734304042,0.90767246423935,30,1
F0,3,1,0.4209084905287469,0.63267669687747,30,1
F0,3,1,0.35260999024276213,0.8490770048577235,30,1
F0,2,1,0.6589342768813672,0.6850723559927487,30,1
F0,2,1,0.5761848151587882,0.780129938681518,30,1
F0,2,2,0.7401831783058936,0.8777981367744379,30,1
F0,1,2,0.7210947437153197,0.8731301106365139,30,1
F0,0,5,0.8659253422340684,0.863833152167519,30,1
F0,0,5,0.6152273088228846,0.899247762210196,30,1
F0,0,0,0.21943518081658825,0.8396734025322066,30,1
F0,0,0,0.7439312608342985,0.7222502847079728,30,1
F0,0,1,0.7879274173827163,0.7019117722021592,30,1
F0,0,1,0.8825359501336859,0.84890959960199,30,1
F0,0,0,0.7784560315570892,0.7816325013140046,30,1
F0,0,0,0.7681147664944712,0.8567780972864314,30,1
F0,0,0,0.8180945939949212,0.8773893212695478,30,1
F0,3,2,0.2246092777062451,0.7793748672408107,30,1
F0,4,2,0.2982521495790054,0.7868216675023971,30,1
F0,4,2,0.3778872853490252,0.8330189923772853,30,1
F0,4,1,0.17674884652596104,0.8515244564664308,30,1
F0,3,1,0.167637854181251,0.8917131898583662,30,1
F0,2,1,0.13324178584147953,0.8337140158338846,30,1
F0,2,0,0.14911629647897365,0.8630235646516421,30,1
F0,1,0,0.18738350144645896,0.8860206186999773,30,1
F0,1,0,0.16779633740272987,0.9472922743535801,30,1
F0,1,0,0.32137408590726,0.9218648964984255,30,1
F0,1,1,0.24813754574507207,0.8900214831079676,30,1
F0,2,1,0.15051208211692796,0.9306595311806666,30,1
F0,2,1,0.7378125934508448,0.6939934703232118,30,1
F0,2,1,0.7892669331778221,0.867711492486159,30,1
F0,2,1,0.6665615806355338,0.7668349542407616,30,1
F0,1,1,0.4789242798086596,0.8038890915992416,30,1
F0,1,1,0.2918740632554177,0.7572145143614021,30,1
F0,0,1,0.2914064105447814,0.9064458684900505,30,1
F0,4,3,0.907707794476177,0.8779974544461584,30,1
F0,4,3,0.9080456142427713,0.8862309138851747,30,1
F0,3,3,0.32811072084724396,0.8668985887950831,30,1
F0,2,3,0.3156946817155791,0.8582129343461968,30,1
F0,2,3,0.2629585340933653,0.8116553200056538,30,1
F0,1,3,0.7044379784145395,0.7324314734467265,30,1
F0,1,3,0.6888480881824581,0.938151161340634,30,1
F0,1,3,0.8101888027207671,0.8549796956253074,30,1
F0,1,3,0.7525176310377722,0.956883466958895,30,1
F0,0,5,0.15962951333230924,0.8694197051404795,30,1
F0,0,4,0.3643141446197118,0.8764481047542358,30,1
F0,0,2,0.5672240658178583,0.8789605035742344,30,1
F0,0,1,0.7091264776494545,0.7353705025942565,30,1
F0,0,0,0.8052906396341424,0.7603236931647286,30,1
F0,0,1,0.38379054214058195,0.8105853076079953,30,1
F0,1,1,0.35958717659522554,0.8635454858677111,30,1
F0,1,2,0.19305063656855107,0.94847567007575,30,1
F0,2,2,0.2264927820081341,0.8414654420367836,30,1
F0,3,3,0.30045935932101864,0.9366005213072001,30,1
F0,2,3,0.2807756540397655,0.906402717807158,30,1
F0,2,3,0.25739466555122964,0.9304155665416519,30,1
F0,1,3,0.36977621648669456,0.8909192882706265,30,1
F0,1,3,0.4182890278007376,0.9404493407237771,30,1
F0,0,3,0.7637616292163444,0.727667524087168,30,1
F0,0,3,0.7988217300856009,0.9419280131714362,30,1
F0,1,3,0.470242040181513,0.6710948568402854,30,1
F0,1,3,0.45397546178604237,0.916559621394482,30,1
F0,3,2,0.16131931045528083,0.6819308990463395,30,1
F0,4,2,0.3990919145708747,0.8340519772717621,30,1
F0,4,2,0.5995363515601998,0.8350083000731257,30,1
F0,3,2,0.1878728637315658,0.8001927068314391,30,1
F0,2,1,0.12982929047307243,0.6400822470995378,30,1
F0,1,1,0.10376363820253554,0.8865974812726677,30,1
F0,1,0,0.12655896208594652,0.8526089590262522,30,1
F0,1,0,0.24063135497620447,0.8682337618368453,30,1
F0,0,0,0.1395838268942878,0.8565027148340845,30,1
F0,1,0,0.3738978506722999,0.8744353897889235,30,1
F0,1,1,0.31555342399092845,0.9117880018126752,30,1
F0,1,1,0.849469904204185,0.8891145591111093,30,1
F0,1,1,0.8095630676122928,0.9549524391414685,30,1
F0,1,1,0.7752885108728524,0.8662768111200846,30,1
F0,1,1,0.6859671244798801,0.9033089561028459,30,1
F0,0,1,0.6016554321234352,0.9497627568072585,30,1
F0,0,2,0.3600352754861607,0.7228047496794071,30,1
F0,0,3,0.2968199590260453,0.9085784939241383,30,1
F0,3,3,0.6837507249142495,0.8230897933327596,30,1
F0,3,3,0.850964727521158,0.7658618884203923,30,1
F0,3,3,0.5838418017414625,0.8657340320763443,30,1
F0,2,3,0.2573368476926881,0.7785625873208599,30,1
F0,1,4,0.23923874634383932,0.7901567211483426,30,1
F0,0,5,0.38046950809900304,0.8441261829241219,30,1
F0,0,5,0.4568477119453542,0.8892384070299643,30,1
F0,1,4,0.6470516337039891,0.6709076725030922,30,1
F0,1,4,0.7117546986261822,0.8779206288397146,30,1
F0,1,1,0.16281453281571273,0.8371036467298741,30,1
F0,0,0,0.41725585627558237,0.8859069349531306,30,1
F0,0,2,0.24044866743848634,0.709068181749307,30,1
F0,1,4,0.5184321929663249,0.7643967377143064,30,1
F0,1,4,0.6029444447110376,0.736888210715684,30,1
F0,1,5,0.6478388178835851,0.8354720851381213,30,1
F0,1,5,0.8330982105863289,0.9027940828199003,30,1
F0,1,5,0.7870631432689794,0.8533151723367816,30,1
F0,1,5,0.8866334593571498,0.9086934358089477,30,1
F0,0,4,0.6118302238233998,0.8805570985303216,30,1
F0,0,3,0.6067726731904876,0.8428332750624871,30,1
F0,0,3,0.48641435357167484,0.9142507095079301,30,1
F0,0,0,0.4812626048794733,0.9691584751494953,30,1
F0,0,1,0.22458586191446914,0.9015381430680826,30,1
F0,2,2,0.24883713494759105,0.7933771455500862,30,1
F0,1,2,0.18661305967385958,0.6629741320590704,30,1
F0,1,3,0.18684251568821408,0.7075266518844697,30,1
F0,1,4,0.5226074718316448,0.8072387686872604,30,1
F0,1,4,0.7580528635579593,0.8609125039863184,30,1
F0,1,4,0.799042300050877,0.8017482447335589,30,1
F0,1,4,0.7673461372854135,0.789021364149156,30,1
F0,1,3,0.577069557335401,0.8022092609247783,30,1
F0,1,3,0.622814557781347,0.8002139352554417,30,1
F0,1,2,0.3823656466897729,0.755758999534222,30,1
F0,1,1,0.3141620443132167,0.7739595433528951,30,1
F0,1,0,0.2649341085592868,0.9094508069190147,30,1
F0,1,0,0.34176115451551276,0.8747832651750366,30,1
F0,1,0,0.43962209367652083,0.8996876283432741,30,1
F0,2,0,0.2856502792711623,0.7030558511259195,30,1
F0,2,1,0.33055015995604253,0.9302992480008688,30,1
F0,2,2,0.14233650731647815,0.8506257790608184,30,1
F0,1,3,0.3185882236534686,0.9025263357106657,30,1
F0,1,4,0.4633671682995672,0.861935036388106,30,1
F0,1,4,0.7245073465564619,0.8637887492141394,30,1
F0,1,5,0.8595285245308397,0.81822744039316,30,1
F0,1,5,0.8002906520954557,0.8276453136039248,30,1
F0,0,5,0.6123693610408616,0.8842449992585034,30,1
F0,0,5,0.763529295091367,0.7293826402691492,30,1
F0,0,4,0.5344765843359539,0.7163643654433932,30,1
F0,1,3,0.5637793768977212,0.8984523505429967,30,1
F0,1,2,0.7687542757204312,0.8257150883732207,30,1
F0,1,2,0.7089368366505234,0.8356591467433275,30,1
F0,1,3,0.9483754186529444,0.8071635569753012,30,1
F0,1,3,0.7260835495508283,0.8372041014464583,30,1
F0,1,3,0.9115717857130644,0.8273828781941719,30,1
F0,1,3,0.6466249057126411,0.8719950040470101,30,1
F0,1,3,0.7725054823144227,0.7109250193874732,30,1
F0,1,3,0.7782525737700595,0.8368834779093178,30,1
F0,1,2,0.7690605466364232,0.8838275038115824,30,1
F0,1,2,0.7324328951293424,0.9511700978916915,30,1
F0,1,1,0.8246809553280162,0.8242673084296588,30,1
F0,1,1,0.6548074542355191,0.8156825634006236,30,1
F0,1,0,0.6777833806357989,0.8550217669601281,30,1
F0,1,0,0.7622059626970863,0.8094607622330864,30,1
F0,0,0,0.49714794331757656,0.8904850472487298,30,1
F0,0,0,0.45435443713525947,0.9183394001879485,30,1
F0,1,0,0.9398548089195448,0.7171575700811543,30,1
F0,1,0,0.510998544971234,0.7173833714112036,30,1
F0,0,0,0.5620095570194481,0.6949675463541362,30,1
F0,0,2,0.32540761360600323,0.7633237165306265,30,1
F0,1,2,0.10650438998593191,0.7935497389094984,30,1
F0,2,2,0.7338789434788787,0.8371510050470463,30,1
F0,2,2,0.7853793986345999,0.7868352826812008,30,1
F0,2,1,0.7807847225998085,0.8946055020062627,30,1
F0,1,1,0.8473004724720571,0.839200503650023,30,1
F0,2,1,0.7429757207867327,0.7664438953502816,30,1
F0,1,1,0.6934821676829921,0.7511175614797767,30,1
F0,1,1,0.4824222069456447,0.6864061425756712,30,1
F0,1,0,0.2656686763410809,0.9072547543149826,30,1
F0,1,0,0.3595791785061745,0.9391425025330821,30,1
F0,1,0,0.7692976846308961,0.7700906675894827,30,1
F0,1,1,0.4593577813757023,0.7790114195138341,30,1
F0,1,2,0.43797801190998564,0.8718461901273874,30,1
F0,1,3,0.481577413120673,0.9103989680358724,30,1
F0,1,3,0.62448355778536,0.8635285494915538,30,1
F0,2,3,0.6814053980078699,0.9055264297277277,30,1
F0,2,3,0.8327771400158299,0.8409322718287879,30,1
F0,2,3,0.770966283372857,0.9542904484516429,30,1
F0,2,2,0.8226586121982915,0.781756249193121,30,1
F0,2,2,0.6033282217475375,0.8474287050079299,30,1
F0,2,2,0.37376977155537966,0.7420912426251249,30,1
F0,2,1,0.2986455783767355,0.8943961223197308,30,1
F0,1,1,0.17668275374755815,0.8295323763259904,30,1
F0,1,0,0.12318410262887283,0.9445811957650174,30,1
F0,1,1,0.530965468608221,0.8250181929749132,30,1
F0,0,1,0.5432859070375733,0.8857281953599135,30,1
F0,0,2,0.1902574916551195,0.8573728877055691,30,1
F0,1,4,0.519033621113814,0.5195233777392297,30,1
F0,1,4,0.5687528325770341,0.7899500766851554,30,1
F0,1,5,0.5581625706599389,0.8671778154010044,30,1
F0,1,5,0.6175444913249265,0.8695849834952909,30,1
F0,1,4,0.699582709132171,0.8072827697421175,30,1
F0,1,4,0.5998137439443918,0.7753674119789455,30,1
F0,1,3,0.8012049304948704,0.5702728466324347,30,1
F0,1,3,0.4652689063981156,0.7049900965926021,30,1
F0,2,3,0.7099981139489566,0.8353176245031619,30,1
F0,2,2,0.5611465426078706,0.623786973965808,30,1
F0,1,2,0.771016972072643,0.5870188474603211,30,1
F0,1,2,0.7720752221199786,0.9040071248786132,30,1
F0,1,3,0.663332997738458,0.8857324237109938,30,1
F0,1,3,0.8969864653767285,0.9682993568385512,30,1
F0,1,3,0.923059855511011,0.9322855021583744,30,1
F0,1,3,0.786863038468962,0.805307079416654,30,1
F0,1,3,0.607821126169368,0.8497947105158493,30,1
F0,1,2,0.6580065957200896,0.7785851317503574,30,1
F0,0,2,0.6722658494133017,0.7405977083450839,30,1
F0,1,1,0.6356439628231619,0.8030927169072234,30,1
F0,1,0,0.7172535475103969,0.8570850951815874,30,1
F0,1,0,0.6443212817312742,0.8730675829450092,30,1
F0,1,0,0.5819431023368148,0.9702230036096142,30,1
F0,1,0,0.6678298935360374,0.8967183416482226,30,1
F0,1,0,0.5562479357003897,0.8206782408268971,30,1
F0,1,1,0.7858335894853644,0.6994838397979505,30,1
F0,1,1,0.7719108345154565,0.7954469935149521,30,1
F0,1,2,0.7153424128594117,0.8364092067766202,30,1
F0,0,2,0.5857878532938192,0.8980088833929046,30,1
F0,0,1,0.6865182498413471,0.8568795064068865,30,1
F0,0,2,0.8382517612501298,0.8499453449967791,30,1
F0,0,2,0.8621929118237773,0.8176043277603986,30,1
F0,0,2,0.6558290185227935,0.9318607730466456,30,1
F0,0,2,0.5995399559990467,0.9006859190078973,30,1
F0,0,3,0.5069540825525685,0.821833886710428,30,1
F0,0,4,0.2772973788038824,0.8489834993208115,30,1
F0,0,3,0.3846510234447454,0.9289152407685533,30,1
F0,1,2,0.4456946802786778,0.843910153056539,30,1
F0,1,2,0.40741243205657884,0.9227971831700303,30,1
F0,1,5,0.19417122781673263,0.8947756124413365,30,1
F0,1,4,0.27474943314696315,0.8940518231037556,30,1
F0,1,3,0.2793370595124205,0.8611801534443193,30,1
F0,2,2,0.45607404087852754,0.8253149341021042,30,1
F0,2,2,0.42045079654295475,0.75309607678004,30,1
F0,2,1,0.6710717287800751,0.7597494843340007,30,1
F0,2,1,0.6796178360527737,0.8486692308362854,30,1
F0,1,1,0.7858644795606179,0.8586122104135756,30,1
F0,1,0,0.8558059959811638,0.8316098041909007,30,1
F0,1,0,0.7686524495872397,0.9263255781618526,30,1
F0,1,0,0.7525237677036613,0.9591274795583106,30,1
F0,0,0,0.6453108431949449,0.8686246149566902,30,1
F0,0,0,0.4083564372883364,0.902423019803139,30,1
F0,0,0,0.40508673997102135,0.8457488540090903,30,1
F0,0,1,0.1746122101608827,0.6802178710533152,30,1
F0,0,0,0.12384099429476551,0.9580052724266982,30,1
F0,1,1,0.2999769380001808,0.8961578696840876,30,1
F0,1,1,0.25534647857695986,0.9196699917040775,30,1
F0,2,2,0.3399978529063831,0.8743214960812566,30,1
F0,2,1,0.4654972020644293,0.725067028869262,30,1
F0,2,1,0.7180981845088837,0.7776821950436802,30,1
F0,2,1,0.8030100387867252,0.8163590919029154,30,1
F0,2,0,0.8289109515219213,0.8214725998969966,30,1
F0,1,0,0.6831624487343376,0.870407945866885,30,1
F0,1,0,0.776238010399335,0.8751827822179514,30,1
F0,1,0,0.6859757277880996,0.7486950394696457,30,1
F0,1,0,0.5728900098969297,0.9230051679060588,30,1
F0,1,0,0.45173834742016755,0.8989359488460807,30,1
F0,0,0,0.2643118778067464,0.8352036931921937,30,1
F0,1,1,0.13107296694062268,0.9583900786082866,30,1
F0,1,2,0.4240084831096433,0.813295039628152,30,1
F0,2,2,0.7279511172251493,0.8088664975118275,30,1
F0,2,2,0.68477285685621,0.8212475234237521,30,1
F0,2,2,0.7760183660888441,0.8966005050719545,30,1
F0,2,2,0.7143432251828017,0.8564288105660119,30,1
F0,2,2,0.79904446151657,0.9151660268829414,30,1
F0,2,2,0.8493968479633122,0.8292696111761517,30,1
F0,1,1,0.8169460981858261,0.9614318885938502,30,1
F0,1,1,0.6656139657660401,0.8247163581000176,30,1
F0,1,1,0.6916376338964328,0.9329604314982444,30,1
F0,1,1,0.624682262825751,0.8189417172733563,30,1
F0,1,1,0.722454664174991,0.8883902242090121,30,1
F0,0,4,0.5252446274319683,0.8220772646912524,30,1
F0,0,2,0.8289709064873542,0.8323518479754626,30,1
F0,0,3,0.8260673924792813,0.8942843083072682,30,1
F0,0,1,0.8457802449878797,0.7379066421099676,30,1
F0,0,2,0.7366436286266463,0.8146216915507098,30,1
F0,0,2,0.79617635744791,0.8523948822864565,30,1
F0,0,2,0.7280601409083913,0.8375813572513525,30,1
F0,0,3,0.6043864170542703,0.7407620388946434,30,1
F0,0,3,0.5869843389025768,0.8229844529009932,30,1
F0,1,3,0.44296434872659846,0.6476273345410974,30,1
F0,1,3,0.27501393690605286,0.7574820890378252,30,1
F0,1,3,0.33660322080456007,0.9125925614110085,30,1
F0,1,2,0.5358095369965342,0.6312932617615253,30,1
F0,2,2,0.44476526254211773,0.5991514366505075,30,1
F0,3,2,0.5707757436759834,0.8264339161335411,30,1
F0,3,2,0.7190952994909879,0.7824638301231391,30,1
F0,3,2,0.7433830589070934,0.8317719369681631,30,1
F0,2,2,0.5464997247484188,0.8777536197899748,30,1
F0,2,2,0.7053143047416078,0.8598626340058875,30,1
F0,2,2,0.7425525463509316,0.9213431001508567,30,1
F0,1,2,0.7374956209295043,0.8150297230818325,30,1
F0,1,3,0.4628278212053519,0.7720376834115987,30,1
F0,1,4,0.2593191562584246,0.7689110887790783,30,1
F0,1,4,0.2500296635819074,0.9460237467504256,30,1
F0,1,5,0.1887146482491543,0.8928595936551739,30,1
F0,1,5,0.32714091409510104,0.9363488743317054,30,1
F0,1,4,0.2681346531818766,0.9361535051112317,30,1
F0,2,4,0.5334074217723879,0.8680044835022845,30,1
F0,2,5,0.2393350381070063,0.9790968378439757,30,1
F0,1,5,0.1781640064022487,0.8129049507398571,30,1
F0,0,4,0.2413981809993802,0.8551381355977564,30,1
F0,0,1,0.49536216942392797,0.8329519340680225,30,1
F0,1,1,0.5618675664241991,0.6722093488831848,30,1
F0,1,0,0.8825077235662158,0.7351551228894069,30,1
F0,1,0,0.8878991628388349,0.7896001239700174,30,1
F0,1,0,0.8446366622060587,0.8366242623759353,30,1
F0,0,0,0.7159907062950527,0.8812215455619737,30,1
F0,0,0,0.7275581924542539,0.897267093410235,30,1
F0,0,2,0.626429688563695,0.8840676165999679,30,1
F0,0,5,0.34861000547302634,0.8714870414071707,30,1
F0,0,5,0.46775660534908153,0.8924183658645902,30,1
F0,1,5,0.30075910082954815,0.8919711199159939,30,1
F0,2,2,0.2625147400251935,0.9116098488621611,30,1
F0,2,1,0.4084126010147258,0.9140584280091951,30,1
F0,1,1,0.2949255339777927,0.9161147007656557,30,1
F0,1,0,0.21858424153438935,0.9282397134812868,30,1
F0,1,0,0.2544139948603071,0.8811208193153024,30,1
F0,2,0,0.7620714277677694,0.8985258232322763,30,1
F0,2,0,0.9031865652249543,0.9057587055319943,30,1
F0,1,0,0.7758046742994257,0.8600176734141655,30,1
F0,1,0,0.6162515970025396,0.8958005151886108,30,1
F0,0,0,0.6239475924872707,0.9138613748719135,30,1
F0,0,1,0.6123827142608969,0.9005655084474784,30,1
F0,0,2,0.6266575020615331,0.8434223800627653,30,1
F0,0,3,0.6518127208099906,0.886226308416163,30,1
F0,0,4,0.48482772570572596,0.8868271370030056,30,1
F0,1,2,0.4795394503166951,0.9073215211740865,30,1
F0,1,1,0.4600533646102576,0.8771157437619439,30,1
F0,0,0,0.41895707908725505,0.8115269182756784,30,1
F0,1,0,0.6924098175022864,0.80378890972828,30,1
F0,1,1,0.7988186978389114,0.8182879221295984,30,1
F0,1,1,0.6351349487349007,0.8783396242978969,30,1
F0,1,2,0.8378738808285505,0.7219932725528698,30,1
F0,1,2,0.755822039074556,0.8096571118730445,30,1
F0,1,2,0.7817866775081865,0.8308514539487638,30,1
F0,1,3,0.7790374249422354,0.8811422971781867,30,1
F0,1,3,0.8084703784169998,0.9382762494026724,30,1
F0,1,3,0.8002769586557501,0.9423406243770517,30,1
F0,1,3,0.7955930585658628,0.7565910654501902,30,1
F0,0,4,0.6598468279559939,0.8656183868637563,30,1
F0,1,3,0.3688412454967141,0.8755552518406876,30,1
F0,1,2,0.5245103958562666,0.7835701125925468,30,1
F0,1,2,0.882238344039987,0.8004202278352949,30,1
F0,1,2,0.8188769785486064,0.6330008402411218,30,1
F0,1,2,0.7228308711859931,0.7469308467386131,30,1
F0,1,2,0.499868325592145,0.9222813805433054,30,1
F0,0,3,0.3939182297527418,0.7547769574547348,30,1
F0,0,5,0.276652266467572,0.6737926991056971,30,1
F0,1,5,0.27729341130697965,0.7915959845885088,30,1
F0,1,5,0.247563539698289,0.7232890047815564,30,1
F0,1,4,0.28834689877959496,0.8631218444760259,30,1
F0,2,4,0.22516990515058496,0.9094745103868258,30,1
F0,2,4,0.523669632662676,0.7291757199404498,30,1
F0,2,3,0.5097000717844248,0.8236500156115092,30,1
F0,5,4,0.29515237611174705,0.8459864096673771,30,1
F0,5,4,0.19242610909159882,0.8897101632805905,30,1
F0,5,3,0.11809976537022801,0.9710432393029389,30,1
F0,4,3,0.07973219230808366,0.9071217525632356,30,1
F0,4,2,0.29888312855648247,0.740261646843858,30,1
F0,4,2,0.7813590612687874,0.7549242637709555,30,1
F0,3,2,0.759030725577866,0.8866509645711695,30,1
F0,3,1,0.6181911589992934,0.8377161131290043,30,1
F0,3,1,0.5155456829087867,0.7899038202462542,30,1
F0,2,0,0.47291303169531684,0.8516819917449584,30,1
F0,2,0,0.22464906722687464,0.8369794920177885,30,1
F0,2,1,0.3520178599423706,0.8448959922739366,30,1
F0,1,1,0.3218575608887906,0.8723867647516138,30,1
F0,2,2,0.2781806512933922,0.7742349312416367,30,1
F0,1,3,0.2719726741935599,0.952668470564482,30,1
F0,2,3,0.27119148818697125,0.8023541299407968,30,1
F0,3,2,0.5353806269483832,0.8170073885151404,30,1
F0,3,2,0.6612354796327263,0.8457633714694558,30,1
F0,4,2,0.49349944617518954,0.8627391969189364,30,1
F0,4,1,0.5873862136218048,0.8245719429011202,30,1
F0,4,1,0.7935365857379265,0.8631424697082081,30,1
F0,4,1,0.670903692715068,0.8633497154049907,30,1
F0,3,1,0.6189323218196691,0.7950823686852269,30,1
F0,3,0,0.5765236316623001,0.8728301979248632,30,1
F0,2,0,0.2701019981617895,0.9342256280640077,30,1
F0,2,0,0.14481483864105366,0.707195836004607,30,1
F0,2,0,0.14780875496105159,0.8386593312205676,30,1
F0,2,1,0.37913658532749656,0.8379315832811101,30,1
F0,2,3,0.14131383521233495,0.8999518307917723,30,1
F0,3,3,0.26817091709315305,0.8966656427887816,30,1
F0,4,3,0.6555162537446663,0.926884210229888,30,1
F0,4,2,0.7945760537680805,0.9463335142822278,30,1
F0,4,2,0.8183755644781875,0.8933209610845131,30,1
F0,4,2,0.7465383389620889,0.8704505733791051,30,1
F0,4,2,0.7752949990210551,0.7785402650766318,30,1
F0,4,2,0.6437009744856129,0.8617957636210959,30,1
F0,3,2,0.4489368039623589,0.7659424328274381,30,1
F0,3,2,0.42143379920733537,0.8481509542001167,30,1
F0,2,1,0.1597985832981133,0.9601438295719562,30,1
F0,2,0,0.14244892527741645,0.9560745477790139,30,1
F0,1,0,0.11534330004252026,0.7270270336353891,30,1
F0,1,1,0.30837735771716496,0.7748565745288082,30,1
F0,3,4,0.6858780164809043,0.8580511687655988,30,1
F0,3,4,0.6956184583237608,0.907667597402822,30,1
F0,2,3,0.7329657164748259,0.8806620508398816,30,1
F0,1,3,0.5744537747738269,0.7292547439232108,30,1
F0,0,3,0.8142150536968578,0.8087488247405493,30,1
F0,1,3,0.7086815231032721,0.9344739421550379,30,1
F0,1,3,0.64707112893733,0.7288444584853392,30,1
F0,2,3,0.7348617112546606,0.6939936718248471,30,1
F0,2,3,0.9056403671976436,0.7475878376601179,30,1
F0,2,3,0.8156460588390706,0.6992738290131992,30,1
F0,1,3,0.7717709598929761,0.8448052039282057,30,1
F0,1,3,0.8537812629487644,0.8634375890666455,30,1
F0,1,3,0.7294464408829404,0.7459498758421351,30,1
F0,1,2,0.7296268854344369,0.626593797031032,30,1
F0,2,1,0.9550652532551933,0.8938903032826876,30,1
F0,2,1,0.6374791478784892,0.8568799055950187,30,1
F0,1,1,0.47955319335354324,0.8399588203601184,30,1
F0,0,1,0.29690262619492697,0.7876380454795797,30,1
F0,0,0,0.23955135055066212,0.840289359210156,30,1
F0,0,0,0.7561720424039112,0.8775792980013799,30,1
F0,0,0,0.9246317750651054,0.7866429465136779,30,1
F0,0,0,0.911445246908719,0.9097106811069201,30,1
F0,0,1,0.8015347883290296,0.8174290006605394,30,1
F0,0,1,0.8310093832422791,0.9396350121240015,30,1
F0,0,1,0.8807971166337012,0.8636348746174881,30,1
F0,0,1,0.6702049336280659,0.846221883506072,30,1
F0,0,1,0.7181905169709341,0.9353234079385935,30,1
F0,0,0,0.7055329613284009,0.8951129944975587,30,1
F0,2,0,0.7597955877903113,0.93318934885619,30,1
F0,1,0,0.6209301379828723,0.9132888182016369,30,1
F0,1,0,0.35552164824408083,0.9060131577319347,30,1
F0,0,0,0.22789664366062165,0.9237224423493079,30,1
F0,0,5,0.40220600615291235,0.8313150249594605,30,1
F0,0,5,0.6344533533740964,0.8179313814689211,30,1
F0,0,4,0.8015158257002692,0.8992399099123333,30,1
F0,0,4,0.8963505012520067,0.945951454528993,30,1
F0,1,4,0.8317178299955332,0.9181157132474462,30,1
F0,1,3,0.9258241771322125,0.9685375461557033,30,1
F0,1,3,0.6959863909195809,0.8315629176102594,30,1
F0,1,2,0.5249961092696228,0.8309927119460748,30,1
F0,0,2,0.5627991390686893,0.8233458690771635,30,1
F0,0,1,0.546682551261782,0.9009743268288494,30,1
F0,1,0,0.5404675654488059,0.9056596696715288,30,1
F0,1,1,0.4042452222870404,0.9326318935349933,30,1
F0,1,2,0.2504655503772235,0.8581536568172738,30,1
F0,1,2,0.46740811939851995,0.6824531515679317,30,1
F0,1,3,0.4329490765769015,0.8920752349016446,30,1
F0,1,4,0.5558857862259182,0.7958780520674713,30,1
F0,1,4,0.40767797696116487,0.9402092985683881,30,1
F0,1,5,0.43201560426151353,0.7909168337545724,30,1
F0,1,5,0.5029900658123169,0.8940827416022559,30,1
F0,1,5,0.4859415791387177,0.6952997367908867,30,1
F0,1,4,0.17940372946860075,0.7637704888611142,30,1
F0,1,4,0.47877370250419604,0.8993311195738833,30,1
F0,1,3,0.20237480352447682,0.6911571224823829,30,1
F0,1,3,0.2929685877488517,0.543870666374197,30,1
F0,0,2,0.7829752897084984,0.9165308897648468,30,1
F0,0,3,0.8853759215831472,0.9191389234363149,30,1
F0,0,3,0.8410171285302387,0.7971217334247833,30,1
F0,0,4,0.5082392114153308,0.7600615352972377,30,1
F0,0,5,0.4307340280370348,0.8857150069616819,30,1
F0,1,5,0.46046650942808987,0.8091540632318778,30,1
F0,1,5,0.7776720106701922,0.7112907933638514,30,1
F0,1,4,0.9145810984585129,0.8924831081079099,30,1
F0,1,4,0.7732575505865216,0.7452830673422444,30,1
F0,1,4,0.78630216833023,0.9044346631414962,30,1
F0,0,4,0.6802876038723876,0.9102773227958005,30,1
F0,0,3,0.8113494908792177,0.7338575841676555,30,1
F0,0,3,0.8308718576620392,0.8344324378540104,30,1
F0,0,3,0.6878485882454822,0.9246221903097263,30,1
F0,1,4,0.5172878635306186,0.8173516170253647,30,1
F0,0,5,0.20065046226919642,0.798924206153234,30,1
F0,0,4,0.26998125626923325,0.7795064893370462,30,1
F0,1,4,0.2803151257941292,0.6039458016507709,30,1
F0,2,3,0.3862186494202156,0.9304252139893578,30,1
F0,2,4,0.3706658600697209,0.8299050285208124,30,1
F0,2,4,0.45697772293804795,0.7398630986071166,30,1
F0,2,5,0.5008475921681463,0.724425903937861,30,1
F0,1,5,0.606376704723199,0.7580938523669963,30,1
F0,1,5,0.589552179105701,0.7291346859029078,30,1
F0,1,5,0.19676702998778703,0.8406662417751039,30,1
F0,1,4,0.19721771310833064,0.811373303012551,30,1
F0,1,4,0.28308995081808286,0.7533553955290508,30,1
F0,1,3,0.25873928218242614,0.7915479639004064,30,1
F0,0,5,0.32578775525501347,0.9412499242254241,30,1
F0,0,4,0.1741036588652581,0.8622694874592024,30,1
F0,1,3,0.3940128013786957,0.9314562096920679,30,1
F0,1,3,0.7104468124483908,0.7457272058312622,30,1
F0,1,3,0.7739086170024742,0.9070203263302983,30,1
F0,1,3,0.7380431823233646,0.9280704864416116,30,1
F0,1,3,0.4549630781121338,0.9439936903171582,30,1
F0,1,4,0.47735543255865326,0.7730348317492983,30,1
F0,1,4,0.436381186865889,0.8966733353940753,30,1
F0,1,5,0.4344623466507363,0.6714368673116632,30,1
F0,1,5,0.2095589752707325,0.9184758876165777,30,1
F0,1,5,0.05301897167429409,0.8975684224737417,30,1
F0,1,4,0.37890637500586366,0.5772634246616575,30,1
F0,1,3,0.2240298854436055,0.5443073471996137,30,1
F0,1,2,0.6178660524489848,0.6160120355935819,30,1
F0,1,3,0.1598646627471341,0.7103093679393168,30,1
F0,2,3,0.190439223655866,0.8954835849778309,30,1
F0,2,3,0.2954533115911961,0.6604886426431676,30,1
F0,2,3,0.38987142835928923,0.8468813062725098,30,1
F0,2,3,0.7170785896001964,0.8612323149816881,30,1
F0,2,3,0.7500642407741838,0.89656642550104,30,1
F0,2,3,0.6341787784015155,0.802542104913995,30,1
F0,2,4,0.7885938925246955,0.801028643265306,30,1
F0,2,4,0.7223006695936839,0.8741883365554757,30,1
F0,1,4,0.7730595331480989,0.7769700873831311,30,1
F0,1,4,0.7870195318299955,0.8530502165467293,30,1
F0,0,3,0.7256244794478818,0.7472242073787331,30,1
F0,0,4,0.8300078094961396,0.9031493720819639,30,1
F0,0,4,0.5986699799643532,0.9151685397247376,30,1
F0,0,5,0.8390758480871309,0.9041176851300374,30,1
F0,0,5,0.6857111623367746,0.9049079710439013,30,1
F0,0,5,0.6700485877496835,0.776753534965515,30,1
F0,0,4,0.5147611506869924,0.8072994821942282,30,1
F0,0,4,0.6882340418886352,0.8443540379867954,30,1
F0,1,2,0.8153349973843076,0.8439614443770036,30,1
F0,1,2,0.7866150312794495,0.8029650472587415,30,1
F0,0,2,0.47364447684525945,0.9182438040182033,30,1
F0,0,3,0.2604955834413418,0.883583579920445,30,1
F0,1,4,0.27866037373069724,0.8413638575839992,30,1
F0,1,4,0.2708663663346651,0.7206102243354939,30,1
F0,1,5,0.471275819671638,0.8575114501186614,30,1
F0,1,5,0.6013520921774438,0.8166035427998625,30,1
F0,1,5,0.8267558229056972,0.934522642863167,30,1
F0,1,5,0.9608782295905095,0.8235494231523021,30,1
F0,1,3,0.33659189596707,0.7717242452906009,30,1
F0,1,3,0.24497080647230163,0.8276066156560041,30,1
F0,2,3,0.16824537629819522,0.9082212494859166,30,1
F0,2,3,0.8259534732184558,0.9083492326555034,30,1
F0,2,3,0.5785764017685151,0.9470001973286835,30,1
F0,1,3,0.6745750486406487,0.8089797583590058,30,1
F0,1,3,0.4071291834399237,0.9218380038690164,30,1
F0,0,4,0.4499354576886883,0.7972888176134039,30,1
F0,0,5,0.2275567436300533,0.8200381649832567,30,1
F0,1,5,0.47690725264697137,0.8163754510422888,30,1
F0,0,3,0.25276364818000424,0.6387182937944724,30,1
F0,1,2,0.37192975546086426,0.7215911380666564,30,1
F0,1,2,0.3536563288501539,0.7812364190740837,30,1
F0,1,2,0.6686980485577404,0.8305593860966121,30,1
F0,1,2,0.5662235192784654,0.9217205186912681,30,1
F0,2,3,0.5321492891705119,0.8378526441311488,30,1
F0,2,3,0.7303749048248901,0.9067054732713841,30,1
F0,1,3,0.4918872267245858,0.8032081833182838,30,1
F0,1,3,0.7094226648819467,0.834284986794496,30,1
F0,1,4,0.7236420799281008,0.8552336465358263,30,1
F0,1,3,0.4810030911539993,0.8520280712595646,30,1
F0,1,3,0.4347771591712209,0.7615226885393565,30,1
F0,1,3,0.5953998935985982,0.7460320324023274,30,1
F0,1,3,0.47475959878929896,0.8191859597170413,30,1
F0,1,3,0.5676773958063878,0.8630544795759142,30,1
F0,1,4,0.3778640115747887,0.8177615298687642,30,1
F0,1,4,0.42739505509232467,0.9633785666504633,30,1
F0,1,4,0.4905172299817599,0.8350550435469831,30,1
F0,1,5,0.5580044408077207,0.8878159337624764,30,1
F0,1,5,0.6547916821754541,0.8975080961130578,30,1
F0,0,2,0.3856632800491015,0.6979429129852917,30,1
F0,0,2,0.18653707470245337,0.7332660129161261,30,1
F0,0,2,0.3667689222583465,0.8391891222249958,30,1
F0,0,2,0.8120859090607314,0.7348403933258127,30,1
F0,0,2,0.5574356078721162,0.8774818027122769,30,1
F0,0,3,0.7833788052431183,0.7806188666633668,30,1
F0,0,3,0.8092731016717544,0.8743524058232527,30,1
F0,0,4,0.7135590028883029,0.7867477487900841,30,1
F0,0,4,0.9097158121649916,0.8388697628161527,30,1
F0,0,4,0.7697720473072445,0.8686794324970954,30,1
F0,1,4,0.5924132173368858,0.7069954240041791,30,1
F0,1,4,0.14851059687019616,0.8250107281779424,30,1
F0,1,3,0.2233624781196333,0.8346446468860216,30,1
F0,1,2,0.17171631843639804,0.7174327709073235,30,1
F0,1,2,0.21944433466377364,0.914681611986569,30,1
F0,2,2,0.650193333478459,0.9427509763232034,30,1
F0,2,2,0.5685129350118533,0.9640390682364847,30,1
F0,2,2,0.35937296902213783,0.8816482851617343,30,1
F0,2,2,0.3623391460784789,0.8374398283105676,30,1
F0,2,2,0.6840516190109454,0.9442322809450905,30,1
F0,0,2,0.6302931167907014,0.8120148805831299,30,1
F0,0,2,0.2733069501119335,0.7461882121992287,30,1
F0,1,2,0.541320565421432,0.8664856050225568,30,1
F0,1,2,0.4849498429867574,0.7029931849820753,30,1
F0,1,2,0.6758621216806594,0.854696407242313,30,1
F0,1,3,0.4896852611786246,0.8142636050943656,30,1
F0,1,3,0.4555853619615442,0.9271846854972297,30,1
F0,1,3,0.6913425188932294,0.9224183154776825,30,1
F0,1,3,0.8255207980812559,0.768102145690089,30,1
F0,1,3,0.7351686460410963,0.8666005996638417,30,1
F0,0,5,0.4517080299256084,0.8435194430804098,30,1
F0,0,5,0.765804078020207,0.791743977452524,30,1
F0,0,5,0.8180576679850023,0.9171392505933871,30,1
F0,0,4,0.4503587236835034,0.7905537922740078,30,1
F0,0,2,0.3200581929381309,0.8459829222959352,30,1
F0,0,2,0.4634053121770423,0.9008128076580321,30,1
F0,1,2,0.31866601664491395,0.8782379597407611,30,1
F0,1,2,0.355443270677038,0.8512480269728999,30,1
F0,1,2,0.39240080864599003,0.9308240357011671,30,1
F0,2,2,0.4245895496244884,0.9010013406009428,30,1
F0,0,3,0.5416813936080325,0.9029757509882028,30,1
F0,0,2,0.523811014801704,0.8122620502481642,30,1
F0,0,1,0.6687034948035416,0.7902731892894809,30,1
F0,0,1,0.6067856104157805,0.7865900090210096,30,1
F0,1,0,0.7156941168537087,0.8207000529184627,30,1
F0,0,0,0.6501154785897119,0.9322600566798134,30,1
F0,0,1,0.7758183822772895,0.9494144931688178,30,1
F0,0,1,0.7625195331129335,0.9383572641147052,30,1
F0,0,1,0.7271750391548508,0.904021228595444,30,1
F0,0,1,0.5650461560603962,0.9097530225041556,30,1
F0,0,5,0.3770996961386663,0.6978048126767098,30,1
F0,0,5,0.5327722464801098,0.7739432422753995,30,1
F0,0,4,0.47303593667612404,0.8146550855947424,30,1
F0,0,3,0.594615414654916,0.7704305827019601,30,1
F0,0,3,0.44140204858736554,0.9455123757514714,30,1
F0,0,3,0.39806373399834705,0.9106887447844307,30,1
F0,1,3,0.6155139232776085,0.909766469038744,30,1
F0,1,3,0.41098352319587655,0.9503735090900977,30,1
F0,1,2,0.5363667749646613,0.8957053717474105,30,1
F0,1,2,0.5654843555193366,0.9625079386619485,30,1
F0,0,2,0.6100975872895708,0.6627108041028789,30,1
F0,1,2,0.7965084983440759,0.7649282669144256,30,1
F0,1,2,0.4754691440765371,0.8741571905022908,30,1
F0,1,2,0.38660595668960474,0.8273827091050594,30,1
F0,1,2,0.3887772460769529,0.881706178231183,30,1
F0,1,2,0.7643677393379003,0.8372642919418698,30,1
F0,1,2,0.7534412104840117,0.8640383801159922,30,1
F0,1,2,0.8038290291844156,0.945843279211179,30,1
F0,1,2,0.7791295997141532,0.8770362581220043,30,1
F0,1,2,0.6233884182667434,0.9328172159682903,30,1
F0,1,0,0.8157945253608743,0.7072211856350034,30,1
F0,1,0,0.743650034283751,0.8498020552849397,30,1
F0,0,0,0.303855771138137,0.8796327221333683,30,1
F0,0,1,0.3754197882673185,0.8312569417992518,30,1
F0,0,3,0.23149711956419106,0.867896694749146,30,1
F0,1,4,0.2543119234661441,0.8551017626098092,30,1
F0,1,5,0.2773357379209792,0.8974846757778964,30,1
F0,1,5,0.4181749369051999,0.853802981705483,30,1
F0,2,4,0.45292720688392013,0.7819608481567062,30,1
F0,2,5,0.6929944070467332,0.8691823666383306,30,1
F0,1,2,0.3719251313296648,0.8503059174844495,30,1
F0,1,2,0.18696439547430987,0.9161112997880836,30,1
F0,1,3,0.1990205039981492,0.8388647785422025,30,1
F0,2,3,0.6832011243322903,0.9013987662818326,30,1
F0,2,3,0.7381246000967913,0.8999012267163954,30,1
F0,1,3,0.698305180886952,0.8784550299016296,30,1
F0,1,3,0.6755465282882507,0.8920874707283691,30,1
F0,1,3,0.5385698490887512,0.7289945835248263,30,1
F0,1,4,0.3546791961963085,0.825433330577172,30,1
F0,1,5,0.2360490101912752,0.8758311637459592,30,1
F0,1,0,0.4542078871601018,0.9336290957411303,30,1
F0,1,1,0.43833500831493216,0.8733465300997907,30,1
F0,1,1,0.5390759342473069,0.927127215785777,30,1
F0,2,1,0.5362593285494579,0.9245475524125778,30,1
F0,2,2,0.2517834147972641,0.8823899502680039,30,1
F0,2,2,0.46314783994120345,0.912123396715115,30,1
F0,2,2,0.452254517652761,0.9463961133715773,30,1
F0,2,3,0.35039766749057266,0.8075384619444456,30,1
F0,3,3,0.3452868089240127,0.7876247338191991,30,1
F0,3,3,0.47245712942462653,0.9101674004290785,30,1
F0,1,1,0.4970383030041076,0.8741572831246028,30,1
F0,1,2,0.3915054564886862,0.8905296700774964,30,1
F0,1,3,0.47987593094103587,0.9242178022850336,30,1
F0,1,3,0.49992931917380307,0.8892924675022488,30,1
F0,2,3,0.4936390158453457,0.9370033927124333,30,1
F0,2,3,0.39907431818638767,0.8847646070976665,30,1
F0,2,4,0.4459185130336336,0.9201841438204337,30,1
F0,2,4,0.6375649042485744,0.824534240569279,30,1
F0,2,4,0.45229176324743653,0.8715177281452251,30,1
F0,2,4,0.6816020081319588,0.9211378547631353,30,1
F0,1,0,0.49887526739694826,0.8231967233126938,30,1
F0,1,0,0.23032345199381268,0.8551023677530178,30,1
F0,1,0,0.4434342824912165,0.8818306380208351,30,1
F0,1,0,0.7415906644163393,0.7917140237968119,30,1
F0,1,0,0.6097636021762863,0.936214558627238,30,1
F0,1,0,0.7739577433997568,0.8399351984399345,30,1
F0,0,1,0.5640137288927368,0.8652849808736625,30,1
F0,0,2,0.47437250378865176,0.8247406204382819,30,1
F0,1,3,0.4729110213283379,0.9178243674754666,30,1
F0,1,3,0.4964639794075692,0.9322686749969012,30,1
F0,1,4,0.247179170318352,0.9623344702703693,30,1
F0,1,4,0.25253886285367333,0.8443464953878225,30,1
F0,1,4,0.6351545433414544,0.8988313333622409,30,1
F0,1,3,0.22136821691967765,0.8655626752392919,30,1
F0,1,2,0.36187563936732153,0.8764927812991543,30,1
F0,0,1,0.2019082580410807,0.8524831510889349,30,1
F0,1,1,0.2632137850266551,0.8819695476188734,30,1
F0,1,0,0.11331921143987116,0.9401432742659631,30,1
F0,0,0,0.29903411957042747,0.7818918131952863,30,1
F0,0,1,0.4705947441398252,0.8450583005309178,30,1
F0,0,5,0.30433962066093984,0.7949676199458786,30,1
F0,0,3,0.23500174439391866,0.8877903722492348,30,1
F0,0,2,0.26109082736708444,0.7651133217554942,30,1
F0,1,1,0.20749211415198565,0.868571904693046,30,1
F0,1,1,0.6894729296350613,0.8960598852971946,30,1
F0,1,1,0.6954288187099359,0.8572245074195389,30,1
F0,1,1,0.6566663055541954,0.9322788713125204,30,1
F0,1,1,0.5565279088207363,0.9327215899081472,30,1
F0,1,1,0.7254215643913383,0.866212186756777,30,1
F0,1,1,0.7178918235223838,0.8918701739984821,30,1
F0,1,4,0.5130293567918086,0.7289441226287642,30,1
F0,1,4,0.4021990289010156,0.8704493893407121,30,1
F0,1,4,0.5297856453188348,0.8057144774871786,30,1
F0,1,3,0.3271621252695059,0.8336455138561817,30,1
F0,0,3,0.5385294935597104,0.8906001906567199,30,1
F0,0,2,0.5068199957582422,0.8802580120336883,30,1
F0,0,2,0.5156178898895086,0.8750940651798393,30,1
F0,0,2,0.3867437000011446,0.9272581732853308,30,1
F0,0,1,0.5196090370880967,0.8459358988207779,30,1
F0,0,1,0.6889788368985089,0.8767342134803368,30,1
F0,0,3,0.36398194899961345,0.8747319279553992,30,1
F0,0,3,0.23769645871133074,0.8563808651414809,30,1
F0,0,2,0.47922967312359627,0.9046759674923621,30,1
F0,0,0,0.20260775518768326,0.7793634634327086,30,1
F0,0,0,0.40143775755306904,0.8532252028765913,30,1
F0,1,0,0.401545536189906,0.853457895297053,30,1
F0,1,0,0.6005158929561493,0.9204375382017274,30,1
F0,1,0,0.8262993224500983,0.8886334390192506,30,1
F0,1,0,0.8013930324295723,0.7992986156422229,30,1
F0,1,0,0.7645148281830701,0.9204095136209075,30,1
F0,1,1,0.699011238970242,0.8667374258765649,30,1
F0,1,0,0.650847623589143,0.8992339043684827,30,1
F0,1,0,0.5803083755847632,0.8667605562971323,30,1
F0,1,0,0.7785188747365478,0.83067751788241,30,1
F0,1,0,0.3837152860854897,0.9617106707900482,30,1
F0,1,1,0.32279801613436704,0.9582240906330337,30,1
F0,1,2,0.16763458416266352,0.906992875052305,30,1
F0,1,3,0.47271586951711325,0.9018492238707941,30,1
F0,1,2,0.4917773898038771,0.9238953239646136,30,1
F0,2,2,0.6968750485796787,0.9037338002401439,30,1
F0,0,0,0.4531373813788762,0.8725607328332955,30,1
F0,0,1,0.6386457911898791,0.9024002504497051,30,1
F0,0,1,0.4825822142208544,0.837561498372497,30,1
F0,0,2,0.5963705996906348,0.8558092443109273,30,1
F0,0,4,0.5008295334691774,0.8617575042644218,30,1
F0,0,5,0.5661417393871426,0.9470409838214181,30,1
F0,1,5,0.3700367720703701,0.9180416293727709,30,1
F0,1,5,0.5392452259196562,0.8822604710771235,30,1
F0,1,4,0.5101274859904775,0.8855656969013797,30,1
F0,1,3,0.3594350145932241,0.8869488794510139,30,1
F0,1,1,0.6005131460081686,0.8082269714798879,30,1
F0,2,1,0.7536143182258049,0.8614627309399319,30,1
F0,2,1,0.5569466629128779,0.9243846533226395,30,1
F0,2,1,0.7881302879757213,0.7551142453681351,30,1
F0,1,1,0.7422852387489933,0.86146616068656,30,1
F0,1,1,0.5616107070940227,0.9204479025740332,30,1
F0,1,2,0.28337011706050047,0.9019567722644349,30,1
F0,0,1,0.19706353086183181,0.8600491660219455,30,1
F0,0,0,0.2846160892439921,0.8731061475416223,30,1
F0,1,1,0.6296077722925056,0.9032820383880468,30,1
F0,0,3,0.515935007637636,0.8378823458882493,30,1
F0,0,5,0.609398035278624,0.9173233846097748,30,1
F0,0,5,0.41517193622373555,0.9050731487723448,30,1
F0,1,5,0.6955948370241739,0.9268416320118525,30,1
F0,1,5,0.47953521970298096,0.8631536005111952,30,1
F0,1,5,0.5184150093877403,0.9512552222690267,30,1
F0,1,4,0.658672303586261,0.9282726008722992,30,1
F0,1,4,0.3785858458052606,0.9559783358446051,30,1
F0,0,4,0.5555082286848537,0.8716476931515931,30,1
F0,0,4,0.586338709786156,0.9127543859520334,30,1
F0,0,1,0.7813806410011018,0.7175771839923618,30,1
F0,0,2,0.6214551098444536,0.9001010101891885,30,1
F0,0,3,0.5172497285058664,0.8308971786262045,30,1
F0,1,3,0.772282069558079,0.8664184873904994,30,1
F0,1,3,0.4717840613100493,0.8648442501343898,30,1
F0,1,2,0.622492062676919,0.8961322907904745,30,1
F0,1,2,0.8546874292114327,0.9075461000293102,30,1
F0,1,2,0.6867790621673316,0.9441080665016477,30,1
F0,1,2,0.7661363540895776,0.8405935727605804,30,1
F0,1,2,0.775013955034274,0.8758533036311735,30,1
F0,0,1,0.47364675574042403,0.8852973737494197,30,1
F0,0,1,0.6575207626065649,0.9581872106000417,30,1
F0,0,1,0.5460620015088792,0.9141996140088484,30,1
F0,0,1,0.5974990135761052,0.9476597298285888,30,1
F0,0,1,0.44416806022152505,0.9460887555332778,30,1
F0,1,1,0.4761512254939846,0.9685908616171174,30,1
F0,0,1,0.5841136683397016,0.9026667850534542,30,1
F0,0,1,0.3893594341329066,0.9421507658325031,30,1
F0,0,0,0.5691459861422672,0.9345325030363575,30,1
F0,0,0,0.5318165998186483,0.9457338204009202,30,1
F2,0,0,0.7475757861331691,0.9757084404146505,30,1
F2,0,0,0.7422871675334258,0.9671243645974166,30,1
F2,0,0,0.6788464680636647,0.9591113418720911,30,1
F2,0,0,0.6006540969453459,0.9711644723674119,30,1
F2,0,0,0.3868987411683098,0.9723418414944975,30,1
F2,0,1,0.64865371427205,0.9668982253908606,30,1
F2,0,5,0.5490804431147598,0.924808341891035,30,1
F2,0,5,0.29209078150665435,0.9749653240373986,30,1
F2,0,5,0.3497353037899012,0.8926612855261923,30,1
F2,0,4,0.4400925883482066,0.910290472447302,30,1
F2,0,4,0.6615855247923113,0.885653116202507,30,1
F2,0,4,0.7725815992637616,0.8873758907897304,30,1
F2,0,3,0.36555577982203186,0.900481710292588,30,1
F2,0,2,0.4489146754618738,0.8598880580990095,30,1
F2,1,2,0.4202207887380359,0.7783118726889396,30,1
F2,1,2,0.4130919536099896,0.8441598218576284,30,1
F2,1,2,0.6747130662245555,0.8743861709469831,30,1
F2,2,3,0.43920834672900544,0.8604267802499772,30,1
F2,0,4,0.6075473619233168,0.9021347295501909,30,1
F2,0,5,0.3042460203084412,0.8175039052406702,30,1
F2,0,5,0.5114872274281005,0.8944602676833207,30,1
F2,0,5,0.4894139314945896,0.8863408064094495,30,1
F2,0,5,0.3760954387406653,0.9310739084213979,30,1
F2,0,4,0.3856661187437072,0.8476228387652041,30,1
F2,0,2,0.4861316305789838,0.7267426792660412,30,1
F2,0,2,0.38304269332061053,0.8694392253837074,30,1
F2,0,1,0.4745453672464934,0.764349525339429,30,1
F2,0,1,0.36978192425175777,0.8326451984015808,30,1
F2,0,1,0.6488161442262729,0.8060772824816248,30,1
F2,0,1,0.8410624309022358,0.7148392966549089,30,1
F2,0,1,0.4468803329855765,0.8979578652834104,30,1
F2,0,1,0.3775563802835609,0.8782155999629294,30,1
F2,0,1,0.34894386257573834,0.9424508430808329,30,1
F2,0,2,0.36166090655310357,0.9567349742764366,30,1
F2,0,2,0.7032437073138013,0.9398619851794148,30,1
F2,0,2,0.8538330267297246,0.942207399875908,30,1
F2,0,5,0.5214847257317509,0.8910178075634868,30,1
F2,0,5,0.5959295983955247,0.8796581317074648,30,1
F2,0,5,0.5223649948210182,0.9261195387813649,30,1
F2,0,5,0.5176154329835834,0.8734881291598643,30,1
F2,0,1,0.5793318222728477,0.9211010289511249,30,1
F2,0,0,0.6002602819428611,0.8666517189172206,30,1
F2,1,5,0.4162032952528066,0.9356000873529254,30,1
F2,1,5,0.22600659216209823,0.9649764742215601,30,1
F2,1,5,0.4085045449360202,0.9273614520907366,30,1
F2,0,5,0.6376172133640723,0.9012128187730236,30,1
F2,0,5,0.2725563139767014,0.839168669437802,30,1
F2,0,4,0.536407252208102,0.9090918175002564,30,1
F2,1,4,0.39497020453450205,0.8892841307393771,30,1
F2,1,3,0.5388164535848228,0.885689601677912,30,1
F2,1,3,0.2951090111575557,0.8060902400357869,30,1
F2,1,3,0.43547329298407444,0.837354163393506,30,1
F2,2,3,0.3295083474129499,0.9249705408113805,30,1
F2,2,3,0.5190968030997973,0.837168094585709,30,1
F2,0,5,0.6783399164042571,0.8655152102303167,30,1
F2,0,5,0.21700184216647295,0.8405342290289299,30,1
F2,0,5,0.4223445364874476,0.8676955584932402,30,1
F2,0,5,0.754410541568852,0.8766761067526697,30,1
F2,0,5,0.7198066750613306,0.8822055030172622,30,1
F2,0,5,0.5863830494020216,0.8135759360774639,30,1
F2,0,4,0.5961837975159503,0.7183600143679211,30,1
F2,0,4,0.4834672276837272,0.8851692524340742,30,1
F2,0,4,0.4680733749844097,0.7872963414305502,30,1
F2,0,4,0.3003260708603732,0.8133251063018156,30,1
F2,0,4,0.2300239042098711,0.8132615319935483,30,1
F2,0,5,0.5485621416477457,0.6955160690625124,30,1
F2,0,4,0.2795125748050947,0.8869707126957984,30,1
F2,0,4,0.13632345273586208,0.8698720651626437,30,1
F2,0,4,0.45476014046818564,0.9615574640919721,30,1
F2,0,3,0.3091327035073669,0.9552007068258247,30,1
F2,0,3,0.2477854300929731,0.8990854679757506,30,1
F2,0,3,0.5533879223952544,0.9686845466417293,30,1
F2,1,5,0.5914777354414241,0.9045594878833442,30,1
F2,1,5,0.7563846763698155,0.9077300064181493,30,1
F2,1,5,0.3497620062133975,0.9370251139111045,30,1
F2,0,5,0.19811865452932448,0.861376280452552,30,1
F2,0,4,0.1590773953625949,0.9196839384457096,30,1
F2,0,2,0.33943254030736775,0.8462907382378846,30,1
F2,0,1,0.5206647922435778,0.8929769478843529,30,1
F2,0,1,0.5309742482738417,0.9191130366503055,30,1
F2,1,1,0.6311905208214015,0.8793063980335513,30,1
F2,1,2,0.48572009773718006,0.8093771075802013,30,1
F2,1,2,0.9075340462047895,0.809548754695351,30,1
F2,1,2,0.3694427491315441,0.7371548283382728,30,1
F2,0,1,0.6327109625204907,0.7924145267172611,30,1
F2,0,1,0.6925434337619456,0.8183868322741134,30,1
F2,0,1,0.5052171619010701,0.8094886072382178,30,1
F2,0,2,0.6855424287340565,0.9116246513404743,30,1
F2,0,2,0.16737761581332214,0.9406935408106168,30,1
F2,0,2,0.2940592804295744,0.7846260176650263,30,1
F2,0,1,0.5434653945230172,0.7721404966508627,30,1
F2,0,1,0.5863234741749372,0.8875028731970481,30,1
F2,0,1,0.40286147974590936,0.8453791948266366,30,1
F2,0,1,0.3535276100677586,0.8395210432794696,30,1
F2,0,1,0.8070275006527379,0.8432016981511923,30,1
F2,0,1,0.8183133882418638,0.6124254278347875,30,1
F2,0,0,0.4935549574458405,0.8967129241653471,30,1
F2,0,0,0.7104088217549884,0.8585750943948289,30,1
F2,0,0,0.5907389315962097,0.9366759157278937,30,1
F2,0,0,0.36021613306879047,0.9068670574080933,30,1
F2,0,0,0.92079793015361,0.9293162701127402,30,1
F2,0,1,0.8279131006454602,0.8843230713240264,30,1
F2,0,4,0.6767947825268044,0.8980257109324331,30,1
F2,0,4,0.3393298635399226,0.8898885441746698,30,1
F2,0,3,0.5795520671692709,0.925148311853553,30,1
F2,0,2,0.23683664178092753,0.8325656742351729,30,1
F2,0,0,0.6081113929470737,0.8744582533679103,30,1
F2,0,0,0.6730005034324203,0.9354373944930046,30,1
F2,1,3,0.6425637952707861,0.691287622570344,30,1
F2,1,3,0.32026780085596623,0.7867622728943213,30,1
F2,1,3,0.332996187878938,0.7047734714133888,30,1
F2,2,3,0.25001530157629537,0.8672389131800854,30,1
F2,2,3,0.22414493746931638,0.8578041420742138,30,1
F2,3,3,0.482393661117716,0.8441402194077088,30,1
F2,1,2,0.7922111928210794,0.8046485605057611,30,1
F2,1,2,0.8687605445398064,0.923625649253015,30,1
F2,2,3,0.6636985164370678,0.935653958009786,30,1
F2,2,2,0.8648527778762987,0.7946732776473872,30,1
F2,3,2,0.8059573722416333,0.8307556135451926,30,1
F2,3,2,0.35370926852346907,0.8530844239984593,30,1
F2,0,2,0.515253608621403,0.8386566087975014,30,1
F2,0,2,0.37945856989992927,0.7908507234372898,30,1
F2,0,3,0.7044997153096648,0.8258381627042428,30,1
F2,1,3,0.8736594105232925,0.8766264067957736,30,1
F2,1,2,0.9182770826800233,0.8700893147395864,30,1
F2,2,2,0.36013482490728976,0.8335809075235249,30,1
F2,1,4,0.7720790688231135,0.92547967123344,30,1
F2,1,4,0.7680144054334869,0.8755594541257822,30,1
F2,2,4,0.549576518551681,0.8314667443219055,30,1
F2,2,3,0.5097507336455016,0.9360058845655607,30,1
F2,2,2,0.5511593595108252,0.8928210836789761,30,1
F2,2,2,0.3429463950182681,0.7039925109310665,30,1
F2,0,2,0.8181184326216944,0.5579105197006007,30,1
F2,0,1,0.3756170267570617,0.7779869324825083,30,1
F2,0,1,0.33258428669560736,0.7001210316674268,30,1
F2,0,1,0.20552923476897514,0.8525673135514833,30,1
F2,0,0,0.29908887880133644,0.8376675295768942,30,1
F2,0,0,0.36461712651648276,0.7236837036607049,30,1
F2,0,1,0.2520127665675432,0.817376147366197,30,1
F2,0,1,0.8182824438614738,0.9051970319757903,30,1
F2,0,1,0.34286834410436634,0.9014404971273227,30,1
F2,0,1,0.2587692779666059,0.8981385586727475,30,1
F2,0,1,0.2023704964120857,0.9713312180619208,30,1
F2,0,1,0.35671863046879204,0.8003066468236576,30,1
F2,0,5,0.7815472698645143,0.7025126754439035,30,1
F2,0,5,0.13686793792125052,0.9139765402276923,30,1
F2,0,5,0.5125730099737629,0.8476267706751877,30,1
F2,0,5,0.269315999605202,0.8937397692545728,30,1
F2,0,1,0.34970006374037477,0.929588878238039,30,1
F2,0,1,0.42446890099368895,0.7398585682773923,30,1
F2,0,2,0.30746480144248234,0.6768461190218191,30,1
F2,0,3,0.43480779580102474,0.7699840056333016,30,1
F2,0,3,0.7392799726226303,0.8036934147263034,30,1
F2,0,3,0.9397388885068979,0.8163333218504305,30,1
F2,0,3,0.8463896811662787,0.8429344503973385,30,1
F2,0,3,0.9550315237817347,0.6925358476940467,30,1
F2,1,5,0.8541503845094522,0.7669895607049945,30,1
F2,1,5,0.7270825513139115,0.8401618737585216,30,1
F2,1,5,0.33395639530190047,0.8223092266628289,30,1
F2,0,4,0.6448979557692027,0.7976381064698144,30,1
F2,0,3,0.6732997165647139,0.8333173713600681,30,1
F2,0,2,0.7177403810108848,0.5848743006558694,30,1
F2,1,5,0.3187460777144809,0.8247251376009935,30,1
F2,1,5,0.16189034711493636,0.9030462364264781,30,1
F2,1,4,0.34982990822133037,0.9616021427344699,30,1
F2,0,4,0.6360913231222093,0.9006832599218302,30,1
F2,0,3,0.6328822768308019,0.9359297826616733,30,1
F2,0,1,0.7167083835646585,0.8445401095168423,30,1
F2,2,1,0.4722255987548097,0.7660300120528777,30,1
F2,2,2,0.6700776836176897,0.7986932627470621,30,1
F2,2,2,0.2679169801709683,0.659304004113483,30,1
F2,2,3,0.27015651265018187,0.8683332407705064,30,1
F2,2,3,0.5865337950053702,0.7563724179429763,30,1
F2,2,3,0.5244200022809545,0.7101018469670421,30,1
F2,2,4,0.49579753872552856,0.8357480007713591,30,1
F2,1,4,0.5505720094224282,0.8763361773385218,30,1
F2,1,4,0.47587499460968297,0.7832102995631658,30,1
F2,1,5,0.44040411264402796,0.9101595382817351,30,1
F2,0,5,0.6551806335852148,0.8905552908384881,30,1
F2,0,4,0.4427458219551621,0.8050986605736357,30,1
F2,0,3,0.7286131079708115,0.8700242664193195,30,1
F2,0,2,0.2838839207469419,0.7655049604252748,30,1
F2,0,0,0.5545458313092605,0.707132144247905,30,1
F2,0,1,0.674279882575609,0.8247663087991562,30,1
F2,0,1,0.8481398724911418,0.7346126514355715,30,1
F2,0,2,0.8344483251451527,0.7855167122028353,30,1
F2,0,4,0.6978548876576688,0.7616833488928308,30,1
F2,0,5,0.7257736411867508,0.7298692200885056,30,1
F2,0,5,0.9017721424050849,0.810347526381389,30,1
F2,0,4,0.787541226191546,0.9190202158297055,30,1
F2,0,4,0.7858213021119071,0.8432775568423365,30,1
F2,0,2,0.716966979651378,0.9206313737132323,30,1
F2,0,1,0.706396866651993,0.9026763411182315,30,1
F2,0,1,0.532164073413721,0.7223752260428077,30,1
F2,1,0,0.38816666391884874,0.7350194768395567,30,1
F2,1,0,0.42865266815910846,0.81151604778765,30,1
F2,1,0,0.7341338383483429,0.7711192416605059,30,1
F2,1,0,0.8158877808133953,0.7805743130194268,30,1
F2,1,4,0.2648594049477742,0.966849827583037,30,1
F2,1,4,0.4254041824046746,0.8650387950385665,30,1
F2,2,4,0.5221337565367578,0.8144900443871302,30,1
F2,2,4,0.7275022862458552,0.8696272017715159,30,1
F2,2,4,0.7649346316344052,0.817808769106769,30,1
F2,2,4,0.7881276320194748,0.8328950693257801,30,1
F2,1,4,0.4700838780749012,0.9082380905352243,30,1
F2,1,5,0.43144412866068493,0.9432202950304172,30,1
F2,0,5,0.48696815081062106,0.9346841215562038,30,1
F2,0,4,0.5967189159060544,0.9068780156356795,30,1
F2,0,3,0.5433111807510572,0.8446131526449716,30,1
F2,0,2,0.5197641968803173,0.8365972814831606,30,1
F2,1,2,0.532437125189116,0.8036444295790024,30,1
F2,1,1,0.5575283118903687,0.8704517599501758,30,1
F2,1,1,0.2795767429671789,0.8555760815913489,30,1
F2,3,2,0.4472526924940381,0.822892513999545,30,1
F2,3,2,0.6690422515327696,0.7762918675980539,30,1
F2,3,2,0.17814773696845296,0.6955106212801483,30,1
F2,4,3,0.2532574675262984,0.7884709879376415,30,1
F2,3,3,0.23455044792490135,0.8212559302243603,30,1
F2,3,3,0.2913988383168022,0.828823762931807,30,1
F2,2,4,0.4152985485810775,0.805074187262749,30,1
F2,2,4,0.5785088497251755,0.7908505096913676,30,1
F2,2,4,0.5305840904644116,0.7969581094478134,30,1
F2,1,4,0.3058627621939387,0.8139846835006391,30,1
F2,1,4,0.39075667771220046,0.9277197179923407,30,1
F2,1,4,0.6067256272493388,0.800346770792003,30,1
F2,1,3,0.7328934226250046,0.7475531861339615,30,1
F2,0,3,0.25590791892871195,0.6971476117813162,30,1
F2,0,3,0.38436830418887064,0.740795362195756,30,1
F2,2,3,0.6393794166036236,0.7268400586928209,30,1
F2,3,3,0.7150082215495827,0.6727612485872149,30,1
F2,2,3,0.8392877966400276,0.7417583159375807,30,1
F2,2,3,0.8001666950097548,0.8792973554954447,30,1
F2,2,3,0.3800975142871825,0.793884161877029,30,1
F2,2,3,0.30349691911607146,0.878995019744813,30,1
F2,1,3,0.49222262094902436,0.6981119097138195,30,1
F2,1,3,0.6540932912170693,0.9275975262294122,30,1
F2,1,2,0.8132725764283959,0.8076917554814257,30,1
F2,1,2,0.8401649343466059,0.9327369088507534,30,1
F2,1,2,0.7204316536585826,0.8261622767153325,30,1
F2,1,2,0.8215320079649459,0.9036336706981308,30,1
F2,1,2,0.78089139259611,0.9859529657885262,30,1
F2,1,2,0.8055149972767531,0.6768230623558645,30,1
F2,1,2,0.4065262623505508,0.7243476133840192,30,1
F2,2,2,0.34244663923741814,0.7921639371792366,30,1
F2,3,2,0.5883064125120037,0.768083921050709,30,1
F2,3,2,0.5798872744714013,0.7464370302160273,30,1
F2,3,3,0.8567219616642383,0.9449482218255908,30,1
F2,3,3,0.6753744326377334,0.9128346178846142,30,1
F2,3,3,0.38592178664192733,0.9163023166086663,30,1
F2,2,3,0.5820313791104567,0.8874974091910095,30,1
F2,2,3,0.5951802239773302,0.9644735780007936,30,1
F2,2,4,0.6788399833869342,0.7775765315594612,30,1
F2,1,4,0.6612110121577776,0.7996416883685497,30,1
F2,1,4,0.6590911685432692,0.5503527406266777,30,1
F2,1,3,0.37407555358342953,0.8615171062069393,30,1
F2,1,3,0.40520715546768726,0.8873568959213805,30,1
F2,1,2,0.5688833405225657,0.7625287712086836,30,1
F2,1,2,0.8356474405069922,0.8824268341835713,30,1
F2,0,0,0.3150284459136673,0.7613148932915811,30,1
F2,0,1,0.3892099541459843,0.8150959205764501,30,1
F2,0,3,0.5925734606809068,0.7611928732517484,30,1
F2,1,3,0.4643858187984513,0.7851122895644076,30,1
F2,1,4,0.7657673569461882,0.5501246551107892,30,1
F2,1,4,0.9624603141216307,0.7401454076656517,30,1
F2,1,4,0.7707217155059092,0.6198259419490264,30,1
F2,1,4,0.7818165199274232,0.9105473803062986,30,1
F2,0,3,0.8077415067608666,0.9255289540568067,30,1
F2,0,3,0.881200311316182,0.8197665664677186,30,1
F2,1,3,0.8186574423178089,0.8920911924880264,30,1
F2,1,3,0.7769252452787216,0.7531019645180701,30,1
F2,1,3,0.7186977524665384,0.8059841008668835,30,1
F2,1,3,0.6398623664204662,0.6542718574048799,30,1
F2,1,2,0.7423394944286363,0.8216410934578956,30,1
F2,2,3,0.7574296775455706,0.9049717970028948,30,1
F2,3,3,0.5965745215167275,0.773697317755127,30,1
F2,3,3,0.13122939775814882,0.8688016038496728,30,1
F2,3,2,0.29724603968714436,0.8020840302412995,30,1
F2,3,2,0.6845550437825956,0.9425701312553504,30,1
F2,3,2,0.5882493391417278,0.7653064891789289,30,1
F2,3,2,0.3600188471368617,0.8671576062037021,30,1
F2,2,1,0.33639331153433527,0.8097017933057623,30,1
F2,2,1,0.27446140044627754,0.7590581207270832,30,1
F2,2,0,0.19550873908044297,0.9042897278942201,30,1
F2,2,0,0.2194754833522916,0.7837150320232725,30,1
F2,2,0,0.7640361328479099,0.7383423478997674,30,1
F2,2,0,0.6653016917564184,0.750300743460498,30,1
F2,2,0,0.44932147895643837,0.8654020439551686,30,1
F2,1,0,0.4680289419206103,0.8278519851294316,30,1
F2,2,4,0.720040336788075,0.7321837944632855,30,1
F2,3,5,0.5909127675877126,0.771151802047041,30,1
F2,2,5,0.5436296496012354,0.8395687557874993,30,1
F2,2,4,0.5305721470281526,0.866881447208346,30,1
F2,2,4,0.5789701178620391,0.8483008287344443,30,1
F2,1,4,0.32151674634343963,0.8462195469704957,30,1
F2,1,4,0.11435031889604469,0.8920072067920504,30,1
F2,0,3,0.2003744301766318,0.837984291524823,30,1
F2,0,1,0.11807603655957169,0.7785124810631417,30,1
F2,0,0,0.3244911794563821,0.9252678608574797,30,1
F2,1,0,0.32401465294858245,0.8188826234712869,30,1
F2,0,0,0.7516069661075541,0.7992143426406201,30,1
F2,1,0,0.7511733507139455,0.7996625255173611,30,1
F2,0,1,0.5878706362758145,0.8656144264374378,30,1
F2,0,2,0.6055870746472434,0.8246296851310955,30,1
F2,1,3,0.8530883941970896,0.8065321842356109,30,1
F2,1,3,0.6085238916663381,0.7340986839528698,30,1
F2,1,3,0.708767772033298,0.914046677287132,30,1
F2,1,3,0.7633390154218122,0.7845882117445828,30,1
F2,1,3,0.6219789504108194,0.8006636760444692,30,1
F2,1,4,0.7380988671208057,0.6795746029342101,30,1
F2,1,4,0.9022451630802729,0.6802327001295074,30,1
F2,1,4,0.9341191476019345,0.7447192530184112,30,1
F2,1,4,0.9043472885662909,0.551235690875625,30,1
F2,1,4,0.8036537761516344,0.8026454713386136,30,1
F2,1,3,0.6826133773321792,0.8736214241599997,30,1
F2,0,4,0.3481855230698353,0.6965232165605253,30,1
F2,0,4,0.5859251975373269,0.7457307161472323,30,1
F2,0,4,0.5286755755227924,0.6363955832691649,30,1
F2,1,5,0.6270089312470826,0.8718978505944806,30,1
F2,2,5,0.7882169307599378,0.9246098783122115,30,1
F2,2,5,0.5378349831582977,0.8011317677318789,30,1
F2,1,5,0.20357540811667652,0.9596043693024123,30,1
F2,0,5,0.11514341959152946,0.8427214113473156,30,1
F2,0,4,0.1959504057187656,0.8331705604349985,30,1
F2,0,2,0.24247786635048543,0.8569546869031637,30,1
F2,1,0,0.35403808350445426,0.7895626213732546,30,1
F2,1,0,0.2055391058839623,0.9361219730601005,30,1
F2,1,0,0.30987650202572015,0.8015341648023568,30,1
F2,2,0,0.48529333942062386,0.931254110583073,30,1
F2,2,1,0.48568552264306547,0.8650688452206045,30,1
F2,1,1,0.606329160640702,0.7449333218561006,30,1
F2,1,2,0.9245246875215898,0.870636170888049,30,1
F2,1,2,0.2604662043825355,0.8778873602575952,30,1
F2,1,3,0.2389577857435038,0.9357615491037812,30,1
F2,1,4,0.8188957829181203,0.9050654817690578,30,1
F2,1,4,0.7970948331165582,0.7854942911451489,30,1
F2,1,3,0.41000006299395936,0.896885516954363,30,1
F2,1,3,0.3810230565751664,0.9349159435687953,30,1
F2,1,2,0.6626721927759933,0.8360153862973395,30,1
F2,1,2,0.8358289440344926,0.895951204211596,30,1
F2,1,2,0.8768415649370198,0.9420135649246616,30,1
F2,1,2,0.8552311214756689,0.8844600857186422,30,1
F2,1,2,0.7886598269140882,0.6159608678326319,30,1
F2,1,3,0.7791931004862502,0.8459452648917075,30,1
F2,1,3,0.6854910849016691,0.8340639944394621,30,1
F2,1,3,0.3056753806317712,0.8339502443627558,30,1
F2,1,3,0.3817050767687176,0.9261433974547099,30,1
F2,1,3,0.6148085995269504,0.7487779485603056,30,1
F2,2,3,0.5288995988382007,0.93324889487744,30,1
F2,2,3,0.7711690176517881,0.9163092370286273,30,1
F2,2,3,0.6672646296188397,0.6948319942959241,30,1
F2,2,3,0.45260935458183327,0.8072547647678023,30,1
F2,2,3,0.7375048659093326,0.7655592146144115,30,1
F2,2,3,0.7013663541501853,0.6407744848829827,30,1
F2,1,2,0.5255896517023243,0.8525701717453387,30,1
F2,1,1,0.2903040133586956,0.7263887694820622,30,1
F2,1,0,0.34769742660722375,0.8507670119767518,30,1
F2,1,0,0.38765453942590866,0.7993431310583743,30,1
F2,1,1,0.47089670152656715,0.8460085773404245,30,1
F2,1,2,0.5916319479662261,0.855230167978517,30,1
F2,1,2,0.6135123458332177,0.7742907906158054,30,1
F2,1,3,0.7562571584623334,0.8036573993959762,30,1
F2,1,3,0.34380694699583075,0.83339786102975,30,1
F2,1,4,0.7548439113567776,0.7199227685109015,30,1
F2,1,4,0.5329748615781338,0.7855744253590469,30,1
F2,1,4,0.3197059927704717,0.9012619844649538,30,1
F2,1,4,0.43729924389132907,0.8940932135384605,30,1
F2,2,4,0.5047179677586903,0.8201477354128462,30,1
F2,1,4,0.8564473265692613,0.7995830234842477,30,1
F2,1,4,0.7073276803365859,0.8080531175315372,30,1
F2,1,4,0.5873045818508661,0.9406645405891283,30,1
F2,1,4,0.6434471554995702,0.8662412714945759,30,1
F2,1,4,0.7103696189396682,0.9645313559001247,30,1
F2,1,4,0.7381084902812253,0.9701395149425133,30,1
F2,1,4,0.8320173906141535,0.9525586908280353,30,1
F2,1,4,0.8544594293354189,0.8805967395533447,30,1
F2,1,4,0.8328762458619114,0.6603545430818794,30,1
F2,1,4,0.7639084614616007,0.9585038544730025,30,1
F2,0,5,0.25137735874390266,0.9307840561747146,30,1
F2,3,2,0.7486185141654551,0.8172061744473379,30,1
F2,3,2,0.7019794093256648,0.8962255855792881,30,1
F2,3,3,0.1709117955931489,0.9036076160134091,30,1
F2,3,3,0.1723301371596417,0.9263143982560564,30,1
F2,3,3,0.3445017417035974,0.7570238758528491,30,1
F2,2,3,0.3721987899996912,0.8450052314273684,30,1
F2,2,3,0.3323053046702267,0.9009973504859087,30,1
F2,2,4,0.36583307203921633,0.893493662009462,30,1
F2,2,4,0.29321043273621705,0.7809704073650313,30,1
F2,2,4,0.15341422455557138,0.9072102474162288,30,1
F2,2,4,0.2645143607314598,0.8435016860603695,30,1
F2,1,5,0.40902262960967994,0.8746363845379481,30,1
F2,1,5,0.28411909962666737,0.6435245632673903,30,1
F2,1,5,0.15320657059199558,0.7347589603046097,30,1
F2,1,5,0.2133036215598012,0.827897972286089,30,1
F2,2,3,0.9302162785774707,0.881267882718301,30,1
F2,2,3,0.7836376558795376,0.9055034463269587,30,1
F2,2,3,0.8786312725293073,0.8799024618906139,30,1
F2,2,3,0.6995566943753182,0.857804294061484,30,1
F2,2,3,0.24540495789517458,0.8435199259525382,30,1
F2,1,3,0.23577264162740363,0.7300958944063148,30,1
F2,1,3,0.6293710440869491,0.6886849625239255,30,1
F2,1,2,0.8458600714072944,0.8301215351038828,30,1
F2,1,2,0.7667459550982774,0.8484733216924466,30,1
F2,1,3,0.660849114185916,0.9585998761760981,30,1
F2,1,3,0.7337899607092262,0.8734690185308388,30,1
F2,1,3,0.5397360946205455,0.7977519253597113,30,1
F2,1,4,0.603861018161705,0.8057558253470385,30,1
F2,1,4,0.5396488356250959,0.7614458103376791,30,1
F2,1,4,0.3184459742889397,0.8377771893633568,30,1
F2,2,2,0.668166756661809,0.8776388439145104,30,1
F2,2,2,0.504185277601573,0.9301671698719272,30,1
F2,3,3,0.5277643686255765,0.9459756767007443,30,1
F2,3,3,0.715715116209635,0.754553901973191,30,1
F2,3,3,0.48201225857904717,0.8019259140827701,30,1
F2,2,3,0.4667217383248164,0.8287755268702266,30,1
F2,2,3,0.43635766982636703,0.8673661927580233,30,1
F2,2,3,0.40378570724821894,0.8209820697088271,30,1
F2,2,3,0.4288114943575748,0.8023179405980415,30,1
F2,2,4,0.3676078788097706,0.7855810982588984,30,1
F2,2,4,0.3192715579007422,0.7322102362365304,30,1
F2,2,4,0.5031687908901746,0.8693987703193506,30,1
F2,2,4,0.40831829221037186,0.7502054583306632,30,1
F2,1,4,0.8263953047402922,0.8270945147164643,30,1
F2,1,4,0.9240628531234033,0.8403332083815475,30,1
F2,0,0,0.6407485633380582,0.8955369021562798,30,1
F2,0,2,0.3063622073821528,0.8724975543953742,30,1
F2,0,3,0.507738948035478,0.8717857590413158,30,1
F2,0,3,0.4164178004048702,0.6229406560644681,30,1
F2,0,3,0.8887299435044588,0.6359557965595825,30,1
F2,1,3,0.89861642042967,0.8833068176376309,30,1
F2,1,3,0.7531351882191356,0.6451299503772275,30,1
F2,1,3,0.9445704476645891,0.9080439265032337,30,1
F2,1,3,0.8191262343326096,0.9053309203067054,30,1
F2,1,3,0.6759042777694537,0.8410599525847597,30,1
F2,1,4,0.6092517560964806,0.729060206698746,30,1
F2,1,4,0.593463748497394,0.9369206306529301,30,1
F2,1,4,0.5837056999286534,0.6679954586255142,30,1
F2,1,4,0.648716150433478,0.723650534110711,30,1
F2,1,4,0.676624543029203,0.7240813103990226,30,1
F2,2,1,0.7605889957186769,0.7837896709901535,30,1
F2,2,1,0.4342620968152049,0.9448129591285016,30,1
F2,2,2,0.5631380188978407,0.864226363097234,30,1
F2,2,2,0.4760967875959289,0.8371094030926682,30,1
F2,2,2,0.23250507223342792,0.9250707355623397,30,1
F2,1,2,0.09551851484373389,0.7738494106475761,30,1
F2,1,3,0.16591908119147109,0.7501911741505931,30,1
F2,1,3,0.2178452641345979,0.7432934875460029,30,1
F2,1,4,0.09561694539689347,0.6593281093704869,30,1
F2,1,4,0.40856093567248597,0.8282902538958198,30,1
F2,1,5,0.3707880119684857,0.7676849194247648,30,1
F2,1,5,0.4843392574060093,0.8686191749690373,30,1
F2,0,5,0.3660123910402684,0.908407444803471,30,1
F2,0,5,0.18850485589965124,0.7335360535445646,30,1
F2,0,5,0.6561979079292704,0.7820499796466425,30,1
F2,1,2,0.5629333090217138,0.6931706224510212,30,1
F2,1,2,0.4215483424196043,0.8411865128862182,30,1
F2,1,2,0.4530562206038638,0.8141432763104465,30,1
F2,1,1,0.5397510606317844,0.9600607120465736,30,1
F2,1,1,0.3769066557108351,0.9307086300146004,30,1
F2,1,0,0.5121523209217597,0.8944421084548129,30,1
F2,1,0,0.5399160041584551,0.8361517981144204,30,1
F2,1,0,0.7140906483955123,0.8780041174764914,30,1
F2,1,1,0.6529666433945839,0.8272706998498323,30,1
F2,1,1,0.6432220580411688,0.9712202105825751,30,1
F2,0,2,0.6600061424799182,0.9029921442254708,30,1
F2,0,2,0.6244838649069858,0.879870157610682,30,1
F2,0,3,0.705144257770614,0.8037479338006283,30,1
F2,0,3,0.4185310795589884,0.7627152465492606,30,1
F2,0,4,0.5152190971420678,0.8438321019515,30,1
F2,2,1,0.8136091303335752,0.7545212784525608,30,1
F2,2,1,0.7180248283914995,0.962826246575159,30,1
F2,2,1,0.7974972996385468,0.845605661869136,30,1
F2,2,1,0.7843361766835634,0.8432213140217707,30,1
F2,2,1,0.5169098435205048,0.8120446950727241,30,1
F2,2,2,0.23293275649452325,0.9394354177127422,30,1
F2,1,2,0.15434611245667917,0.9156668068351274,30,1
F2,1,2,0.21901076673341852,0.9161967267107908,30,1
F2,1,3,0.1751946713173861,0.845432072908915,30,1
F2,1,4,0.3817831445843325,0.7803971589228724,30,1
F2,1,4,0.3236463306129044,0.7142966049457709,30,1
F2,1,4,0.4992350009573267,0.9396067248669738,30,1
F2,1,4,0.4722418958415086,0.8986608487906782,30,1
F2,0,4,0.7224098871497734,0.8408316418291549,30,1
F2,1,4,0.2556311867798292,0.8543481466584658,30,1
F2,1,0,0.7690800638579789,0.7251381432949117,30,1
F2,1,1,0.7880014962959339,0.891452666542421,30,1
F2,1,1,0.8904272177051537,0.8078257135218977,30,1
F2,1,1,0.6284246016500122,0.7305364381078847,30,1
F2,1,1,0.8212614273647046,0.6688915441836291,30,1
F2,0,0,0.7869579825981051,0.8769583992019756,30,1
F2,0,0,0.6993621625689919,0.6704893613168592,30,1
F2,0,0,0.625849021651324,0.9188112339642384,30,1
F2,0,1,0.5474621529778613,0.9272490840689802,30,1
F2,0,2,0.6257026355449914,0.8355099160807967,30,1
F2,0,3,0.6120968823243601,0.7365095723191323,30,1
F2,0,4,0.7180866956596623,0.8762230213805096,30,1
F2,0,4,0.6229148814200934,0.9466602463525822,30,1
F2,1,4,0.6333058692709375,0.7248569603331141,30,1
F2,1,4,0.4472878299126295,0.827843599385749,30,1
F2,1,5,0.7843292139369249,0.8005501325683001,30,1
F2,1,4,0.5789392348500445,0.825024062908317,30,1
F2,1,4,0.21779316249206937,0.9420486472927085,30,1
F2,1,3,0.267826007260627,0.8227658254255396,30,1
F2,1,2,0.42214427601630633,0.934968218121758,30,1
F2,1,1,0.4083212087419633,0.7370103273483332,30,1
F2,2,1,0.33578646906090037,0.6210955902508672,30,1
F2,2,0,0.24670331317589675,0.7544354845388581,30,1
F2,2,0,0.3645855978804488,0.6165492667826256,30,1
F2,2,0,0.35661483247615045,0.8089008690306638,30,1
F2,2,0,0.4010324295324922,0.8395181569977486,30,1
F2,1,0,0.5553618950201534,0.8766210803299315,30,1
F2,1,1,0.6526687461856682,0.7488126876066603,30,1
F2,1,1,0.44577380331808414,0.5594791319320142,30,1
F2,1,1,0.6020419991295994,0.8763820848451793,30,1
F2,1,4,0.8243724893400058,0.9547367994787971,30,1
F2,0,4,0.6761352747161695,0.9668240753535176,30,1
F2,0,3,0.48111387063897326,0.9592502285864707,30,1
F2,0,1,0.28107728636693774,0.8039381682163289,30,1
F2,1,0,0.4892036968988696,0.8006024836466616,30,1
F2,1,0,0.8210456824285797,0.8526070151717584,30,1
F2,1,0,0.7991543444974138,0.7847440322243678,30,1
F2,1,0,0.897310019323923,0.7981831126789987,30,1
F2,0,1,0.828194527126363,0.6167451546601774,30,1
F2,0,1,0.6446517500361612,0.7188260972381576,30,1
F2,0,2,0.4731602152487502,0.548354731613177,30,1
F2,0,2,0.5996527242409776,0.8352095598853836,30,1
F2,0,2,0.4366790407157583,0.7826129896919485,30,1
F2,1,2,0.26607993585472767,0.8437662769423723,30,1
F2,1,2,0.24873592217073565,0.8327016336367034,30,1
F2,4,3,0.7788327045137858,0.9202172986381358,30,1
F2,4,3,0.49546823885262825,0.9256934777789171,30,1
F2,4,3,0.4926983147536915,0.8045949444059065,30,1
F2,4,3,0.5970142339366652,0.6378750252456675,30,1
F2,3,2,0.34858955694752963,0.6768400655484283,30,1
F2,3,2,0.2925684877381719,0.684339302191073,30,1
F2,2,1,0.22751104713913728,0.5044892404327134,30,1
F2,2,1,0.37659718711482043,0.730534693079599,30,1
F2,2,0,0.43932570624127465,0.6756603240232785,30,1
F2,1,0,0.33635535107647785,0.7695906184603323,30,1
F2,1,0,0.43741299230792297,0.9015229661491422,30,1
F2,0,1,0.5738764263396322,0.8091141938643741,30,1
F2,0,2,0.5948312616400799,0.8948188624707587,30,1
F2,0,2,0.2377853417921634,0.6822779904518272,30,1
F2,1,2,0.43075036065162076,0.6424986047042064,30,1
F2,0,0,0.7018658241506759,0.9026854017573354,30,1
F2,1,0,0.45963160207657505,0.8683454690583345,30,1
F2,1,1,0.5350803688627311,0.8879940810725169,30,1
F2,1,2,0.6886775764218246,0.821036621349873,30,1
F2,1,2,0.4378357029954507,0.7566594012202879,30,1
F2,1,3,0.31379826041683806,0.8473765846789298,30,1
F2,1,3,0.37274779607376984,0.7858478269643124,30,1
F2,1,4,0.2911155385250161,0.9249903876356221,30,1
F2,1,5,0.5128414908029714,0.9399665068121866,30,1
F2,1,5,0.7006289516239633,0.7922962767544675,30,1
F2,1,5,0.49188325411256506,0.6503265027254818,30,1
F2,1,5,0.319147062969178,0.8785725433414499,30,1
F2,0,5,0.38668620475795457,0.8923747699409303,30,1
F2,0,5,0.3743983377993188,0.6575779872082407,30,1
F2,0,3,0.2895795982361072,0.9279729101000276,30,1
F2,3,2,0.6756490293100437,0.9083744468368814,30,1
F2,3,2,0.34155996422315443,0.8121591102749051,30,1
F2,2,2,0.5234959247480129,0.7993826897474754,30,1
F2,2,2,0.31022059706605765,0.7422814169757845,30,1
F2,1,3,0.2292661670361641,0.718690600487003,30,1
F2,1,3,0.2991103035198648,0.7631526301337572,30,1
F2,0,4,0.5144989570679379,0.7459132622087696,30,1
F2,0,4,0.8438825131781484,0.9129830197234785,30,1
F2,0,4,0.7328912488334667,0.7956564471974112,30,1
F2,0,5,0.8730453105797248,0.8470096794364398,30,1
F2,0,5,0.8324019808707348,0.8054256936919736,30,1
F2,0,5,0.8721344658425474,0.7734093144478327,30,1
F2,0,5,0.8125702294096124,0.8107340009891003,30,1
F2,0,5,0.6914291605016087,0.8594262028829066,30,1
F2,0,5,0.30639642691321894,0.7211480219197632,30,1
F2,2,2,0.9156098506948813,0.9616338804371687,30,1
F2,2,2,0.7765243932667246,0.8940923033632833,30,1
F2,2,3,0.7922727092256403,0.8942967883906876,30,1
F2,2,3,0.5278699881341727,0.7931528557369953,30,1
F2,2,3,0.5275861846712985,0.5431698300333186,30,1
F2,2,3,0.38709143606329705,0.8476104387991822,30,1
F2,1,2,0.3777325121464375,0.7182129624322983,30,1
F2,1,2,0.4150898223211074,0.8890808303514521,30,1
F2,1,1,0.5805344043554502,0.7571515092994789,30,1
F2,1,0,0.6917036010403169,0.8799343066028058,30,1
F2,0,0,0.5830492603392696,0.5260862870176178,30,1
F2,0,0,0.3675051304661028,0.8369483955864518,30,1
F2,0,3,0.3671523740359529,0.8577339924955132,30,1
F2,0,4,0.5161776082247269,0.6323872899750428,30,1
F2,0,4,0.7212023452868512,0.7855548734389355,30,1
