scorer,DLC_resnet50_L8FV4PFeb15shuffle1_100000,DLC_resnet50_L8FV4PFeb15shuffle1_100000,DLC_resnet50_L8FV4PFeb15shuffle1_100000,DLC_resnet50_L8FV4PFeb15shuffle1_100000,DLC_resnet50_L8FV4PFeb15shuffle1_100000,DLC_resnet50_L8FV4PFeb15shuffle1_100000,DLC_resnet50_L8FV4PFeb15shuffle1_100000,DLC_resnet50_L8FV4PFeb15shuffle1_100000,DLC_resnet50_L8FV4PFeb15shuffle1_100000,DLC_resnet50_L8FV4PFeb15shuffle1_100000,DLC_resnet50_L8FV4PFeb15shuffle1_100000,DLC_resnet50_L8FV4PFeb15shuffle1_100000,DLC_resnet50_L8FV4PFeb15shuffle1_100000,DLC_resnet50_L8FV4PFeb15shuffle1_100000,DLC_resnet50_L8FV4PFeb15shuffle1_100000,DLC_resnet50_L8FV4PFeb15shuffle1_100000,DLC_resnet50_L8FV4PFeb15shuffle1_100000,DLC_resnet50_L8FV4PFeb15shuffle1_100000,DLC_resnet50_L8FV4PFeb15shuffle1_100000,DLC_resnet50_L8FV4PFeb15shuffle1_100000,DLC_resnet50_L8FV4PFeb15shuffle1_100000,DLC_resnet50_L8FV4PFeb15shuffle1_100000,DLC_resnet50_L8FV4PFeb15shuffle1_100000,DLC_resnet50_L8FV4PFeb15shuffle1_100000,DLC_resnet50_L8FV4PFeb15shuffle1_100000,DLC_resnet50_L8FV4PFeb15shuffle1_100000,DLC_resnet50_L8FV4PFeb15shuffle1_100000,DLC_resnet50_L8FV4PFeb15shuffle1_100000,DLC_resnet50_L8FV4PFeb15shuffle1_100000,DLC_resnet50_L8FV4PFeb15shuffle1_100000,DLC_resnet50_L8FV4PFeb15shuffle1_100000,DLC_resnet50_L8FV4PFeb15shuffle1_100000,DLC_resnet50_L8FV4PFeb15shuffle1_100000,DLC_resnet50_L8FV4PFeb15shuffle1_100000,DLC_resnet50_L8FV4PFeb15shuffle1_100000,DLC_resnet50_L8FV4PFeb15shuffle1_100000,DLC_resnet50_L8FV4PFeb15shuffle1_100000,DLC_resnet50_L8FV4PFeb15shuffle1_100000,DLC_resnet50_L8FV4PFeb15shuffle1_100000,DLC_resnet50_L8FV4PFeb15shuffle1_100000,DLC_resnet50_L8FV4PFeb15shuffle1_100000,DLC_resnet50_L8FV4PFeb15shuffle1_100000,DLC_resnet50_L8FV4PFeb15shuffle1_100000,DLC_resnet50_L8FV4PFeb15shuffle1_100000,DLC_resnet50_L8FV4PFeb15shuffle1_100000,DLC_resnet50_L8FV4PFeb15shuffle1_100000,DLC_resnet50_L8FV4PFeb15shuffle1_100000,DLC_resnet50_L8FV4PFeb15shuffle1_100000,DLC_resnet50_L8FV4PFeb15shuffle1_100000,DLC_resnet50_L8FV4PFeb15shuffle1_100000,DLC_resnet50_L8FV4PFeb15shuffle1_100000,DLC_resnet50_L8FV4PFeb15shuffle1_100000,DLC_resnet50_L8FV4PFeb15shuffle1_100000,DLC_resnet50_L8FV4PFeb15shuffle1_100000,DLC_resnet50_L8FV4PFeb15shuffle1_100000,DLC_resnet50_L8FV4PFeb15shuffle1_100000,DLC_resnet50_L8FV4PFeb15shuffle1_100000,DLC_resnet50_L8FV4PFeb15shuffle1_100000,DLC_resnet50_L8FV4PFeb15shuffle1_100000,DLC_resnet50_L8FV4PFeb15shuffle1_100000,DLC_resnet50_L8FV4PFeb15shuffle1_100000,DLC_resnet50_L8FV4PFeb15shuffle1_100000,DLC_resnet50_L8FV4PFeb15shuffle1_100000,DLC_resnet50_L8FV4PFeb15shuffle1_100000,DLC_resnet50_L8FV4PFeb15shuffle1_100000,DLC_resnet50_L8FV4PFeb15shuffle1_100000,DLC_resnet50_L8FV4PFeb15shuffle1_100000,DLC_resnet50_L8FV4PFeb15shuffle1_100000,DLC_resnet50_L8FV4PFeb15shuffle1_100000,DLC_resnet50_L8FV4PFeb15shuffle1_100000,DLC_resnet50_L8FV4PFeb15shuffle1_100000,DLC_resnet50_L8FV4PFeb15shuffle1_100000,DLC_resnet50_L8FV4PFeb15shuffle1_100000,DLC_resnet50_L8FV4PFeb15shuffle1_100000,DLC_resnet50_L8FV4PFeb15shuffle1_100000,DLC_resnet50_L8FV4PFeb15shuffle1_100000,DLC_resnet50_L8FV4PFeb15shuffle1_100000,DLC_resnet50_L8FV4PFeb15shuffle1_100000,DLC_resnet50_L8FV4PFeb15shuffle1_100000,DLC_resnet50_L8FV4PFeb15shuffle1_100000,DLC_resnet50_L8FV4PFeb15shuffle1_100000,DLC_resnet50_L8FV4PFeb15shuffle1_100000,DLC_resnet50_L8FV4PFeb15shuffle1_100000,DLC_resnet50_L8FV4PFeb15shuffle1_100000,DLC_resnet50_L8FV4PFeb15shuffle1_100000,DLC_resnet50_L8FV4PFeb15shuffle1_100000,DLC_resnet50_L8FV4PFeb15shuffle1_100000,DLC_resnet50_L8FV4PFeb15shuffle1_100000,DLC_resnet50_L8FV4PFeb15shuffle1_100000,DLC_resnet50_L8FV4PFeb15shuffle1_100000,DLC_resnet50_L8FV4PFeb15shuffle1_100000,DLC_resnet50_L8FV4PFeb15shuffle1_100000,DLC_resnet50_L8FV4PFeb15shuffle1_100000,DLC_resnet50_L8FV4PFeb15shuffle1_100000,DLC_resnet50_L8FV4PFeb15shuffle1_100000,DLC_resnet50_L8FV4PFeb15shuffle1_100000
individuals,individual1,individual1,individual1,individual1,individual1,individual1,individual1,individual1,individual1,individual1,individual1,individual1,individual2,individual2,individual2,individual2,individual2,individual2,individual2,individual2,individual2,individual2,individual2,individual2,individual3,individual3,individual3,individual3,individual3,individual3,individual3,individual3,individual3,individual3,individual3,individual3,individual4,individual4,individual4,individual4,individual4,individual4,individual4,individual4,individual4,individual4,individual4,individual4,individual5,individual5,individual5,individual5,individual5,individual5,individual5,individual5,individual5,individual5,individual5,individual5,individual6,individual6,individual6,individual6,individual6,individual6,individual6,individual6,individual6,individual6,individual6,individual6,individual7,individual7,individual7,individual7,individual7,individual7,individual7,individual7,individual7,individual7,individual7,individual7,individual8,individual8,individual8,individual8,individual8,individual8,individual8,individual8,individual8,individual8,individual8,individual8
bodyparts,head,head,head,midline2,midline2,midline2,tailbase,tailbase,tailbase,tailtip,tailtip,tailtip,head,head,head,midline2,midline2,midline2,tailbase,tailbase,tailbase,tailtip,tailtip,tailtip,head,head,head,midline2,midline2,midline2,tailbase,tailbase,tailbase,tailtip,tailtip,tailtip,head,head,head,midline2,midline2,midline2,tailbase,tailbase,tailbase,tailtip,tailtip,tailtip,head,head,head,midline2,midline2,midline2,tailbase,tailbase,tailbase,tailtip,tailtip,tailtip,head,head,head,midline2,midline2,midline2,tailbase,tailbase,tailbase,tailtip,tailtip,tailtip,head,head,head,midline2,midline2,midline2,tailbase,tailbase,tailbase,tailtip,tailtip,tailtip,head,head,head,midline2,midline2,midline2,tailbase,tailbase,tailbase,tailtip,tailtip,tailtip
coords,x,y,likelihood,x,y,likelihood,x,y,likelihood,x,y,likelihood,x,y,likelihood,x,y,likelihood,x,y,likelihood,x,y,likelihood,x,y,likelihood,x,y,likelihood,x,y,likelihood,x,y,likelihood,x,y,likelihood,x,y,likelihood,x,y,likelihood,x,y,likelihood,x,y,likelihood,x,y,likelihood,x,y,likelihood,x,y,likelihood,x,y,likelihood,x,y,likelihood,x,y,likelihood,x,y,likelihood,x,y,likelihood,x,y,likelihood,x,y,likelihood,x,y,likelihood,x,y,likelihood,x,y,likelihood,x,y,likelihood,x,y,likelihood
0,768,696.5,1,835.5,704,1,903,700,1,936,689,1,1486,561.5,1,1515,471,1,1537,367,1,1538,330.25,1,655.5,603.5,1,731,616.5,1,807,627.5,1,847.5,614.5,1,1134,620.5,1,1228,626,1,1322,642,1,1367,643.5,1,679.5,822,1,604.5,797,1,560.5,734.5,1,585.5,708.5,1,1596,231.75,1,1502,229.875,1,1421,228.5,1,1383,238.5,1,958.5,702.5,1,1051,710,1,1132,708,1,1167,719,1,1544,310.5,1,1439,329,1,1345,335,1,1306,359.25,1
1,768,697.5,1,835.5,704,1,903,702.5,1,936,690,1,1486,566.5,1,1516,474.75,1,1537,374,1,1539,333.5,1,655.5,604,1,731,616.5,1,807,628,1,847.5,618,1,1134,622,1,1228,626,1,1322,642,1,1367,649.5,1,685,822.5,1,605,797,1,560.5,742.5,1,585.5,709,1,1600,232.375,1,1508,230,1,1425,228.5,1,1388,238.5,1,958.5,702.5,1,1051,711,1,1132,708,1,1167,719,1,1549,310.5,1,1441,329,1,1349,335,1,1307,359.25,1
2,768,698,1,835.5,704,1,903,703,1,936,692.5,1,1486,574,1,1516,483,1,1537,379.25,1,1541,339.75,1,655.5,604.5,1,731,616.5,1,807,628.5,1,847.5,621.5,1,1134,622.5,1,1228,626,1,1322,642,1,1367,652.5,1,687,822.5,1,606,800.5,1,560.5,745.5,1,585.5,712.5,1,1601,233,1,1509,230.125,1,1428,228.5,1,1396,238.5,1,958.5,702.5,1,1051,711,1,1132,708.5,1,1167,719,1,1550,310.5,1,1446,329,1,1353,335,1,1310,359.25,1
3,767,698,1,832,704,1,900,706.5,1,932.5,692.5,1,1485,580.5,1,1516,485.75,1,1535,385.25,1,1545,343.5,1,651.5,604.5,1,730.5,615.5,1,802.5,628.5,1,845,626,1,1130,622.5,1,1226,626,1,1319,640,1,1362,654.5,1,694,822.5,1,608.5,803,1,560,752,1,574.5,714,1,1605,233,1,1516,230.125,1,1430,228.5,1,1396,230.5,1,950,700,1,1039,711.5,1,1130,708.5,1,1167,709,1,1554,307.5,1,1447,329,1,1355,333,1,1312,358,1
4,762.5,698.5,1,830,702,1,896,709.5,1,932,698,1,1483,583.5,1,1516,491.5,1,1535,393.25,1,1545,348.75,1,647,605,1,728,615,1,801.5,628.5,1,840,630.5,1,1127,622.5,1,1222,625.5,1,1314,639,1,1357,655.5,1,699,823,1,612,804,1,559.5,761,1,564,724,1,1610,233.375,1,1517,230.125,1,1433,228.25,1,1397,228.25,1,946.5,697.5,1,1034,711.5,1,1121,708.5,1,1162,702.5,1,1559,305.5,1,1455,328.25,1,1355,331.5,1,1312,347.75,1
5,760.5,700.5,1,827,701,1,893,710.5,1,930.5,701.5,1,1479,589.5,1,1515,496.5,1,1534,397.25,1,1546,358,1,646.5,605.5,1,728,613,1,799.5,628,1,837.5,633.5,1,1122,623,1,1215,625,1,1312,639,1,1352,656,1,705,822.5,1,615,808.5,1,559.5,767,1,558,733,1,1613,233.375,1,1518,230,1,1437,228.25,1,1399,228.25,1,939,695,1,1028,711.5,1,1114,713.5,1,1153,702.5,1,1561,304.75,1,1456,328.25,1,1359,331.5,1,1313,344.25,1
6,755.5,700.5,1,825.5,700.5,1,892,710.5,1,928.5,707.5,1,1476,594,1,1514,501.25,1,1532,403,1,1547,363,1,642,610.5,1,728,612,1,799.5,628,1,833,637.5,1,1120,624.5,1,1214,623.5,1,1308,638.5,1,1346,655.5,1,707,822,1,619.5,811.5,1,560,773.5,1,552.5,741,1,1614,233.375,1,1524,230,1,1437,228.25,1,1399,228.25,1,935.5,695,1,1023.5,710.5,1,1111,719,1,1147,702.5,1,1563,302.5,1,1460,330,1,1362,331.5,1,1316,336,1
7,752,701.5,1,819,700,1,888.5,710.5,1,921,714.5,1,1468,596.5,1,1514,507.25,1,1528,408,1,1546,372.25,1,640,619,1,735.5,612,1,798,628,1,827.5,637.5,1,1115,624.5,1,1210,623,1,1305,637.5,1,1341,655.5,1,712,822,1,625,813,1,560,777,1,549.5,747,1,1618,233.875,1,1532,230,1,1437,228.25,1,1399,228.25,1,926,695,1,1014.5,709,1,1103,719.5,1,1141,707.5,1,1567,302,1,1467,329.75,1,1365,332.5,1,1318,332.25,1
8,751,701.5,1,817.5,700,1,884.5,708.5,1,917,715,1,1463,598.5,1,1514,515.5,1,1520,415.5,1,1545,377,1,639,624.5,1,735.5,610.5,1,797.5,628,1,823,638.5,1,1113,624.5,1,1208,623,1,1302,636.5,1,1337,654,1,716.5,822,1,629,815.5,1,567,786,1,545.5,757.5,1,1622,234.25,1,1533,230.5,1,1437,228.25,1,1399,228.25,1,922,695.5,1,1009.5,706,1,1094,720,1,1136,715,1,1569,301,1,1471,329.75,1,1369,335.25,1,1323,329.25,1
9,748.5,702,1,816,700,1,878.5,706.5,1,910.5,715,1,1454,600,1,1514,523.5,1,1520,420.75,1,1531,385.25,1,638,630,1,735.5,610,1,797.5,628,1,820.5,642,1,1107,624.5,1,1203,623,1,1300,636,1,1337,654,1,720.5,822,1,631.5,817,1,567.5,790.5,1,543.5,763.5,1,1624,234.75,1,1533,230.5,1,1437,228.25,1,1399,228.25,1,913.5,699,1,1001.5,704,1,1087,720,1,1129,722.5,1,1573,301,1,1472,329.75,1,1374,338.5,1,1326,329.25,1
10,744,702,1,812.5,700,1,877.5,704.5,1,907,714.5,1,1445,601,1,1514,527.5,1,1520,427.75,1,1517,390.25,1,638,635.5,1,709,602.5,1,782,627.5,1,815.5,645.5,1,1103,624.5,1,1199,623,1,1295,635,1,1334,648,1,722.5,822,1,636.5,818,1,572.5,794,1,543.5,768,1,1625,234.75,1,1538,232,1,1437,228.25,1,1399,228.25,1,910,699,1,998,702,1,1080,720,1,1120,730,1,1577,301,1,1473,328,1,1377,339.75,1,1329,329.25,1
11,741,702.5,1,810.5,700,1,873.5,703,1,904,711.5,1,1440,602.5,1,1512,532.5,1,1522,438,1,1514,398.75,1,636,641.5,1,701,602.5,1,770.5,614.5,1,807,645.5,1,1101,624,1,1197,620.5,1,1293,631.5,1,1334,644.5,1,727,822,1,639,819,1,575.5,799.5,1,543.5,774.5,1,1627,234.875,1,1539,233.375,1,1459,229,1,1399,228.25,1,903,701.5,1,991.5,699,1,1072,719,1,1111,735,1,1580,302,1,1478,327.75,1,1382,342.75,1,1331,331.75,1
12,737.5,702.5,1,808.5,699,1,872.5,701.5,1,897,711,1,1435,603.5,1,1511,537,1,1529,442.75,1,1514,409.5,1,635.5,646.5,1,693,602.5,1,770.5,612,1,805,645.5,1,1097,624.5,1,1193,620.5,1,1288,628.5,1,1330,639.5,1,731.5,822.5,1,640.5,821.5,1,576,801.5,1,545.5,779,1,1633,235.25,1,1541,233.375,1,1460,230.875,1,1399,228.25,1,899,704.5,1,986,698,1,1066,717,1,1102,735,1,1584,302.75,1,1484,326.75,1,1386,344,1,1335,335,1
13,734.5,703,1,802,699,1,871,701,1,888,708.5,1,1428,607.5,1,1508,542.5,1,1537,451.25,1,1514,419.25,1,635,648,1,690.5,603.5,1,767,602.5,1,799,637,1,1094,624.5,1,1190,620.5,1,1286,626.5,1,1329,635.5,1,736,822,1,644,823,1,577,804.5,1,550.5,781.5,1,1636,235.25,1,1542,233.375,1,1460,230.875,1,1399,228.25,1,893.5,707.5,1,978,698,1,1061,713,1,1095,735,1,1588,303.5,1,1489,324.75,1,1388,344.5,1,1337,339.5,1
14,734.5,704,1,798.5,698.5,1,868.5,701,1,885.5,708.5,1,1422,612,1,1503,547.5,1,1539,457.5,1,1520,425.5,1,632.5,650.5,1,685,603.5,1,764.5,596,1,796,628,1,1090,623.5,1,1184,620.5,1,1280,624,1,1328,633.5,1,737,822,1,648,824,1,578,807.5,1,553.5,786,1,1640,235.75,1,1542,233.375,1,1461,229,1,1399,228.25,1,889.5,710.5,1,974.5,698,1,1056,709.5,1,1088,733,1,1594,303.75,1,1490,324.75,1,1393,346.25,1,1339,355.25,1
15,734.5,712.5,1,798.5,695.5,1,867.5,701,1,878.5,708.5,1,1421,614.5,1,1500,553.5,1,1545,467.5,1,1529,433.5,1,630,653.5,1,684.5,609,1,764,593,1,796,624,1,1088,622.5,1,1184,620.5,1,1279,623,1,1323,631.5,1,741,822,1,652.5,824,1,580.5,807.5,1,555,790,1,1642,235.75,1,1550,233.75,1,1468,229,1,1428,228.25,1,879,710.5,1,970.5,698,1,1049,704.5,1,1084,728.5,1,1596,304,1,1492,324.5,1,1397,346.25,1,1348,363.25,1
16,734.5,727,1,788,695.5,1,853,701,1,871,709,1,1412,620.5,1,1496,557,1,1549,477.5,1,1537,440.5,1,627.5,656,1,684.5,609,1,758,587,1,794,613.5,1,1083,622,1,1183,620.5,1,1274,623,1,1321,630,1,745.5,822,1,655.5,824.5,1,584,813,1,555.5,794,1,1645,235.875,1,1553,233.875,1,1469,229,1,1430,227.5,1,872.5,710.5,1,964,698.5,1,1044,701.5,1,1080,720.5,1,1600,304,1,1494,324.75,1,1399,346.25,1,1354,371.5,1
17,734.5,735.5,1,773.5,695.5,1,844,701,1,867,712,1,1407,626.5,1,1491,562,1,1549,490.25,1,1545,448,1,623.5,659.5,1,682.5,609.5,1,757,584.5,1,794,608,1,1079,622,1,1173,620.5,1,1274,623,1,1315,625.5,1,749.5,822,1,660.5,824.5,1,591,816,1,557,799,1,1649,235.875,1,1556,234.125,1,1474,229,1,1432,226.75,1,868.5,710.5,1,960,699,1,1039,699.5,1,1074,714.5,1,1600,304,1,1499,324.75,1,1400,345.25,1,1356,371.5,1
18,734.5,742,1,770.5,697,1,835,698,1,854.5,712,1,1405,633,1,1484,566.5,1,1549,496.75,1,1548,457,1,622,662,1,680,610,1,754,584,1,793.5,601,1,1076,621.5,1,1172,623.5,1,1269,622,1,1311,621.5,1,750,825,1,667.5,824,1,591,818.5,1,559,799,1,1653,236.25,1,1558,234.625,1,1476,229.125,1,1436,226,1,863,710,1,957,700,1,1033,696,1,1070,713,1,1603,303.75,1,1502,324.75,1,1403,341.25,1,1363,371.5,1
19,734.5,752,1,765.5,699.5,1,830.5,689.5,1,854.5,712,1,1401,634,1,1481,569,1,1546,507,1,1558,468.75,1,621,663.5,1,678,610.5,1,752.5,579.5,1,790.5,595,1,1071,621,1,1167,620,1,1265,621,1,1310,619.5,1,755.5,825,1,669.5,824,1,595,820,1,560.5,803,1,1656,236.375,1,1558,234.625,1,1477,229.25,1,1442,225.25,1,857.5,709.5,1,950,701,1,1027,693,1,1065,704.5,1,1607,303.75,1,1502,325.5,1,1405,338.5,1,1365,370.75,1
20,730.5,761,1,764.5,700,1,823.5,678.5,1,847,703,1,1397,637.5,1,1478,572.5,1,1545,510.5,1,1563,476,1,618,664.5,1,677,612,1,749.5,575.5,1,790,584,1,1070,620,1,1166,620,1,1260,622,1,1305,618,1,760.5,825,1,670,826.5,1,599,822,1,562.5,807,1,1658,236.875,1,1567,234.875,1,1491,236.25,1,1446,224.5,1,854,707,1,945,702,1,1023,688.5,1,1063,697,1,1609,303,1,1503,326,1,1409,337.5,1,1366,363.5,1
21,726,764.5,1,764,703.5,1,821.5,671.5,1,843,689,1,1392,642.5,1,1475,577.5,1,1542,517.5,1,1569,485.25,1,615.5,665.5,1,675.5,613.5,1,745.5,574,1,785,573,1,1065,620,1,1162,620,1,1259,622,1,1300,618,1,762.5,822.5,1,675,828,1,604.5,825,1,566,808,1,1664,238,1,1568,235.125,1,1491,236.25,1,1448,223.875,1,848,706.5,1,943,702.5,1,1020,686,1,1057,685,1,1611,300,1,1510,326.75,1,1413,334.25,1,1368,361.5,1
22,719,769,1,759,711,1,812,669.5,1,840.5,678,1,1390,648,1,1469,582,1,1537,523,1,1569,490,1,612.5,669,1,670.5,614,1,743.5,571.5,1,779,568,1,1063,619.5,1,1158,619.5,1,1254,622,1,1297,618,1,765.5,822.5,1,675.5,828,1,606.5,825.5,1,569,812,1,1664,238,1,1572,235.5,1,1491,236.25,1,1449,223.375,1,843.5,705,1,934.5,706,1,1009.5,686,1,1053,678,1,1612,295.75,1,1516,327.25,1,1417,334,1,1370,357.75,1
23,717.5,777,1,757.5,714,1,806.5,669.5,1,836.5,669.5,1,1388,650,1,1461,588,1,1534,526.5,1,1570,495,1,608,670,1,670,615,1,740,570,1,777,562.5,1,1057,619,1,1153,619.5,1,1249,622,1,1296,619.5,1,769.5,822.5,1,675.5,828,1,609,827,1,572,812,1,1667,238.625,1,1575,235.5,1,1492,228.625,1,1451,223.375,1,839.5,700.5,1,927.5,710,1,1005,686,1,1044,670.5,1,1613,294.5,1,1519,327.75,1,1417,333.75,1,1371,352.5,1
24,712.5,781.5,1,754,721,1,793.5,669.5,1,827.5,661.5,1,1382,655,1,1456,594,1,1529,532,1,1570,504.25,1,606.5,673,1,670,615,1,734,570,1,772,557,1,1056,615.5,1,1152,619,1,1247,622,1,1292,622,1,770,824,1,684,820,1,615.5,830,1,575.5,817,1,1671,238.625,1,1576,235.5,1,1493,228.625,1,1453,223.375,1,831,700,1,922.5,711.5,1,999,687,1,1035,669.5,1,1613,289,1,1521,328.25,1,1417,333.25,1,1373,346.75,1
25,706.5,787,1,749.5,725,1,785,671,1,817.5,657,1,1376,659,1,1451,597.5,1,1525,537.5,1,1568,508.5,1,604,674,1,670,616,1,733.5,566.5,1,766.5,553,1,1053,615.5,1,1148,619,1,1242,622.5,1,1290,623,1,775,824,1,691.5,820,1,618,830.5,1,577,819.5,1,1672,238.625,1,1580,236.375,1,1497,228.625,1,1457,223.5,1,829.5,698.5,1,915,711.5,1,990.5,691,1,1028,669.5,1,1614,282,1,1525,328.75,1,1420,333.25,1,1375,341.25,1
26,704,790.5,1,748,730.5,1,781,672,1,812.5,657,1,1374,664.5,1,1448,601,1,1522,538.5,1,1568,514,1,601.5,676.5,1,670,616,1,730.5,564,1,764.5,548,1,1049,614,1,1144,619.5,1,1242,622.5,1,1285,623,1,778,825,1,692,820,1,619,831,1,581.5,825.5,1,1675,238.625,1,1583,236.625,1,1501,229.125,1,1460,224,1,823,698.5,1,906.5,711.5,1,986,697.5,1,1022.5,669.5,1,1614,279,1,1533,328.75,1,1423,333.25,1,1375,334.25,1
27,699.5,796,1,740,739,1,774,676,1,805,657,1,1370,666.5,1,1444,604.5,1,1518,543,1,1562,519.5,1,601,679,1,669,618,1,727.5,564,1,760.5,544,1,1048,614,1,1141,619.5,1,1238,622,1,1280,623,1,782.5,826.5,1,692,821.5,1,623.5,832,1,582.5,829.5,1,1679,239.125,1,1585,236.625,1,1503,233.125,1,1462,224.5,1,816,697.5,1,898.5,711.5,1,980,703,1,1018,675.5,1,1615,278.5,1,1534,328.75,1,1426,336.5,1,1381,326.75,1
28,695,802.5,1,740,744.5,1,770,685.5,1,797,659.5,1,1363,670.5,1,1441,609.5,1,1512,546,1,1558,522.5,1,598,679.5,1,668.5,618,1,725,563,1,753.5,541.5,1,1043,611.5,1,1139,619.5,1,1234,620,1,1277,623,1,782.5,829.5,1,700.5,821.5,1,625,832,1,588.5,833,1,1682,240,1,1588,236.625,1,1505,233.875,1,1468,225.125,1,815.5,697.5,1,895,711.5,1,976,704,1,1012.5,683,1,1615,276.25,1,1536,329,1,1429,337.75,1,1387,326.25,1
29,687.5,810.5,1,737.5,748.5,1,767.5,690.5,1,788,663.5,1,1358,673.5,1,1437,612,1,1510,551,1,1552,526,1,593,681,1,663.5,619,1,723,562.5,1,748.5,541.5,1,1039,604.5,1,1136,620,1,1231,617.5,1,1271,621.5,1,787,831.5,1,706.5,822,1,628,832,1,590.5,834.5,1,1685,240.375,1,1590,236.625,1,1507,235.625,1,1470,227,1,807.5,697.5,1,888.5,711,1,969.5,710.5,1,1009,686,1,1616,273,1,1538,329,1,1431,342,1,1391,326.25,1
30,686,810.5,1,732.5,753.5,1,764,694.5,1,787,667,1,1357,678.5,1,1434,616,1,1505,555,1,1547,528,1,590.5,683,1,659.5,627,1,720,562.5,1,745.5,540,1,1039,601,1,1134,625,1,1226,617,1,1266,615,1,791,831.5,1,706.5,822,1,633.5,831.5,1,595,838,1,1690,240.75,1,1593,236.625,1,1507,236.875,1,1476,227.125,1,800.5,698,1,882.5,710.5,1,963,713,1,1008,695.5,1,1617,272,1,1540,329.25,1,1436,346,1,1394,326.25,1
31,681.5,813.5,1,727,757.5,1,758.5,700.5,1,783,675,1,1352,679.5,1,1429,619,1,1502,556,1,1543,528.5,1,589,683.5,1,658.5,628,1,719,562.5,1,742,539,1,1039,592.5,1,1128,625,1,1222,617,1,1262,607,1,793,834.5,1,707,822,1,635.5,831,1,599,841.5,1,1690,245.25,1,1596,236.5,1,1508,237.25,1,1478,228.125,1,800,698,1,877.5,708,1,958.5,715.5,1,1003,702,1,1620,271,1,1543,329.25,1,1440,347.75,1,1397,332.5,1
32,680,822,1,724.5,762.5,1,756,705,1,778,676.5,1,1347,683,1,1425,624,1,1500,557.5,1,1536,530,1,588,687,1,655,629,1,718.5,563,1,736,538.5,1,1037,585.5,1,1126,625,1,1216,617,1,1254,600.5,1,793,834.5,1,707,822,1,639,830.5,1,607,841.5,1,1690,259.75,1,1600,235.375,1,1509,244.375,1,1479,231.375,1,792,701,1,872.5,707.5,1,954,716,1,999.5,711,1,1622,268.75,1,1546,329,1,1445,352.5,1,1401,334,1
33,678.5,824.5,1,718.5,772,1,751.5,712.5,1,773.5,682,1,1345,685,1,1421,627,1,1496,562.5,1,1533,532.5,1,586,689.5,1,655,629,1,711,564,1,733,537,1,1034,584,1,1120,625,1,1211,622.5,1,1246,600.5,1,793,834.5,1,707,822,1,640.5,830,1,612.5,842,1,1686,268.25,1,1614,235.375,1,1524,244.375,1,1483,243.625,1,786.5,701.5,1,867,705.5,1,947.5,717.5,1,991.5,717,1,1623,267.75,1,1548,329,1,1449,355.75,1,1403,340.75,1
34,675.5,833.5,1,716.5,776,1,749.5,715.5,1,771.5,689,1,1341,689,1,1415,631,1,1494,567.5,1,1530,534.5,1,583,692.5,1,654,630,1,707.5,566.5,1,730.5,537,1,1030,582,1,1110,618,1,1210,622.5,1,1240,600.5,1,793,834.5,1,707,822,1,645,827.5,1,617,842,1,1680,286.25,1,1629,235.375,1,1534,244.375,1,1500,264.25,1,784,704,1,860,703,1,944.5,717.5,1,987.5,723.5,1,1623,267.75,1,1549,329,1,1453,359,1,1404,348.75,1
35,670,839.5,1,716.5,777.5,1,743.5,721,1,764.5,690.5,1,1336,694,1,1412,634.5,1,1490,574.5,1,1524,539.5,1,580.5,694.5,1,646,635,1,706,567,1,730,537,1,1030,581.5,1,1106,618,1,1204,631.5,1,1236,601,1,793,834.5,1,707,822,1,647.5,823.5,1,617,842,1,1674,299,1,1637,237.625,1,1547,239.125,1,1518,264.25,1,775.5,704,1,856.5,703,1,940,716.5,1,976,727,1,1623,267.5,1,1552,325,1,1460,360.75,1,1404,353.25,1
36,664,841.5,1,708.5,788,1,739.5,726.5,1,760,696,1,1332,698,1,1409,637,1,1488,579.5,1,1520,544.5,1,578,695.5,1,645.5,635.5,1,697.5,575.5,1,727,543,1,1025,576.5,1,1105,616,1,1200,634,1,1233,607,1,793,834.5,1,707,822,1,648,819.5,1,618.5,841.5,1,1668,311.5,1,1645,240.375,1,1553,232.25,1,1528,264.25,1,775,704,1,850.5,702,1,930,716.5,1,975.5,728,1,1624,267.25,1,1554,324,1,1466,361.25,1,1408,371,1
37,663.5,847,1,702,791.5,1,737.5,732,1,760,701.5,1,1327,698.5,1,1407,639,1,1483,586,1,1519,552,1,577,696.5,1,645.5,635.5,1,697,578.5,1,725,549,1,1025,575,1,1105,615.5,1,1197,638.5,1,1233,615.5,1,793,834.5,1,707,822,1,648,819,1,618.5,840.5,1,1664,321.25,1,1651,249.375,1,1557,221.5,1,1542,245.75,1,769.5,704.5,1,846.5,701.5,1,924.5,712.5,1,966,728,1,1625,266,1,1555,323.5,1,1467,362,1,1412,374.75,1
38,663,853,1,695.5,795.5,1,735,736.5,1,759,704.5,1,1325,700.5,1,1404,641.5,1,1482,589.5,1,1519,559,1,575.5,696.5,1,644,635.5,1,694,581.5,1,725,555,1,1020,572,1,1100,613,1,1193,639,1,1232,620.5,1,813,836,1,728,825,1,649,818,1,618.5,831.5,1,1664,328.25,1,1653,252.25,1,1574,205.875,1,1548,232,1,763.5,704.5,1,841.5,700.5,1,919.5,710.5,1,956.5,728,1,1627,262,1,1557,323.25,1,1470,362.25,1,1418,382,1
39,659.5,853.5,1,694,799,1,733.5,738.5,1,755.5,706,1,1322,705,1,1399,644,1,1478,590,1,1518,567.5,1,575.5,698.5,1,637,639.5,1,691.5,584,1,725,556,1,1015.5,570.5,1,1098,611.5,1,1190,642.5,1,1230,625.5,1,813,836,1,728,825,1,650,818,1,621.5,827,1,1664,336,1,1654,263,1,1588,195.75,1,1551,220,1,761,704.5,1,838,700.5,1,917,708.5,1,955.5,726,1,1628,260.5,1,1559,322,1,1471,363.75,1,1421,389,1
40,657.5,862.5,1,690,804,1,727.5,744,1,748.5,710.5,1,1318,710.5,1,1395,646.5,1,1472,595.5,1,1518,572,1,575.5,702.5,1,634,643.5,1,691,586,1,725,559.5,1,1012.5,569,1,1092,609,1,1184,644.5,1,1229,635.5,1,818.5,836,1,731,825,1,650,817,1,624,826,1,1664,342.25,1,1654,264.25,1,1603,195,1,1558,206.25,1,755.5,704.5,1,831,700,1,910,704.5,1,947,720.5,1,1636,260.25,1,1559,322,1,1473,365.25,1,1426,392,1
41,655.5,863,1,689.5,810.5,1,726,749.5,1,747.5,718,1,1314,711,1,1393,650.5,1,1471,598.5,1,1518,579.5,1,575.5,707,1,628.5,649.5,1,690.5,591.5,1,726.5,566.5,1,1006,568,1,1089,603,1,1183,646,1,1226,639,1,820,835.5,1,731,825.5,1,658,817,1,626,821.5,1,1665,348.5,1,1654,265.5,1,1610,195,1,1569,194.5,1,747.5,703.5,1,830,700,1,907.5,703,1,943.5,712.5,1,1640,260.25,1,1564,320.5,1,1478,365.25,1,1432,392.5,1
42,655.5,872,1,688.5,811.5,1,722.5,753.5,1,745,722.5,1,1313,713,1,1387,651.5,1,1467,601,1,1515,586,1,579.5,715.5,1,621,649.5,1,690,595.5,1,726.5,569.5,1,1006,567.5,1,1087,602.5,1,1179,646,1,1223,645.5,1,820,834.5,1,734,825.5,1,658,817.5,1,626.5,820.5,1,1665,356.75,1,1656,273.75,1,1618,195.75,1,1581,184,1,745,703.5,1,825,700,1,902.5,700.5,1,943.5,709.5,1,1643,259.5,1,1565,319.75,1,1482,365.25,1,1435,395.5,1
43,655.5,884,1,677.5,819.5,1,722.5,763,1,745,730.5,1,1309,717,1,1387,653,1,1464,601,1,1510,587.5,1,587.5,723.5,1,615,650,1,687.5,601,1,726.5,580.5,1,1000,566.5,1,1087,600.5,1,1177,646,1,1218,649.5,1,831,834.5,1,740,825.5,1,658.5,818.5,1,627.5,820.5,1,1665,364.25,1,1659,277.75,1,1624,197.375,1,1593,182.5,1,740,703.5,1,817.5,699.5,1,896,699.5,1,937,703.5,1,1644,259.5,1,1566,319.25,1,1482,364.75,1,1436,395.5,1
44,663,886,1,672.5,827.5,1,720.5,773.5,1,744.5,744.5,1,1306,721,1,1386,655,1,1459,601.5,1,1504,587.5,1,594,727.5,1,611.5,650,1,682,603,1,725.5,588,1,998,564,1,1077,600,1,1173,646,1,1213,654.5,1,831.5,835.5,1,748,825.5,1,671,821,1,633.5,819.5,1,1657,371.25,1,1660,288,1,1627,201.375,1,1605,182.5,1,735,702,1,814,699.5,1,893.5,699.5,1,934,697.5,1,1644,259,1,1567,315.5,1,1484,364.5,1,1442,396,1
45,674,889,1,669,833.5,1,716.5,777.5,1,741.5,755,1,1301,724,1,1383,657.5,1,1455,602,1,1499,587.5,1,602,732,1,604,650,1,682,604.5,1,719.5,600.5,1,991.5,563.5,1,1073,597,1,1170,645.5,1,1210,654.5,1,835.5,836.5,1,751,825.5,1,674.5,822,1,639,816.5,1,1648,376,1,1669,292.25,1,1628,218.25,1,1605,182.5,1,732.5,701.5,1,813.5,699.5,1,888.5,698,1,930,692.5,1,1651,258.5,1,1569,315.25,1,1486,364.25,1,1443,396,1
46,686.5,889,1,666.5,837,1,708.5,782,1,735.5,767,1,1297,726,1,1379,662,1,1451,604.5,1,1491,583,1,608,736.5,1,602.5,656.5,1,671,604.5,1,712,606,1,990.5,563.5,1,1073,595.5,1,1167,644.5,1,1206,656,1,842,838,1,754,825.5,1,676,826.5,1,639.5,816.5,1,1633,376.75,1,1673,297.75,1,1634,222.5,1,1609,188.125,1,728,701,1,808,699.5,1,886,697,1,926.5,688.5,1,1652,255.5,1,1569,314.75,1,1487,364.25,1,1446,396,1
47,702,889,1,661.5,842,1,696.5,787,1,727,776.5,1,1296,727.5,1,1379,665.5,1,1450,606.5,1,1485,580.5,1,608.5,741,1,602.5,657,1,667,603,1,705.5,606,1,984.5,561.5,1,1070,595,1,1163,642.5,1,1199,658.5,1,842.5,838,1,758,825.5,1,686,827,1,642.5,816.5,1,1629,382.25,1,1673,300,1,1643,224.25,1,1609,199.5,1,721.5,701,1,803,699.5,1,881,697,1,923,686.5,1,1655,252.875,1,1578,313,1,1489,363.5,1,1450,396,1
48,713,889,1,660,842.5,1,685,790.5,1,721.5,778.5,1,1293,727.5,1,1372,668.5,1,1446,607.5,1,1479,580,1,611.5,744,1,602.5,657.5,1,660.5,600,1,697.5,606,1,984,559.5,1,1069,593.5,1,1162,640,1,1194,658.5,1,845.5,838.5,1,764,825.5,1,688.5,828.5,1,647.5,818.5,1,1619,390.5,1,1673,307.25,1,1652,228.875,1,1621,212.875,1,720,698.5,1,799.5,698.5,1,877,697,1,919.5,686.5,1,1657,252.625,1,1581,311.25,1,1492,362.25,1,1450,395.5,1
49,718.5,887,1,660,844.5,1,671,797,1,707.5,779.5,1,1290,732,1,1371,669.5,1,1441,611.5,1,1472,580,1,612,749.5,1,601.5,659.5,1,651.5,593,1,690.5,599.5,1,978,559,1,1061,587.5,1,1156,639.5,1,1190,658.5,1,846,838.5,1,767,825.5,1,688.5,828.5,1,650.5,821.5,1,1614,390.5,1,1671,319.75,1,1666,237.125,1,1638,222.375,1,714,698,1,793,698.5,1,871,697.5,1,912.5,686.5,1,1657,248.5,1,1582,310.5,1,1494,362,1,1451,395.25,1
50,730.5,887,1,660,855,1,657,804,1,690,782,1,1286,734,1,1366,675,1,1438,617.5,1,1469,580,1,613.5,752,1,598.5,660,1,648.5,592,1,683.5,595.5,1,977.5,555.5,1,1059,586.5,1,1152,636,1,1183,658,1,851,839,1,767.5,824.5,1,688.5,828.5,1,651,821.5,1,1606,398.25,1,1665,330.25,1,1682,248,1,1655,223.75,1,710.5,698,1,791,698,1,865.5,698,1,909.5,687,1,1655,245.875,1,1583,308.5,1,1497,361.5,1,1452,392.5,1
51,732.5,886.5,1,667,861,1,646,810,1,673.5,786,1,1281,734.5,1,1363,678,1,1435,622,1,1466,582.5,1,615,758,1,598.5,668,1,640.5,591,1,674,592.5,1,972,554.5,1,1056,586,1,1151,635,1,1181,654.5,1,855.5,840,1,771.5,824.5,1,693.5,828.5,1,652,822.5,1,1597,403.5,1,1660,337,1,1689,256.25,1,1668,224.375,1,703.5,697.5,1,784,697.5,1,863.5,699,1,905,687,1,1654,240.5,1,1585,309.75,1,1497,361,1,1453,390.75,1
52,741.5,887,1,670,862.5,1,639.5,814.5,1,661,792.5,1,1279,739,1,1358,679.5,1,1435,624.5,1,1464,588.5,1,615.5,759,1,598.5,669,1,629.5,591,1,668,585.5,1,968,554.5,1,1055,585.5,1,1149,632.5,1,1178,653,1,857.5,840.5,1,773.5,824.5,1,696.5,827.5,1,655.5,823,1,1597,408.75,1,1655,346.25,1,1696,264.75,1,1682,227.5,1,703.5,698,1,784,697.5,1,858,700,1,900.5,693,1,1652,238.5,1,1585,309.75,1,1497,360.25,1,1453,388.25,1
53,751,888.5,1,676,865.5,1,639,824.5,1,649.5,799,1,1277,741,1,1355,683,1,1432,630,1,1463,591,1,616,764.5,1,597.5,674,1,621,591,1,656.5,580,1,965.5,554,1,1054,583.5,1,1146,628.5,1,1177,649.5,1,860.5,840.5,1,774.5,824.5,1,697.5,827,1,658.5,827,1,1590,415.25,1,1650,352,1,1698,274,1,1695,241.75,1,697.5,698,1,778.5,697.5,1,854.5,700,1,896,697,1,1649,233.625,1,1589,309.75,1,1497,357.25,1,1456,383.5,1
54,753.5,891,1,685,868,1,639,837,1,639,805.5,1,1274,744,1,1353,684,1,1429,632,1,1463,599,1,617,768,1,597.5,684.5,1,614,594.5,1,654,576.5,1,960.5,552.5,1,1045,583,1,1144,626,1,1177,648.5,1,863,841,1,779,827,1,702.5,824.5,1,667,838,1,1586,425.25,1,1649,354.25,1,1698,283,1,1702,243.125,1,694,698.5,1,773,697.5,1,848.5,701,1,892.5,704.5,1,1641,231,1,1594,309.75,1,1498,356.25,1,1456,377.5,1
55,763.5,892,1,692.5,873,1,639,844,1,630.5,813.5,1,1270,745,1,1351,688.5,1,1426,634,1,1463,604,1,617,774,1,597.5,686,1,608.5,599,1,644,576.5,1,960,551.5,1,1044,582.5,1,1140,623,1,1175,645.5,1,865,841,1,780,827,1,704,822.5,1,671,838,1,1581,426.25,1,1643,362,1,1698,295,1,1710,255.5,1,688.5,703,1,765,696.5,1,845.5,701.5,1,887,704.5,1,1629,230.5,1,1596,309.75,1,1501,354.75,1,1460,366.75,1
56,767.5,896,1,701,876,1,641.5,852,1,624.5,824.5,1,1266,746,1,1348,690.5,1,1422,637.5,1,1463,609,1,618,775.5,1,598,690.5,1,605.5,600.5,1,639.5,576,1,956,551,1,1041,580,1,1136,620.5,1,1168,639,1,869.5,840,1,781.5,827,1,705,822,1,675,838,1,1573,440.5,1,1637,367,1,1693,302.75,1,1712,265.25,1,687,713,1,760.5,696,1,838,705,1,878.5,704.5,1,1618,229,1,1598,310,1,1509,354.75,1,1464,355.75,1
57,776.5,900,1,709.5,880,1,641.5,857,1,624.5,837.5,1,1261,748.5,1,1346,691.5,1,1422,640,1,1462,615.5,1,617.5,780.5,1,598,694,1,603,604.5,1,634.5,576,1,954,548.5,1,1040,579,1,1135,619.5,1,1165,639,1,872,839.5,1,784,827.5,1,708.5,819.5,1,678,832,1,1570,441.5,1,1631,372.25,1,1690,309.5,1,1715,272.25,1,687,722.5,1,755,694,1,835,705,1,875.5,709,1,1609,226.25,1,1600,310,1,1515,354.75,1,1472,345.5,1
58,781.5,902,1,713.5,881.5,1,652,862.5,1,624.5,847,1,1261,750,1,1344,691.5,1,1419,643.5,1,1461,619,1,617.5,784,1,598,699,1,601.5,609.5,1,630,576.5,1,950,546.5,1,1037,578,1,1132,618.5,1,1165,636.5,1,872.5,830.5,1,788.5,827.5,1,712,815,1,681.5,827,1,1561,446.25,1,1628,378.5,1,1688,315.75,1,1715,282.75,1,687,733.5,1,742,694,1,830,705,1,867.5,718.5,1,1602,222.875,1,1602,310,1,1523,357.75,1,1479,345.5,1
59,790,903,1,718.5,884.5,1,656,866.5,1,626,857.5,1,1258,753,1,1342,693.5,1,1416,647.5,1,1458,623.5,1,618,788.5,1,598,703,1,598.5,613,1,622.5,577,1,945.5,543,1,1032,577,1,1129,615.5,1,1164,634,1,875.5,824.5,1,788.5,828,1,714,813,1,682,825,1,1558,446.25,1,1627,383,1,1684,319.5,1,1715,291.5,1,695,745,1,735.5,694,1,816,696,1,853,718.5,1,1600,219.375,1,1603,310.25,1,1531,362.5,1,1487,345.5,1
60,798.5,903,1,725.5,887,1,664,868.5,1,633,862.5,1,1256,755.5,1,1339,696.5,1,1414,647.5,1,1457,630,1,618,790.5,1,598,708,1,596,616,1,617.5,579.5,1,945,542,1,1029,572.5,1,1125,613.5,1,1161,629,1,878,811,1,799,835.5,1,715.5,813,1,689.5,811,1,1550,446.25,1,1620,391.5,1,1675,325.5,1,1711,301.5,1,701.5,755,1,726.5,694,1,804.5,692,1,844,718.5,1,1600,217.375,1,1603,310.25,1,1539,364.75,1,1496,348.5,1
61,801.5,903.5,1,735,888.5,1,669,869.5,1,639,864.5,1,1253,757,1,1335,698,1,1410,650.5,1,1457,634,1,618,794,1,598,713.5,1,590.5,617,1,611,582.5,1,940.5,539.5,1,1026,571.5,1,1120,611,1,1159,628.5,1,878,804,1,803,837.5,1,721.5,813,1,698.5,803,1,1541,445.25,1,1617,400,1,1670,328.5,1,1704,302.25,1,710.5,762,1,724,695.5,1,800.5,682.5,1,834.5,714.5,1,1596,215.75,1,1603,310,1,1547,370,1,1507,354.5,1
62,810,903.5,1,740.5,890,1,677.5,870,1,648.5,864.5,1,1250,757,1,1334,699,1,1407,650.5,1,1455,637.5,1,618,799.5,1,599,715,1,590,622.5,1,604.5,585,1,936,536.5,1,1023.5,571.5,1,1118,610.5,1,1156,625.5,1,882,797,1,814.5,837.5,1,735.5,820,1,704,803,1,1533,438.5,1,1616,405,1,1662,335,1,1690,305.25,1,717,769.5,1,723,696,1,789.5,675.5,1,820,708.5,1,1594,213.125,1,1604,309.25,1,1559,376.75,1,1511,370.75,1
63,815,903.5,1,750.5,892.5,1,686,871.5,1,657,864.5,1,1246,757,1,1331,702,1,1404,650.5,1,1455,638,1,618,804,1,600,717.5,1,589.5,623.5,1,594,587.5,1,935.5,536.5,1,1021,568.5,1,1114,609.5,1,1149,625,1,887,791,1,817,837.5,1,738.5,827,1,708,803,1,1523,438.25,1,1613,414,1,1661,343,1,1679,311.75,1,720.5,774.5,1,719.5,696,1,784,665,1,819.5,694.5,1,1594,212.25,1,1604,297.75,1,1565,377.5,1,1523,381.75,1
64,824,903.5,1,751,896,1,692.5,872,1,664,863,1,1241,746,1,1331,708,1,1400,652.5,1,1448,638,1,618,807.5,1,603.5,720,1,586,626,1,588.5,593.5,1,930,536.5,1,1015.5,567.5,1,1114,608.5,1,1149,625,1,889.5,790.5,1,818,837,1,741.5,831,1,714,806.5,1,1516,434.25,1,1605,417.75,1,1661,352.5,1,1666,320,1,722.5,778.5,1,718,697,1,776,654,1,806.5,681,1,1592,208.25,1,1604,296.5,1,1575,378.75,1,1539,388.25,1
65,830,903.5,1,755,897,1,699,876.5,1,673.5,863,1,1234,738,1,1330,711,1,1394,653,1,1437,638,1,618,809.5,1,604,724,1,584,632.5,1,587,595.5,1,926,536.5,1,1012.5,567.5,1,1108,608,1,1146,625.5,1,892.5,786.5,1,832.5,834.5,1,745,836.5,1,715.5,812.5,1,1511,430.25,1,1597,424.5,1,1658,361.75,1,1666,328.5,1,726.5,783,1,717.5,706,1,770.5,651.5,1,795,667,1,1590,206,1,1604,293.75,1,1581,378.75,1,1541,403.25,1
66,835,904.5,1,764.5,898.5,1,704.5,887.5,1,674,863,1,1232,724.5,1,1328,718.5,1,1386,653,1,1427,634.5,1,617.5,812,1,604,725.5,1,584,634.5,1,586,597,1,926,536.5,1,1011.5,567,1,1104,607.5,1,1138,626,1,895.5,781.5,1,833.5,827.5,1,750.5,842.5,1,717,820,1,1502,430,1,1590,425.25,1,1658,374.75,1,1666,340.25,1,727.5,790,1,717.5,706.5,1,763.5,641,1,791,659,1,1588,204.375,1,1604,293.25,1,1588,378.75,1,1549,413.5,1
67,841,904.5,1,768,900,1,705,894,1,681,868,1,1226,720,1,1323,727.5,1,1385,663,1,1418,634.5,1,617.5,816.5,1,603.5,728.5,1,582.5,638.5,1,581.5,603,1,921.5,536.5,1,1007.5,565,1,1102,607,1,1136,626,1,897,777.5,1,836.5,825.5,1,757.5,847,1,723,826,1,1497,429.75,1,1584,427.5,1,1657,390.5,1,1669,353.25,1,730,791,1,717.5,707,1,757,641,1,788,637.5,1,1586,202.75,1,1604,291.5,1,1593,379,1,1558,414.25,1
68,846,904.5,1,780.5,900,1,714.5,899,1,686,878.5,1,1225,714,1,1323,729,1,1385,672,1,1409,634.5,1,617.5,820.5,1,603.5,732,1,582.5,644.5,1,581,605.5,1,919,535,1,1007,563.5,1,1101,607,1,1131,626,1,902.5,776,1,838,824,1,761.5,851,1,727,831.5,1,1491,429.75,1,1578,427.75,1,1653,399.75,1,1669,366,1,733,799.5,1,718,715.5,1,750.5,640.5,1,784,631,1,1585,201.875,1,1604,290,1,1597,378.5,1,1566,414.75,1
69,853.5,905,1,784.5,899.5,1,718,903,1,689,890,1,1221,710.5,1,1311,729.5,1,1384,683,1,1399,642,1,617.5,821.5,1,603.5,733.5,1,582.5,649,1,579.5,610,1,914.5,535,1,1004,563,1,1095,607,1,1127,626,1,904.5,773,1,845,824,1,766.5,855,1,730,836,1,1484,430,1,1572,428.25,1,1647,410.25,1,1671,376.75,1,733,805.5,1,718,721.5,1,738.5,640.5,1,773.5,621,1,1585,198.75,1,1604,289.75,1,1600,378.25,1,1573,416,1
70,862.5,906,1,798.5,899.5,1,725.5,903,1,695.5,898,1,1215,703,1,1307,729.5,1,1383,695,1,1398,653,1,619,824,1,603.5,735,1,583.5,652,1,578.5,615,1,910.5,534.5,1,998.5,562,1,1092,604,1,1124,625.5,1,908.5,769,1,847,821.5,1,768.5,856,1,732.5,842.5,1,1478,430.25,1,1568,429,1,1643,416.5,1,1675,396.25,1,734,808.5,1,718,723.5,1,731.5,640.5,1,765,621,1,1585,194.375,1,1604,289,1,1603,377.75,1,1578,416,1
71,866,910.5,1,798.5,900,1,733,903,1,703.5,906.5,1,1214,700,1,1298,729.5,1,1383,704.5,1,1398,662,1,619,829.5,1,604,735,1,583.5,655,1,577.5,617,1,909.5,533,1,997.5,562,1,1090,602,1,1119,624.5,1,910,766,1,849,819,1,776.5,857,1,734,849,1,1472,430.75,1,1561,429.25,1,1639,418.25,1,1675,405.75,1,736,815.5,1,718,726,1,723.5,646,1,759,620.5,1,1584,191.25,1,1605,283.75,1,1606,374.5,1,1584,416,1
72,874,911,1,806,900,1,738,903,1,710.5,909.5,1,1209,698,1,1290,729.5,1,1380,712,1,1398,670.5,1,619,833.5,1,604,736,1,584,659.5,1,574.5,621.5,1,905,531.5,1,994.5,555.5,1,1088,602,1,1116,623,1,914,762.5,1,851,817.5,1,781,858,1,744.5,851,1,1464,432.5,1,1552,429.25,1,1632,424.75,1,1671,412.75,1,736.5,819,1,718,726,1,719,649.5,1,751,619,1,1581,189.875,1,1605,279.5,1,1606,371,1,1590,414.75,1
73,879.5,911,1,814,900,1,746,898.5,1,715,909.5,1,1205,697.5,1,1287,729.5,1,1376,721.5,1,1400,681,1,619,837.5,1,604,736.5,1,584.5,663.5,1,574.5,624.5,1,904,530.5,1,991.5,553.5,1,1086,598,1,1113,623,1,919.5,761,1,852,817,1,784,858,1,745.5,854.5,1,1457,433,1,1550,430.25,1,1629,426.5,1,1671,412.75,1,738,824,1,718,736.5,1,715.5,650,1,745,619,1,1576,189.875,1,1605,277,1,1606,369,1,1593,413.75,1
74,887,911,1,816,901.5,1,750.5,893.5,1,721.5,909.5,1,1199,697,1,1282,729.5,1,1374,725.5,1,1402,690,1,619,839,1,604,740,1,585,664.5,1,574.5,630.5,1,899,529,1,989,553,1,1083,593,1,1112,617.5,1,921,758.5,1,853,811.5,1,792,858,1,747,863.5,1,1453,436.5,1,1540,430.25,1,1619,428.25,1,1665,419.75,1,740.5,828,1,718,742,1,715,652.5,1,737.5,619.5,1,1568,189.875,1,1605,275,1,1604,367.75,1,1593,402.25,1
75,894.5,905.5,1,826,906.5,1,755,893.5,1,730.5,906.5,1,1197,695.5,1,1281,729,1,1370,733,1,1403,699.5,1,619,840.5,1,604.5,747,1,585.5,667,1,575,634.5,1,895.5,526.5,1,983.5,553,1,1080,591,1,1112,616,1,925.5,754.5,1,861.5,810.5,1,796,858,1,753.5,864.5,1,1446,436.75,1,1535,430.25,1,1614,429,1,1660,424.5,1,744,832,1,718,743,1,715,653.5,1,734.5,619.5,1,1563,192.625,1,1613,262.75,1,1603,363,1,1593,390.75,1
76,898,896,1,831.5,906.5,1,764.5,893.5,1,741.5,898,1,1194,694,1,1277,729,1,1367,734,1,1403,706,1,619,845.5,1,604.5,753,1,586,669.5,1,576,637.5,1,894.5,526.5,1,982.5,553,1,1077,588,1,1112,611.5,1,928,752,1,865.5,806,1,799,855.5,1,760.5,868.5,1,1438,437,1,1531,431.5,1,1610,429.5,1,1654,427.75,1,747.5,838,1,718.5,751.5,1,715,662.5,1,728.5,624,1,1550,198.625,1,1613,260,1,1603,354.25,1,1590,384.5,1
77,905.5,888,1,838.5,906.5,1,776.5,894.5,1,745.5,889,1,1188,691.5,1,1269,726,1,1361,738.5,1,1403,713.5,1,619.5,849,1,605,755,1,589,670,1,576,638.5,1,890.5,526,1,978.5,551.5,1,1074,585,1,1111,609,1,931.5,747.5,1,867.5,803,1,805,855.5,1,761.5,869.5,1,1435,439.25,1,1524,432,1,1606,429.5,1,1648,428.25,1,750.5,838,1,718.5,754,1,719,673.5,1,725,630,1,1544,201.5,1,1613,258.25,1,1603,351.25,1,1589,383.75,1
78,910,882.5,1,846.5,906.5,1,788,901.5,1,763.5,889,1,1180,688,1,1266,725,1,1357,743,1,1402,720,1,620,852.5,1,605.5,757.5,1,589,674.5,1,576,642,1,887,524,1,976.5,551.5,1,1070,584.5,1,1109,597.5,1,934.5,745,1,868.5,801.5,1,808.5,854,1,763,873,1,1429,439.5,1,1520,432,1,1598,429.5,1,1643,428.25,1,761.5,838,1,718.5,756.5,1,719,680,1,725,645.5,1,1534,204.625,1,1604,248.25,1,1608,347.5,1,1589,380.25,1
79,919,879,1,861.5,905.5,1,795.5,911.5,1,770,889,1,1176,686.5,1,1264,724.5,1,1354,744,1,1399,726.5,1,622,854,1,610,769.5,1,589.5,676.5,1,578.5,644,1,885,524,1,975.5,551.5,1,1070,582,1,1109,593,1,936.5,744,1,879.5,795.5,1,810.5,853.5,1,768,877.5,1,1421,439.5,1,1514,432.75,1,1594,429.5,1,1636,428.25,1,768.5,833,1,718.5,770.5,1,719,684,1,725,650,1,1527,208.375,1,1604,247.125,1,1616,339.75,1,1590,377.25,1
80,927.5,877,1,862.5,905,1,799.5,921,1,772.5,902.5,1,1175,686,1,1263,723,1,1349,744.5,1,1396,731,1,622,855,1,610,772,1,590.5,680.5,1,582.5,646.5,1,881,523,1,975,551,1,1066,580,1,1109,588,1,941,743,1,881,795,1,814.5,851,1,777.5,878,1,1418,439.5,1,1504,433.75,1,1586,429.5,1,1631,428,1,780,831,1,722.5,779.5,1,716,691,1,732.5,657,1,1525,208.5,1,1600,247,1,1624,338.5,1,1605,374.5,1
81,936,875.5,1,871,903.5,1,810.5,923.5,1,776.5,917,1,1168,685,1,1253,722.5,1,1343,745.5,1,1391,735.5,1,622.5,859.5,1,610,774,1,591.5,682,1,585,648,1,879.5,523,1,972,549,1,1066,580,1,1106,584.5,1,942,736.5,1,883.5,793.5,1,815.5,849,1,786.5,878,1,1412,438.5,1,1501,433.75,1,1580,430.25,1,1625,427.5,1,786,829,1,734.5,786,1,709.5,696.5,1,732.5,666,1,1519,208.5,1,1600,246.625,1,1637,326.25,1,1618,370.5,1
82,943,875,1,877.5,902.5,1,816,923.5,1,788.5,925.5,1,1168,681,1,1250,715,1,1340,748,1,1391,742,1,623,863.5,1,610.5,780.5,1,591.5,685.5,1,585,649.5,1,875.5,523,1,965,547.5,1,1061,580,1,1101,584.5,1,946.5,735,1,884.5,790.5,1,819.5,849,1,794,878,1,1409,438.5,1,1495,434.25,1,1577,430.5,1,1619,427.5,1,795,826,1,735,787,1,702,702,1,732.5,674.5,1,1513,208.375,1,1599,246.375,1,1643,322,1,1623,362,1
83,954,873.5,1,884.5,898,1,828.5,923.5,1,798.5,934,1,1161,680.5,1,1247,713.5,1,1336,748,1,1385,745.5,1,623.5,867.5,1,610.5,781,1,593,688.5,1,585.5,650.5,1,873.5,528,1,964,546,1,1058,584.5,1,1097,584.5,1,950.5,731,1,887,788.5,1,826,846,1,798,876,1,1402,438.5,1,1488,435.5,1,1569,431.75,1,1613,427.5,1,799.5,826,1,735,787,1,696,713,1,726.5,682.5,1,1513,207.5,1,1598,244.625,1,1649,317,1,1636,360,1
84,962.5,873.5,1,894.5,896.5,1,840,919.5,1,808.5,934,1,1158,680.5,1,1245,713.5,1,1331,748,1,1379,750,1,623.5,869,1,610.5,785,1,593,691.5,1,585.5,653.5,1,867.5,535.5,1,963,538.5,1,1050,584.5,1,1091,585,1,953,728.5,1,893.5,786,1,828,840.5,1,798,875,1,1397,439.5,1,1488,435.75,1,1563,432.75,1,1608,427.5,1,808,826,1,735,789.5,1,688,722,1,717.5,686,1,1508,205.625,1,1596,244.125,1,1652,314.25,1,1644,355,1
85,971.5,873,1,901,890,1,845,912.5,1,814,934,1,1151,680.5,1,1237,713,1,1325,747.5,1,1376,752.5,1,624.5,872,1,610.5,787.5,1,593,696.5,1,585.5,656,1,863.5,545.5,1,960,538,1,1041,584.5,1,1081,596.5,1,953.5,727,1,894.5,785.5,1,830.5,839.5,1,803,873,1,1389,439.75,1,1483,435.75,1,1562,433.5,1,1602,431.25,1,812,826.5,1,738,795.5,1,683.5,728.5,1,703,692,1,1502,203,1,1591,244,1,1657,305,1,1654,345.25,1
86,981.5,871,1,908,889.5,1,850.5,907,1,824,929,1,1150,680.5,1,1233,712.5,1,1322,747,1,1370,756.5,1,625,872.5,1,610.5,789.5,1,592.5,697.5,1,585.5,657.5,1,863,552,1,953.5,534.5,1,1036,580.5,1,1070,598,1,957.5,726,1,895.5,779.5,1,833,836.5,1,806.5,869,1,1387,440.25,1,1472,436.75,1,1553,435.5,1,1601,431.75,1,817,829.5,1,738.5,796.5,1,681,736,1,697.5,696,1,1498,201.75,1,1588,243.5,1,1657,299.5,1,1660,340.5,1
87,991,869.5,1,917,887.5,1,859.5,903,1,831,919,1,1144,678.5,1,1232,710.5,1,1318,745,1,1366,759,1,625,877.5,1,611,791.5,1,592,697.5,1,586,660.5,1,861,566,1,946.5,531,1,1032,576,1,1055,598,1,960.5,723,1,898.5,779,1,833,834.5,1,811,866,1,1383,442.5,1,1471,437,1,1548,436,1,1595,434.25,1,823,829.5,1,740,797,1,680.5,745.5,1,686,705.5,1,1496,200.625,1,1585,242.375,1,1657,291.75,1,1671,336.25,1
88,996.5,864,1,926,887,1,866,898,1,833.5,911.5,1,1141,678.5,1,1229,710.5,1,1313,744.5,1,1358,759,1,625,880,1,611,796,1,592,699.5,1,595,662,1,860,568.5,1,942,531,1,1027,566,1,1048,598,1,962,718.5,1,900,777.5,1,836.5,833.5,1,813.5,864.5,1,1375,442.75,1,1466,437,1,1545,436.25,1,1589,437.75,1,824,830.5,1,751.5,803.5,1,680.5,755,1,676.5,715,1,1492,200.375,1,1584,242,1,1656,286.5,1,1674,330.5,1
89,1005.5,862.5,1,932.5,885.5,1,875,897,1,841,904.5,1,1136,675,1,1221,709.5,1,1308,742,1,1357,759,1,625.5,880,1,611,803.5,1,592,702,1,595.5,663,1,856.5,576,1,938,531,1,1023.5,555.5,1,1043,593.5,1,964,714.5,1,902.5,775.5,1,840,833,1,815.5,861.5,1,1373,443.25,1,1460,437,1,1539,436.5,1,1581,438.25,1,826.5,833.5,1,754,804.5,1,681,758.5,1,668,728,1,1489,197.75,1,1582,240.875,1,1654,281.25,1,1676,320,1
90,1013,860,1,945,882.5,1,881,897,1,844.5,900.5,1,1134,674.5,1,1217,708,1,1306,740.5,1,1353,756.5,1,636.5,880,1,606,804,1,598,706.5,1,598.5,668,1,851.5,582.5,1,933.5,531,1,1023,547.5,1,1042,585.5,1,964,711.5,1,910,773,1,843.5,825.5,1,818.5,853,1,1367,444.5,1,1457,437.25,1,1534,436.5,1,1580,438.5,1,838,836.5,1,755,805.5,1,683.5,768.5,1,661.5,739,1,1483,197.75,1,1571,234,1,1652,278.75,1,1679,317.5,1
91,1018,856,1,959.5,882.5,1,891,894,1,858,895.5,1,1128,673,1,1214,707.5,1,1304,738.5,1,1348,753.5,1,644.5,873.5,1,606,804.5,1,599,716.5,1,601.5,681,1,847,584,1,928.5,531.5,1,1020.5,541,1,1038,575,1,964,704.5,1,913,771,1,844,821,1,821.5,842.5,1,1363,445.75,1,1452,438.5,1,1529,436.5,1,1575,438.5,1,842.5,836.5,1,771.5,812,1,688,775,1,660,748,1,1480,197.75,1,1568,232,1,1646,278.75,1,1679,312.5,1
92,1027,853,1,961,876,1,895.5,894.5,1,865.5,895,1,1127,669.5,1,1213,707,1,1299,737.5,1,1345,745,1,656.5,871.5,1,606,817,1,599,725,1,611.5,685.5,1,846.5,587,1,919.5,536,1,1019.5,532.5,1,1038,563.5,1,958.5,696,1,916.5,769,1,847.5,813.5,1,822.5,834,1,1359,446.25,1,1446,438.75,1,1526,436.5,1,1569,438.25,1,851.5,842.5,1,783,818,1,694,778,1,660,758.5,1,1475,199.25,1,1555,228.5,1,1641,276,1,1679,307,1
93,1035,852.5,1,967,873,1,906,897,1,870.5,895,1,1121,669,1,1205,707,1,1296,737,1,1345,743.5,1,668,865.5,1,606,817,1,599,732,1,613.5,700.5,1,840.5,592,1,914.5,538,1,1013,525,1,1036,553,1,951.5,692,1,925.5,764.5,1,851.5,810,1,823,828,1,1353,446.5,1,1439,439,1,1521,435.75,1,1567,437.75,1,857,846,1,784,819,1,698,782.5,1,660,764.5,1,1467,206,1,1554,219,1,1632,275.5,1,1679,307,1
94,1041,848,1,975,871,1,913.5,894.5,1,876,895,1,1121,665,1,1204,706.5,1,1291,736,1,1340,739,1,671.5,863,1,606,820,1,592,739,1,613.5,709.5,1,836,596,1,912.5,538.5,1,1010,520,1,1036,541.5,1,943,684,1,929.5,761,1,856,808,1,829,817.5,1,1350,446.75,1,1438,439.25,1,1516,434.5,1,1562,437.5,1,863.5,850.5,1,785.5,820,1,703,784,1,663,771.5,1,1464,216.25,1,1551,215.625,1,1624,275.5,1,1671,304.5,1
95,1049,847.5,1,980,870,1,922.5,894,1,886.5,895,1,1117,664.5,1,1202,706,1,1287,734.5,1,1335,739,1,681,863,1,606.5,820,1,582,747.5,1,613.5,716,1,831.5,599,1,907.5,539.5,1,1001,510,1,1034,532.5,1,938,679,1,933.5,760,1,863,808,1,829.5,812,1,1343,446.75,1,1434,440.25,1,1513,433.5,1,1556,437.25,1,866.5,850.5,1,786,820,1,706.5,784,1,671.5,772,1,1458,218.875,1,1547,213.875,1,1621,271,1,1657,303.75,1
96,1055,847.5,1,988.5,869,1,926,893.5,1,895,897,1,1112,663.5,1,1200,697.5,1,1282,734.5,1,1331,739,1,685,863,1,607.5,827,1,575,755.5,1,607,722,1,831,600.5,1,903,544,1,998.5,509.5,1,1034,523.5,1,931.5,678,1,939,759.5,1,869.5,808,1,833.5,810,1,1341,447.75,1,1429,441,1,1506,432.75,1,1550,436.25,1,874.5,850.5,1,787,821,1,713,786,1,682.5,772.5,1,1453,225.25,1,1539,213.375,1,1617,260.5,1,1640,299.75,1
97,1063,842.5,1,992,868,1,940,891,1,904,897.5,1,1111,661,1,1198,697,1,1280,734,1,1324,741,1,688.5,864,1,610,828,1,571.5,762.5,1,600,730.5,1,826,604.5,1,897,548.5,1,991.5,507.5,1,1033,514,1,927.5,673.5,1,940,754,1,874.5,808,1,841.5,806,1,1336,447.75,1,1422,441,1,1504,432.5,1,1549,435.5,1,879,849,1,798.5,821.5,1,721,789,1,686.5,772.5,1,1449,227.5,1,1535,213.375,1,1617,250.75,1,1640,296.25,1
98,1073,842,1,995.5,867,1,944,889,1,910.5,897.5,1,1106,659,1,1190,697,1,1274,733.5,1,1315,741,1,695.5,866,1,612,833.5,1,566.5,773,1,589.5,736,1,820,607,1,893,549,1,987,504,1,1022.5,504.25,1,924,668.5,1,941.5,753.5,1,880.5,808.5,1,848.5,806,1,1331,448,1,1421,441,1,1499,432.25,1,1545,435.25,1,886.5,847,1,799,824.5,1,727.5,793,1,694,772.5,1,1444,229.375,1,1534,213.375,1,1617,238.875,1,1640,287.5,1
99,1079,841,1,1010.5,860.5,1,953.5,883,1,916,897,1,1105,657,1,1187,697,1,1273,733.5,1,1314,741,1,700.5,870,1,621.5,836.5,1,560.5,779.5,1,578,745,1,813.5,610.5,1,887,553,1,980.5,504,1,1021,499.75,1,919,665.5,1,942,746.5,1,893,809,1,856,806,1,1326,448,1,1417,441.5,1,1497,432.25,1,1537,432.75,1,889.5,847,1,803.5,829.5,1,733,795.5,1,701,774.5,1,1438,229.375,1,1533,213.5,1,1616,230.875,1,1642,276.5,1
100,1085,839,1,1014,859.5,1,956,879,1,923,897,1,1102,653,1,1185,696.5,1,1268,733,1,1313,741,1,703,871,1,622,838.5,1,560.5,792,1,569.5,749.5,1,813,614,1,885.5,554.5,1,975.5,504,1,1013.5,493.75,1,918.5,663.5,1,943,745,1,901,810,1,863,807,1,1324,448.25,1,1408,441.5,1,1489,432.25,1,1533,432.5,1,895.5,846.5,1,813,834.5,1,735,801.5,1,707,775.5,1,1435,229.375,1,1524,214.125,1,1615,222.125,1,1645,265.75,1
101,1092,838,1,1027,857.5,1,961.5,877.5,1,929,894,1,1097,652.5,1,1184,695.5,1,1266,732.5,1,1308,741,1,711,872,1,626.5,838.5,1,560,795.5,1,560,761.5,1,807.5,616,1,882,556.5,1,968.5,506.25,1,1009.5,490.75,1,914.5,661,1,943.5,743.5,1,909,811.5,1,871,807.5,1,1322,448.25,1,1408,441.5,1,1487,432.5,1,1527,431.75,1,901.5,846.5,1,816,836,1,737,809.5,1,710,782.5,1,1429,229.25,1,1521,214.625,1,1610,217.25,1,1647,253.75,1
102,1100,834,1,1028,854.5,1,971,873.5,1,939.5,888.5,1,1096,652,1,1184,695.5,1,1261,733,1,1305,741.5,1,715,873.5,1,628,839.5,1,560,800,1,550,771.5,1,803,616.5,1,877,561,1,962.5,506.25,1,1003,490.5,1,914,653,1,943.5,741.5,1,912.5,811.5,1,881,812.5,1,1315,448.5,1,1402,441.5,1,1481,433.75,1,1524,431.75,1,908.5,847.5,1,820,837,1,739,816,1,715.5,788.5,1,1423,226.875,1,1519,214.625,1,1606,214.5,1,1647,241.25,1
103,1103,830.5,1,1037,854,1,975.5,870,1,942,888,1,1092,650.5,1,1183,695,1,1259,732.5,1,1305,742,1,719.5,878.5,1,628,839.5,1,560,807.5,1,542.5,782.5,1,797.5,622.5,1,868.5,564.5,1,958,508.75,1,995,490.5,1,911.5,649,1,943.5,740.5,1,914,810,1,886.5,818,1,1309,448.5,1,1398,441.5,1,1477,434.75,1,1522,431.75,1,911.5,848,1,830.5,838.5,1,743.5,823.5,1,717.5,797.5,1,1418,225.625,1,1509,217.875,1,1599,209.375,1,1647,227.125,1
104,1113,829.5,1,1041,853,1,976,867.5,1,947,881.5,1,1090,649.5,1,1172,693.5,1,1254,732.5,1,1302,744.5,1,726.5,881,1,643.5,845,1,560.5,814,1,542.5,793.5,1,794,624,1,866,567,1,952,510,1,990.5,490.5,1,911,646,1,943.5,726.5,1,930.5,803.5,1,900.5,825,1,1308,449.25,1,1390,441.5,1,1471,436.5,1,1520,433,1,919,855,1,833,838.5,1,751,830,1,718,806,1,1414,225.5,1,1506,218.5,1,1595,209.375,1,1647,223.375,1
105,1119,828,1,1045,852.5,1,985.5,865.5,1,951.5,878.5,1,1088,643,1,1170,692,1,1251,732.5,1,1296,747.5,1,732,885.5,1,655,852.5,1,564.5,820,1,542.5,799,1,790.5,627,1,860,568,1,949.5,511.25,1,986.5,493.25,1,907.5,644.5,1,943,724.5,1,940.5,798.5,1,916.5,831.5,1,1306,450.25,1,1390,442,1,1468,437.25,1,1514,438.25,1,925,856,1,844,838.5,1,757.5,833.5,1,718,816.5,1,1409,224.125,1,1504,218.625,1,1589,209.375,1,1646,213.75,1
106,1124,825.5,1,1056,851,1,992,864,1,958.5,873.5,1,1086,636.5,1,1168,691.5,1,1249,730.5,1,1293,744.5,1,734,886,1,655.5,853,1,565,827,1,545,806,1,785,630,1,857,569.5,1,942.5,515,1,982.5,494.25,1,905.5,639,1,942.5,721.5,1,942.5,796.5,1,925.5,831.5,1,1300,450.5,1,1386,442,1,1464,437.25,1,1510,440.25,1,927,858,1,849,838.5,1,762,837,1,720.5,824.5,1,1403,224.125,1,1493,218.625,1,1584,209.75,1,1640,208.125,1
107,1129,823.5,1,1061,843.5,1,998,862.5,1,968,872.5,1,1086,634,1,1165,690.5,1,1246,725.5,1,1287,744.5,1,739.5,886.5,1,657,854,1,566,829,1,545.5,812,1,784,632,1,854,572,1,939.5,518.5,1,976.5,500,1,905,633.5,1,941.5,716,1,945,796,1,929,831.5,1,1294,451.25,1,1381,442,1,1462,438.25,1,1505,441.5,1,936,859,1,859.5,840,1,769.5,837,1,726,830,1,1400,224.125,1,1491,218.875,1,1578,212.75,1,1629,200.75,1
108,1134,821.5,1,1062,843,1,1000.5,862.5,1,969.5,868.5,1,1086,624,1,1156,690,1,1244,722.5,1,1283,744,1,746,889.5,1,660.5,854.5,1,575.5,829,1,550.5,815,1,781,634,1,848.5,577,1,936,522.5,1,974,507.25,1,904.5,632,1,941.5,711,1,949.5,788.5,1,929.5,828.5,1,1294,452.25,1,1377,442,1,1457,438.25,1,1502,441.75,1,942.5,860.5,1,863.5,840.5,1,770,837,1,731,838.5,1,1397,224.125,1,1490,218.875,1,1573,216.5,1,1620,200.75,1
109,1142,820.5,1,1070,843,1,1007.5,861,1,978,866.5,1,1086,620.5,1,1155,689,1,1241,722.5,1,1279,737,1,752,889.5,1,669.5,855.5,1,582,833,1,552.5,818.5,1,774.5,638.5,1,844.5,579.5,1,932,524.5,1,974,511,1,901.5,631.5,1,940.5,707,1,951,784.5,1,932,823.5,1,1289,452.25,1,1375,442.5,1,1452,438.25,1,1497,442.5,1,948,865.5,1,868,841,1,775.5,835.5,1,734.5,839,1,1392,224.125,1,1487,219,1,1568,218.75,1,1618,200.75,1
110,1147,818,1,1076,843,1,1015.5,860.5,1,983,863.5,1,1088,614,1,1152,683.5,1,1234,722.5,1,1278,730,1,755.5,893,1,675,859,1,583.5,835,1,559.5,822,1,772.5,641.5,1,839,585,1,930,526,1,972,513,1,900,626.5,1,936,705.5,1,955,781,1,939.5,818.5,1,1286,452.5,1,1372,442.5,1,1449,438,1,1493,442.5,1,955,865.5,1,871.5,841.5,1,783,835.5,1,744,840.5,1,1387,229,1,1475,219,1,1563,220.5,1,1617,205.5,1
111,1151,814.5,1,1085,837.5,1,1022,858,1,986,862.5,1,1088,613.5,1,1149,682,1,1229,725.5,1,1274,723.5,1,760,894,1,675.5,859.5,1,590.5,837,1,561,824,1,765.5,643.5,1,834,586.5,1,924.5,528,1,968,520,1,896.5,622.5,1,935,700,1,955.5,776.5,1,950.5,814.5,1,1280,452.75,1,1368,442.75,1,1445,437.5,1,1489,441.5,1,959,865.5,1,878.5,842,1,792,834,1,752,840.5,1,1386,231.875,1,1472,219.5,1,1556,221.75,1,1617,212,1
112,1159,814.5,1,1090,837,1,1027,857.5,1,994,862.5,1,1088,608,1,1143,682,1,1223,727.5,1,1266,720,1,768,897,1,687,867,1,592,838,1,569,826.5,1,765,647.5,1,829.5,588,1,921.5,531,1,960.5,521,1,894,617.5,1,934.5,697.5,1,956,773,1,951,810.5,1,1280,453,1,1365,443.5,1,1440,437.5,1,1486,441.5,1,965.5,865.5,1,882,843,1,797,833,1,757.5,839.5,1,1381,233.25,1,1469,219.5,1,1550,221.75,1,1608,220.625,1
113,1164,812.5,1,1093,836,1,1035,857.5,1,999.5,862.5,1,1086,603,1,1142,682,1,1218,728,1,1264,720,1,768.5,898,1,689,868.5,1,602.5,839.5,1,574.5,828,1,762.5,648.5,1,828,590.5,1,915.5,531.5,1,959,523.5,1,893,617,1,933.5,693,1,956.5,768,1,955.5,808.5,1,1276,453.25,1,1361,443.5,1,1439,437.5,1,1485,439.5,1,973.5,864.5,1,884,849.5,1,801.5,830.5,1,766,839.5,1,1378,235,1,1461,219.5,1,1547,221.75,1,1597,227.875,1
114,1168,812,1,1102,835,1,1040,855.5,1,1002.5,862.5,1,1083,601.5,1,1140,682,1,1213,730,1,1260,720,1,776,900,1,691,869,1,608.5,840,1,577.5,830,1,757,653,1,823,595.5,1,910,531.5,1,953,523.5,1,892.5,613,1,932.5,690,1,957.5,763.5,1,965,805.5,1,1272,453.25,1,1359,444.25,1,1436,437.5,1,1484,433.5,1,976,862,1,884,851,1,809.5,830.5,1,767.5,837,1,1373,236,1,1461,219.5,1,1544,218.375,1,1596,227.875,1
115,1175,809,1,1106,834.5,1,1043,852,1,1011.5,863.5,1,1081,599,1,1139,678.5,1,1211,733,1,1254,726,1,782,901,1,702,871,1,610,844.5,1,582.5,832,1,753,655.5,1,820.5,597.5,1,909,532,1,944,523.5,1,892.5,608,1,932,687.5,1,957.5,757,1,968,801,1,1270,453,1,1357,444.25,1,1434,437.5,1,1480,430,1,983.5,856.5,1,894.5,851.5,1,812,830.5,1,778,830,1,1370,236.5,1,1459,220.5,1,1541,215.375,1,1588,227.875,1
116,1180,808,1,1108,834.5,1,1051,849.5,1,1017,863.5,1,1079,598,1,1137,678,1,1205,733.5,1,1250,729.5,1,783,902,1,702.5,871.5,1,617,845,1,586.5,833.5,1,751.5,659.5,1,817.5,600,1,904,533,1,943.5,520,1,892.5,603.5,1,931.5,682.5,1,958,753.5,1,969.5,795.5,1,1267,453,1,1356,444.5,1,1433,438,1,1477,426.75,1,990.5,854.5,1,895,854.5,1,817,833,1,780.5,826.5,1,1367,236.5,1,1455,220.5,1,1535,208.125,1,1586,227.25,1
117,1185,806,1,1118,828,1,1055,847,1,1022,863.5,1,1077,593,1,1134,675,1,1199,734,1,1247,734.5,1,789.5,902,1,706,871.5,1,622,845.5,1,592.5,835.5,1,748,663,1,813.5,603,1,900,534.5,1,938,518.5,1,890,600.5,1,930,679.5,1,958,751.5,1,969.5,789.5,1,1264,453.25,1,1353,444.5,1,1429,439,1,1473,426.75,1,992.5,853,1,901,857,1,825.5,837.5,1,788,826.5,1,1362,236.5,1,1454,224.375,1,1533,205.75,1,1584,224,1
118,1192,805.5,1,1122,827.5,1,1057,846,1,1027,860.5,1,1073,590,1,1134,673.5,1,1195,734,1,1242,741,1,794.5,902,1,707,872,1,624.5,850,1,594.5,839,1,747.5,664.5,1,803.5,607.5,1,895.5,535.5,1,927.5,518.5,1,889.5,599.5,1,928.5,676,1,957.5,749.5,1,972,785.5,1,1263,454.5,1,1351,444.5,1,1426,439.25,1,1471,426.75,1,1003,853,1,910.5,857,1,829.5,841.5,1,795,826.5,1,1358,235.375,1,1443,226,1,1528,203.375,1,1583,215.625,1
119,1197,803,1,1124,826.5,1,1061,845,1,1032,858.5,1,1072,587,1,1125,672.5,1,1190,734,1,1233,747,1,799.5,904.5,1,717.5,875,1,629,852.5,1,599,841.5,1,747.5,670,1,799.5,609.5,1,889.5,542.5,1,926,518.5,1,888,597,1,928.5,673,1,957.5,742,1,973.5,781.5,1,1261,454.75,1,1348,444.5,1,1422,439.25,1,1469,427.5,1,1008.5,851.5,1,914.5,857,1,832,846.5,1,799.5,826.5,1,1354,235.375,1,1442,227.625,1,1525,203.375,1,1579,205.25,1
120,1200,800,1,1125,826,1,1068,840.5,1,1039,858,1,1068,585.5,1,1124,667,1,1185,734,1,1232,750,1,801.5,905,1,721.5,876,1,635,855,1,602.5,841.5,1,747.5,677.5,1,796.5,610.5,1,887,552,1,918.5,520,1,888,596.5,1,927,666.5,1,958,738.5,1,978.5,778,1,1258,455.25,1,1343,444.5,1,1421,439.5,1,1466,428.75,1,1008.5,849,1,918.5,857,1,840,852.5,1,803,830.5,1,1352,235.375,1,1440,227.75,1,1520,203.375,1,1569,197.25,1
121,1209,799.5,1,1134,822,1,1071,840.5,1,1046,856,1,1068,581.5,1,1122,662.5,1,1181,734,1,1225,750.5,1,806.5,908,1,723.5,876,1,638.5,858.5,1,604.5,844,1,753,683.5,1,790,613.5,1,885,558.5,1,916.5,528,1,885,593,1,926.5,664.5,1,957.5,736.5,1,980,775,1,1257,455.25,1,1343,444.75,1,1419,439.75,1,1464,430,1,1017,849,1,926,857,1,844,857.5,1,809,834.5,1,1348,235.5,1,1439,227.75,1,1518,205,1,1564,190.25,1
122,1211,799.5,1,1139,821,1,1079,836,1,1050,854,1,1066,580,1,1122,661.5,1,1179,733.5,1,1217,752,1,810,908,1,724.5,882,1,642,863,1,609,848,1,754,694,1,787.5,619.5,1,877.5,563.5,1,914.5,544.5,1,882.5,588.5,1,926.5,664.5,1,957.5,734.5,1,980.5,771,1,1253,455.5,1,1340,445,1,1416,440.25,1,1462,431.25,1,1024,847.5,1,931.5,857,1,848,859.5,1,814,840.5,1,1344,236.125,1,1424,227.625,1,1513,209.875,1,1557,190.25,1
123,1217,798,1,1140,821,1,1082,835,1,1053,851.5,1,1065,575.5,1,1122,661,1,1176,732,1,1214,752.5,1,816.5,911.5,1,735,883,1,647,864.5,1,614.5,848.5,1,763,698,1,779,619.5,1,873,563.5,1,913,555.5,1,881,588,1,926.5,662.5,1,957.5,732,1,980.5,768,1,1250,455.75,1,1336,447.75,1,1416,440.5,1,1460,432,1,1027,847.5,1,936,857,1,856.5,863.5,1,815,845.5,1,1339,246.5,1,1413,226.875,1,1504,221,1,1554,190.25,1
124,1222,796,1,1152,819.5,1,1086,833.5,1,1058,844,1,1063,573,1,1117,657,1,1170,729.5,1,1207,752.5,1,817,912.5,1,735.5,883,1,648.5,867,1,618.5,852,1,769.5,706,1,774.5,621,1,862.5,563.5,1,904.5,563.5,1,880.5,586,1,926,661,1,957,727.5,1,980.5,765.5,1,1247,456.25,1,1334,448.25,1,1413,441,1,1457,435,1,1033,847,1,942.5,856.5,1,863.5,866,1,822,849,1,1338,252.25,1,1410,226.875,1,1500,224.875,1,1550,200.125,1
125,1225,793,1,1155,818.5,1,1091,832.5,1,1063,842,1,1058,570,1,1117,651.5,1,1167,729,1,1200,753,1,823.5,914,1,739,883.5,1,656,868.5,1,618.5,854.5,1,771,710,1,773.5,626.5,1,855,561.5,1,889.5,563.5,1,877,585,1,926,659,1,955.5,726.5,1,980.5,762.5,1,1247,458.5,1,1332,448.25,1,1411,441.75,1,1455,436.75,1,1039,847,1,947.5,856.5,1,864,867.5,1,827,854.5,1,1338,264.5,1,1407,226.875,1,1498,224.875,1,1549,214.75,1
126,1233,792,1,1157,818,1,1097,831,1,1065,841.5,1,1056,568.5,1,1108,647,1,1163,726,1,1195,753,1,829,918.5,1,749.5,884.5,1,657.5,869.5,1,623.5,858,1,774,715,1,773.5,626.5,1,846,558.5,1,888.5,563.5,1,875.5,585,1,926,658.5,1,950.5,725.5,1,979,759,1,1246,458.75,1,1330,448.5,1,1409,442,1,1452,437.25,1,1044,846.5,1,956.5,855.5,1,873,868.5,1,828.5,858,1,1336,273.5,1,1396,226.875,1,1491,224.875,1,1541,226.375,1
127,1237,790.5,1,1166,817,1,1098,827.5,1,1067,838.5,1,1055,567,1,1108,647,1,1161,723.5,1,1190,753,1,832.5,918.5,1,751.5,885.5,1,664,870.5,1,627,860,1,778,722,1,772,629,1,836.5,558.5,1,878.5,561.5,1,871,585,1,927,658.5,1,948.5,724,1,972,754.5,1,1244,459,1,1329,449.25,1,1408,442.5,1,1451,437.75,1,1049,846,1,962.5,854.5,1,878,870.5,1,835.5,862,1,1334,280.25,1,1394,228.875,1,1475,213.625,1,1524,226.375,1
128,1241,789.5,1,1170,811,1,1101,827.5,1,1072,834,1,1054,565,1,1106,645,1,1160,720,1,1185,752,1,834,919,1,751.5,886,1,664.5,870.5,1,630,861.5,1,778.5,729.5,1,771,629,1,829,557.5,1,865.5,558.5,1,865,585,1,929,658,1,948,718.5,1,968.5,753.5,1,1242,459,1,1326,449.25,1,1407,443,1,1450,439.25,1,1055,846,1,972,854,1,878.5,870.5,1,841.5,868,1,1331,288.5,1,1391,231.625,1,1467,206.875,1,1514,226.375,1
129,1244,786,1,1174,810,1,1108,825.5,1,1076,832,1,1054,558,1,1106,643.5,1,1157,718.5,1,1182,751,1,840,919.5,1,754,886,1,669,870.5,1,635,867,1,780,729.5,1,770,634.5,1,817,555.5,1,861,557,1,864,585,1,929,652,1,948,715,1,962.5,752.5,1,1241,459,1,1324,449.25,1,1407,443,1,1449,440.5,1,1057,845.5,1,975.5,852,1,886.5,870.5,1,851,876.5,1,1327,293.25,1,1391,231.625,1,1459,200.875,1,1510,222.25,1
130,1246,784.5,1,1183,806.5,1,1114,825.5,1,1078,831,1,1054,554,1,1103,642,1,1155,713.5,1,1177,750,1,842,919.5,1,755,886,1,671.5,869.5,1,640.5,868.5,1,780.5,736,1,770,636,1,810.5,555.5,1,848.5,554,1,860,586,1,929,651.5,1,948,713,1,957.5,750.5,1,1241,458.75,1,1323,449.75,1,1404,444,1,1447,441.5,1,1063,845.5,1,982,851.5,1,890,870,1,858,880.5,1,1326,293.75,1,1391,233.625,1,1456,197,1,1508,213.25,1
131,1254,784.5,1,1186,806.5,1,1118,825.5,1,1081,829,1,1054,554,1,1101,636,1,1154,710,1,1177,746,1,847.5,919.5,1,756,886,1,675.5,869.5,1,643,868.5,1,782,744.5,1,770,646,1,801.5,557,1,839.5,550.5,1,854.5,585.5,1,928,647,1,949,704.5,1,954,748.5,1,1240,456.25,1,1322,450.5,1,1403,444.25,1,1445,445.25,1,1071,842,1,983.5,851.5,1,895,866,1,865,880.5,1,1320,299.25,1,1390,242,1,1449,194.25,1,1501,203.375,1
132,1257,784,1,1188,806,1,1119,825.5,1,1086,827.5,1,1055,547.5,1,1092,635.5,1,1153,705,1,1177,742.5,1,849.5,922.5,1,765.5,886,1,679.5,869.5,1,649,868.5,1,782,745,1,770,658,1,792.5,557,1,832,543.5,1,853,585.5,1,927.5,646,1,949,702,1,952,741.5,1,1239,456.25,1,1322,451.25,1,1400,445,1,1442,445.75,1,1073,838.5,1,989.5,851.5,1,903.5,863,1,871,880.5,1,1314,303.75,1,1379,245.75,1,1443,194.25,1,1491,194.25,1
133,1263,784,1,1189,805,1,1126,825.5,1,1091,827.5,1,1058,542,1,1091,635,1,1152,700.5,1,1177,738.5,1,854.5,923.5,1,766,886,1,684.5,869.5,1,651.5,867.5,1,782.5,752,1,771,673.5,1,783,561,1,821.5,542,1,849,585.5,1,927.5,644.5,1,949.5,698.5,1,952,740,1,1239,456.25,1,1321,452.25,1,1400,445,1,1441,448.5,1,1078,836.5,1,992,852.5,1,903.5,858.5,1,874,875.5,1,1310,307.5,1,1375,252,1,1438,194.25,1,1470,181.875,1
134,1268,780.5,1,1200,805,1,1130,825,1,1092,827.5,1,1058,537.5,1,1088,628.5,1,1150,700,1,1179,728.5,1,858,924.5,1,772,891,1,688.5,869.5,1,654.5,866.5,1,783,761,1,771,676,1,779.5,565,1,813.5,541,1,848.5,584,1,927.5,643.5,1,950,693,1,952,735.5,1,1237,456.5,1,1321,453.5,1,1397,445,1,1439,450,1,1083,825.5,1,994.5,852.5,1,911,857.5,1,877,863,1,1305,310.75,1,1374,256.75,1,1434,195.25,1,1467,181.875,1
135,1272,780.5,1,1203,803.5,1,1134,824.5,1,1094,828.5,1,1061,537,1,1086,626.5,1,1148,699,1,1179,724,1,862.5,925.5,1,773.5,891.5,1,694.5,870,1,655.5,866,1,783,761,1,771,676.5,1,776.5,567.5,1,805.5,541,1,845,584,1,911.5,629,1,951,692,1,952.5,733.5,1,1235,457.25,1,1319,453.75,1,1396,444.75,1,1438,450,1,1086,823,1,1010.5,852.5,1,921.5,857.5,1,879,858,1,1301,311.75,1,1365,260.75,1,1429,201,1,1467,181.875,1
136,1278,779.5,1,1204,803.5,1,1138,822.5,1,1103,829,1,1061,533.5,1,1086,626,1,1142,699,1,1179,719.5,1,864,927,1,773.5,892,1,696,871,1,660.5,865.5,1,783,768.5,1,771,683.5,1,773.5,572.5,1,793.5,541,1,844,583,1,911.5,628,1,951.5,689.5,1,954.5,729.5,1,1232,457.5,1,1318,454.25,1,1394,444.75,1,1438,450,1,1088,818,1,1013.5,852,1,925.5,858.5,1,889.5,847.5,1,1294,314.25,1,1362,266.5,1,1425,206.25,1,1460,184.25,1
137,1280,779.5,1,1215,803,1,1147,821.5,1,1108,829.5,1,1061,528,1,1079,625,1,1135,698.5,1,1174,715,1,869,927.5,1,783,898,1,698.5,871,1,663.5,865.5,1,783.5,778,1,769.5,689.5,1,769,575.5,1,783,542,1,842,581,1,911,627,1,951.5,685,1,960,724,1,1232,458,1,1317,454.25,1,1393,444.5,1,1436,449,1,1093,812,1,1023,851,1,933.5,864,1,894.5,847.5,1,1294,316.5,1,1359,268.5,1,1421,211.875,1,1459,186.375,1
138,1286,777.5,1,1216,801.5,1,1151,820,1,1113,829.5,1,1060,523.5,1,1079,619.5,1,1130,698.5,1,1173,715,1,873.5,928.5,1,784,898.5,1,703.5,871,1,667,863,1,783.5,778.5,1,769,689.5,1,766.5,577.5,1,777.5,546.5,1,842,581,1,899,619.5,1,951.5,683.5,1,964.5,719.5,1,1231,458.25,1,1314,454.75,1,1392,444.25,1,1435,445.5,1,1102,810,1,1025,849,1,939,869.5,1,905,847.5,1,1290,322.5,1,1358,271,1,1418,221.125,1,1457,186.625,1
139,1290,776,1,1219,795.5,1,1157,816.5,1,1119,831,1,1058,521,1,1079,619,1,1126,698.5,1,1166,715,1,878,929,1,786.5,899,1,707,872.5,1,670,862,1,783.5,785,1,768.5,695,1,764.5,585.5,1,774.5,551,1,838.5,581,1,899,619,1,951.5,676.5,1,968,714.5,1,1230,458.25,1,1312,455.25,1,1391,443.5,1,1434,442.5,1,1105,810,1,1029,843.5,1,946,874,1,908.5,858,1,1287,328,1,1348,275.5,1,1412,228.75,1,1450,190.125,1
140,1297,775,1,1221,795,1,1162,814,1,1132,831,1,1057,519.5,1,1077,617,1,1119,698,1,1164,715,1,879,930,1,787.5,899,1,708.5,873.5,1,674.5,862,1,783.5,789,1,768.5,699,1,763,591,1,768,552,1,836,580,1,898.5,617,1,955,671.5,1,971,714,1,1228,458.75,1,1311,456,1,1390,442.75,1,1432,440.75,1,1112,810,1,1040,838,1,952,879,1,915.5,866.5,1,1284,329.5,1,1344,278.75,1,1406,232.75,1,1450,206,1
141,1298,774.5,1,1231,795,1,1165,808.5,1,1136,831,1,1056,516,1,1077,613.5,1,1116,696.5,1,1156,717.5,1,881,930.5,1,798.5,899,1,714.5,878,1,677.5,862,1,783.5,797.5,1,769,705.5,1,763,599,1,764.5,557.5,1,832,580,1,898.5,615.5,1,956.5,669.5,1,971,706.5,1,1226,460,1,1309,456.5,1,1388,442.5,1,1429,435.5,1,1120,810.5,1,1043,836.5,1,959.5,879,1,922.5,876.5,1,1281,334.75,1,1341,279.75,1,1404,236.375,1,1450,209.875,1
142,1302,768.5,1,1235,795,1,1167,806.5,1,1138,823,1,1056,510.5,1,1076,611.5,1,1112,693,1,1151,719,1,887,931.5,1,799.5,900,1,717,879,1,682.5,866.5,1,786.5,798.5,1,768,709.5,1,763,603,1,763.5,562,1,831.5,580,1,898,615,1,956.5,669,1,972.5,704,1,1224,460.75,1,1307,456.75,1,1386,442.5,1,1427,432,1,1129,811,1,1046,834,1,967,879,1,929.5,883,1,1279,339.5,1,1337,283.5,1,1400,239.5,1,1445,217,1
143,1304,759.5,1,1246,792,1,1170,800,1,1140,815.5,1,1054,508.75,1,1074,609,1,1111,691.5,1,1146,719.5,1,891.5,935,1,801.5,900,1,720.5,882,1,684.5,868,1,791,805.5,1,766.5,714,1,768.5,607,1,763.5,570.5,1,828,586,1,897.5,615,1,956.5,668.5,1,976.5,701.5,1,1224,461,1,1304,457.25,1,1384,442.5,1,1425,429,1,1138,811.5,1,1046,834,1,977,872,1,939.5,887.5,1,1278,343,1,1336,284.75,1,1398,239.625,1,1445,221.75,1
144,1308,754,1,1249,791,1,1178,800,1,1148,801,1,1054,504,1,1074,605.5,1,1105,688.5,1,1137,719.5,1,895.5,935,1,802,900.5,1,721.5,884.5,1,688.5,869.5,1,798,806,1,766.5,724,1,768.5,615.5,1,763.5,582.5,1,827.5,587.5,1,898,614,1,948.5,668.5,1,976.5,695.5,1,1223,461.75,1,1303,457.75,1,1382,443,1,1421,428.75,1,1146,820,1,1057,828,1,986.5,866.5,1,949,887.5,1,1277,344.75,1,1334,289.25,1,1395,239.625,1,1441,226.5,1
145,1311,745,1,1254,789.5,1,1185,800,1,1149,793.5,1,1052,501.25,1,1073,604,1,1102,687,1,1132,719.5,1,895.5,935.5,1,803.5,900.5,1,722,887.5,1,689.5,875,1,812,806,1,766.5,727,1,768.5,625,1,765.5,586.5,1,823.5,594.5,1,898,612,1,942.5,668,1,976.5,695,1,1221,462.25,1,1300,457.75,1,1380,443.75,1,1421,428.75,1,1150,820.5,1,1061,827,1,991,859.5,1,960,887.5,1,1276,347.5,1,1334,291.5,1,1389,239.625,1,1441,226.5,1
146,1313,741,1,1262,785,1,1192,808,1,1161,793.5,1,1051,501,1,1072,601,1,1100,686.5,1,1125,719.5,1,899,935.5,1,815,901,1,727.5,889,1,692,876,1,819.5,806,1,766.5,727,1,767,633,1,778.5,595.5,1,823,600,1,896.5,610.5,1,942.5,661.5,1,972.5,693,1,1218,462.5,1,1298,458,1,1377,446,1,1420,428.75,1,1159,820.5,1,1071,823,1,994.5,854.5,1,968.5,886.5,1,1273,350,1,1333,294,1,1384,239.75,1,1430,226.5,1
147,1320,736.5,1,1265,781,1,1200,811,1,1166,793.5,1,1051,497.25,1,1069,599,1,1098,685,1,1118,719,1,903,936,1,816,901,1,731,889,1,697.5,878.5,1,833,806,1,771.5,739,1,762.5,642.5,1,782,603,1,821,603.5,1,887,600,1,942.5,655.5,1,958,691,1,1216,463.5,1,1295,458,1,1376,446.25,1,1420,432,1,1167,820.5,1,1075,822,1,1001,846.5,1,973.5,878.5,1,1271,352,1,1333,298.5,1,1380,240.25,1,1429,222.5,1
148,1324,733,1,1268,778,1,1205,817,1,1177,804.5,1,1051,492.25,1,1068,596.5,1,1096,683.5,1,1113,719,1,905,938.5,1,818.5,902.5,1,733,889,1,698.5,883.5,1,836.5,806,1,773,744,1,756.5,648.5,1,782,618,1,817.5,606.5,1,887,599,1,942.5,649.5,1,952.5,689,1,1216,465.75,1,1294,457.75,1,1375,448,1,1420,438.75,1,1169,817.5,1,1084,821,1,1005,840.5,1,978.5,875.5,1,1268,353,1,1329,304,1,1378,241.25,1,1423,217.25,1
149,1330,730,1,1270,777,1,1216,817,1,1184,812.5,1,1051,490.5,1,1068,591.5,1,1093,679.5,1,1111,719,1,910.5,938.5,1,820,903,1,735,889,1,701.5,886.5,1,844.5,805.5,1,775.5,747.5,1,748.5,652,1,782,620.5,1,816.5,606.5,1,886.5,599,1,943,641.5,1,952.5,681.5,1,1214,470.5,1,1293,458,1,1373,449.75,1,1419,444.25,1,1172,808.5,1,1090,820,1,1012.5,833,1,979.5,863,1,1262,355.25,1,1328,305.25,1,1376,242.75,1,1417,214,1
150,1338,726,1,1279,772.5,1,1221,817,1,1189,821.5,1,1049,488.25,1,1068,590,1,1091,676.5,1,1105,719,1,911.5,938.5,1,820.5,903,1,738.5,888.5,1,706,886.5,1,848,807,1,778.5,753,1,742,660,1,766.5,625.5,1,814.5,606.5,1,886.5,599,1,944,634.5,1,952.5,674,1,1214,470.5,1,1292,457.75,1,1370,449.75,1,1418,448.5,1,1184,805,1,1092,819,1,1019.5,828,1,981.5,852.5,1,1261,357,1,1328,306.5,1,1373,243,1,1408,214,1
151,1344,724.5,1,1284,770,1,1230,812,1,1200,828,1,1048,488.25,1,1065,589.5,1,1089,674,1,1102,716.5,1,915.5,938,1,829.5,907.5,1,739.5,881,1,714.5,886.5,1,855.5,807,1,779.5,753.5,1,735,669.5,1,762,632.5,1,813,606,1,885.5,599.5,1,944,626.5,1,958,666,1,1213,471.25,1,1290,457.75,1,1369,449.75,1,1416,457,1,1192,802.5,1,1103,819,1,1026,823.5,1,986.5,842,1,1259,358.5,1,1325,311.25,1,1371,247,1,1401,214,1
152,1353,722.5,1,1295,757.5,1,1238,806,1,1208,828,1,1047,484.75,1,1064,587.5,1,1087,670,1,1099,715.5,1,920.5,937,1,831,912.5,1,743,881,1,725.5,882.5,1,863.5,809.5,1,782.5,757.5,1,730.5,677,1,752.5,640,1,810,606,1,880,600,1,944,617,1,963,656.5,1,1212,472.25,1,1290,457.75,1,1368,449.75,1,1411,457.75,1,1199,798.5,1,1109,819,1,1033,822,1,990,828.5,1,1257,361,1,1318,315.25,1,1371,252.75,1,1395,222.5,1
153,1358,719,1,1299,756,1,1244,800,1,1216,828,1,1046,480.5,1,1063,587,1,1086,668,1,1097,715,1,927,936,1,833,915.5,1,755.5,881,1,729,872.5,1,865,815,1,787,762.5,1,730,686,1,744.5,648.5,1,807,606,1,877.5,601.5,1,939.5,610.5,1,964.5,645,1,1209,473.75,1,1290,457.25,1,1367,448.25,1,1408,459.75,1,1204,794.5,1,1116,817.5,1,1035,822,1,994.5,823,1,1253,363,1,1316,317.5,1,1370,261.75,1,1395,227.875,1
154,1365,715.5,1,1300,754.5,1,1248,797.5,1,1226,827,1,1045,477.25,1,1063,583.5,1,1085,664.5,1,1096,707,1,931,936,1,837.5,917.5,1,765.5,882.5,1,735.5,870,1,872.5,819,1,798,770.5,1,729.5,693.5,1,738.5,652,1,803.5,606,1,874,602,1,938.5,606.5,1,969,636,1,1207,474.25,1,1290,456.75,1,1364,448.25,1,1405,459.75,1,1211,791,1,1123,817.5,1,1042,822,1,1003,813.5,1,1251,365.75,1,1312,320.5,1,1369,274.25,1,1395,237.5,1
155,1371,712,1,1308,754.5,1,1250,791,1,1231,824.5,1,1045,475,1,1061,580.5,1,1084,659.5,1,1096,705,1,937.5,936,1,847,918.5,1,768,889.5,1,744.5,870,1,880,821.5,1,801,774,1,729.5,698,1,731,660,1,799.5,605,1,868,602,1,937,606.5,1,970.5,627.5,1,1207,476,1,1292,456.25,1,1362,447,1,1405,459.75,1,1214,787,1,1134,816,1,1053,825.5,1,1010.5,813,1,1250,371,1,1309,323.25,1,1366,281.75,1,1398,246.625,1
156,1375,709.5,1,1311,749.5,1,1254,786,1,1236,816.5,1,1045,474,1,1060,577.5,1,1084,657.5,1,1096,702,1,943,934.5,1,850,919,1,769,898,1,746,870,1,880.5,823.5,1,815.5,786,1,729.5,707.5,1,722.5,669.5,1,798.5,603.5,1,866,602.5,1,937,606,1,972,618,1,1205,477.25,1,1293,456,1,1362,446.75,1,1405,457.25,1,1224,786.5,1,1139,811,1,1059,827.5,1,1022.5,813,1,1247,379,1,1302,326.75,1,1366,284,1,1405,253.5,1
157,1384,706.5,1,1317,746.5,1,1262,780.5,1,1242,811,1,1049,471.75,1,1058,576.5,1,1084,652,1,1098,697.5,1,947,936,1,852.5,919,1,769.5,905.5,1,749,873.5,1,888.5,825,1,815.5,786.5,1,731.5,713.5,1,719,678.5,1,796,601.5,1,865,602.5,1,937,604,1,974,614.5,1,1204,478,1,1293,456,1,1359,446.5,1,1405,453.25,1,1232,786.5,1,1142,810,1,1069,830,1,1025,813,1,1246,379,1,1302,327.75,1,1363,284,1,1408,254.875,1
158,1389,703,1,1326,740.5,1,1262,776,1,1244,805.5,1,1051,467.5,1,1057,572,1,1084,652,1,1099,691.5,1,952.5,937,1,865.5,918.5,1,774.5,911,1,749,886.5,1,895,828.5,1,820,790.5,1,733.5,717.5,1,717.5,686.5,1,791.5,601.5,1,864.5,602.5,1,935.5,602.5,1,974,607.5,1,1202,479.5,1,1293,456,1,1357,446.5,1,1403,450,1,1237,786.5,1,1150,810,1,1072,833.5,1,1031,823.5,1,1246,383,1,1302,328.25,1,1362,284,1,1408,265.25,1
159,1395,700,1,1332,737,1,1271,773.5,1,1251,799,1,1055,464,1,1051,570.5,1,1084,648.5,1,1101,686.5,1,960.5,937,1,868,918.5,1,783,918.5,1,749.5,895.5,1,899,828.5,1,820.5,791,1,737,721,1,717.5,695.5,1,788.5,601.5,1,864,602.5,1,931.5,602.5,1,974,602.5,1,1201,480.25,1,1292,456.25,1,1356,445.5,1,1401,446,1,1247,789,1,1154,810,1,1081,833.5,1,1039,832.5,1,1246,388,1,1303,328.5,1,1359,283,1,1408,270,1
160,1401,695.5,1,1341,731.5,1,1274,767.5,1,1252,797,1,1056,461,1,1051,568.5,1,1084,646.5,1,1103,683,1,961.5,940,1,881.5,918.5,1,788,921.5,1,751.5,905.5,1,906,828.5,1,821,793.5,1,741,724,1,717.5,702,1,785,600,1,863,602.5,1,930,602.5,1,972,598,1,1199,480.25,1,1286,457.75,1,1356,445.25,1,1400,441.25,1,1251,789,1,1165,804.5,1,1090,833.5,1,1049,840.5,1,1246,389.25,1,1303,328.75,1,1354,282.25,1,1406,270,1
161,1407,695,1,1343,731.5,1,1279,766,1,1254,788.5,1,1058,457.5,1,1047,563.5,1,1082,641,1,1104,680,1,969,941,1,883.5,918.5,1,792.5,922,1,755.5,911,1,912,825,1,822,794,1,755.5,732,1,722,709,1,782,599,1,853.5,602.5,1,925.5,602.5,1,968.5,596.5,1,1198,482,1,1286,457.75,1,1355,443.75,1,1398,440.25,1,1261,789,1,1170,801.5,1,1096,829,1,1054,843,1,1245,390.75,1,1303,331.25,1,1352,281,1,1404,270,1
162,1410,686,1,1348,726,1,1288,754.5,1,1262,782,1,1060,455.5,1,1046,557.5,1,1076,641,1,1104,672,1,975.5,943.5,1,886,918.5,1,794.5,922,1,761,919.5,1,922.5,822.5,1,830.5,802,1,760.5,734,1,733,709.5,1,781,598,1,852,602.5,1,922,603,1,964,594.5,1,1196,482.25,1,1285,458,1,1354,442.75,1,1395,437.25,1,1267,789,1,1176,799.5,1,1104,826.5,1,1068,843,1,1244,390.75,1,1301,332.75,1,1348,279.75,1,1401,267.25,1
163,1413,679,1,1361,724.5,1,1288,753.5,1,1263,766.5,1,1062,454.75,1,1045,556.5,1,1071,640,1,1104,665.5,1,976.5,945,1,896,918.5,1,799.5,922,1,768,924,1,927.5,816,1,830.5,804,1,765,745,1,746.5,713.5,1,777,598,1,848.5,602.5,1,918.5,603.5,1,961,594.5,1,1194,482.25,1,1283,458.75,1,1352,442.5,1,1393,433.5,1,1277,788.5,1,1183,795.5,1,1116,817.5,1,1077,843,1,1242,392.25,1,1300,341,1,1347,279.75,1,1393,261.75,1
164,1417,671,1,1364,721.5,1,1297,753.5,1,1269,750.5,1,1064,452,1,1044,555,1,1068,638.5,1,1104,662.5,1,985,947,1,897,918.5,1,808,920.5,1,778,925.5,1,934,813.5,1,836,807,1,766.5,749.5,1,748.5,719,1,773,599,1,846.5,602.5,1,915,604,1,960.5,594.5,1,1193,482.5,1,1281,458.75,1,1351,441.75,1,1392,432.75,1,1281,783,1,1191,795.5,1,1118,811.5,1,1083,841.5,1,1240,392.25,1,1299,343,1,1346,279.75,1,1389,255.25,1
165,1422,666,1,1374,712,1,1316,753.5,1,1277,750.5,1,1064,448.75,1,1044,548.5,1,1064,637,1,1102,662.5,1,990,948,1,901.5,918.5,1,814,918.5,1,781,925.5,1,940.5,812.5,1,847.5,811,1,768,762,1,754.5,725.5,1,768,601,1,846,601.5,1,912,605,1,959,597,1,1192,483.25,1,1279,459.25,1,1350,440.5,1,1391,430,1,1290,779.5,1,1200,795.5,1,1124,808,1,1086,831,1,1238,392.5,1,1297,348.25,1,1345,283.25,1,1383,252.75,1
166,1433,663.5,1,1377,708.5,1,1324,753.5,1,1286,750.5,1,1064,444,1,1043,544.5,1,1058,635,1,1099,661,1,991,949.5,1,910,919,1,816,914,1,786,925.5,1,945,810,1,852,811,1,768,776,1,755.5,734.5,1,767,601,1,845,601.5,1,911,606,1,955,601,1,1191,483.75,1,1278,459.5,1,1350,439.5,1,1390,426.75,1,1295,776.5,1,1204,794.5,1,1132,803,1,1087,826,1,1234,393.5,1,1297,349.25,1,1345,285.5,1,1378,252.75,1
167,1438,659.5,1,1381,699.5,1,1328,753.5,1,1299,758.5,1,1064,441.75,1,1043,539,1,1054,634,1,1088,661,1,998.5,949.5,1,913.5,919,1,821,911,1,791.5,925,1,953.5,809,1,861,811,1,768.5,782.5,1,755.5,745.5,1,764,601,1,838.5,601.5,1,907.5,606,1,953,604.5,1,1189,484.5,1,1277,459.25,1,1348,439,1,1389,426,1,1302,775,1,1214,794,1,1133,800.5,1,1093,814.5,1,1232,394.5,1,1297,350,1,1345,289,1,1367,252.75,1
168,1449,657,1,1389,695,1,1340,749,1,1301,762.5,1,1064,441.25,1,1043,534.5,1,1050,632.5,1,1082,661,1,1005.5,949.5,1,915.5,921,1,821.5,910,1,794,921.5,1,958.5,809,1,866,811.5,1,768.5,789.5,1,755.5,757,1,760.5,599.5,1,833.5,601,1,905,606,1,945.5,606.5,1,1187,485,1,1277,459.75,1,1346,439,1,1387,426,1,1307,771.5,1,1220,794,1,1138,800,1,1097,804,1,1231,394.75,1,1297,352.5,1,1345,294.25,1,1365,254.125,1
169,1457,651.5,1,1395,690,1,1347,742,1,1320,762.5,1,1065,438.5,1,1043,532,1,1049,629,1,1073,661,1,1008.5,949.5,1,918,922,1,831,907,1,800,913.5,1,967,809,1,872,811.5,1,775.5,798,1,755.5,766.5,1,760.5,599,1,832.5,601,1,901.5,606,1,942.5,608.5,1,1185,486,1,1272,459.75,1,1342,439,1,1385,426,1,1313,762,1,1233,794,1,1143,796.5,1,1101,795.5,1,1230,401.5,1,1296,354.5,1,1345,299,1,1365,259.75,1
170,1466,650,1,1403,683.5,1,1352,734,1,1331,762.5,1,1064,435.75,1,1043,529,1,1047,626,1,1070,661,1,1016,949.5,1,924.5,923.5,1,835,904,1,806,907.5,1,975,810,1,878.5,811.5,1,784.5,807,1,755,778.5,1,758.5,598.5,1,830.5,601,1,897.5,606,1,938.5,610.5,1,1184,486.75,1,1270,460,1,1340,440.25,1,1384,428.5,1,1320,759,1,1248,793,1,1152,796.5,1,1113,785.5,1,1229,403.25,1,1283,362.25,1,1340,309.5,1,1365,267.5,1
171,1473,643,1,1407,678.5,1,1356,726.5,1,1336,760.5,1,1065,431.75,1,1043,524.5,1,1044,623,1,1063,661,1,1023,949.5,1,929.5,925,1,842.5,904,1,808,901.5,1,981,811,1,885,811.5,1,790,810.5,1,755,789.5,1,754,598,1,828,601,1,895,606,1,936.5,612,1,1182,486.75,1,1268,460.75,1,1340,441.25,1,1384,431.5,1,1323,748,1,1251,792,1,1163,796.5,1,1120,779.5,1,1227,407,1,1279,363.5,1,1338,320.25,1,1371,275.5,1
172,1484,640.5,1,1413,676,1,1358,718.5,1,1346,752,1,1065,428,1,1043,523,1,1042,621.5,1,1061,660.5,1,1025,949.5,1,931.5,928,1,848,904,1,812,896.5,1,989,811.5,1,887.5,812,1,793,814,1,755,797,1,749,597,1,827,600.5,1,894.5,606,1,932,612.5,1,1182,486.75,1,1267,461,1,1339,441.5,1,1383,435.25,1,1329,743.5,1,1260,791.5,1,1167,796.5,1,1131,779.5,1,1226,409.75,1,1278,364.75,1,1338,320.5,1,1377,283.75,1
173,1490,636.5,1,1423,667.5,1,1361,711.5,1,1350,746,1,1065,425,1,1043,519,1,1040,619,1,1056,660.5,1,1032,949.5,1,941.5,929,1,852,908,1,823,892.5,1,994.5,811.5,1,899.5,812.5,1,800,816,1,762.5,804.5,1,748,596,1,821.5,600,1,891.5,606,1,930,612.5,1,1182,486.25,1,1266,461,1,1339,442.5,1,1382,440.75,1,1331,734.5,1,1263,788,1,1177,799,1,1140,779.5,1,1226,416.25,1,1278,364.75,1,1337,320.5,1,1380,295.75,1
174,1499,631,1,1431,665,1,1370,703,1,1352,735,1,1065,424.75,1,1043,516.5,1,1040,617,1,1051,656,1,1039,949.5,1,944,929.5,1,855.5,911.5,1,826.5,892.5,1,1002,811.5,1,912,815.5,1,805,816,1,765.5,811,1,746.5,593,1,818,600,1,890,602.5,1,928,612.5,1,1180,486.25,1,1263,461.5,1,1337,442.5,1,1378,441.25,1,1335,730,1,1268,787.5,1,1184,807,1,1151,782.5,1,1225,419.75,1,1278,364.75,1,1337,320.5,1,1380,301.75,1
175,1506,630,1,1440,661,1,1374,697,1,1352,729,1,1066,422.25,1,1043,514,1,1040,612.5,1,1050,654.5,1,1041,950.5,1,946,930,1,858.5,918,1,829.5,892.5,1,1008,812,1,917,815.5,1,817,816,1,774.5,815.5,1,746,586.5,1,815.5,600,1,889.5,599,1,926.5,610,1,1177,486.25,1,1261,462,1,1335,442.5,1,1376,444,1,1340,728,1,1277,785,1,1192,812.5,1,1151,786.5,1,1221,422.25,1,1278,365.5,1,1336,320,1,1380,309,1
176,1516,627.5,1,1444,658.5,1,1384,688.5,1,1357,719,1,1070,420.75,1,1043,508.25,1,1043,607.5,1,1047,653.5,1,1048,952,1,959,930,1,861,923.5,1,834.5,902,1,1016,812,1,918.5,816,1,822.5,815,1,784.5,818,1,744.5,586,1,814.5,600,1,886,593,1,926.5,603,1,1176,488.5,1,1261,462.5,1,1333,441.25,1,1375,444,1,1343,722,1,1279,784.5,1,1199,818.5,1,1155,798.5,1,1219,422.25,1,1279,368.5,1,1331,319.25,1,1377,309,1
177,1522,624,1,1455,651.5,1,1391,684,1,1362,711,1,1076,420.5,1,1042,505.25,1,1048,605.5,1,1047,646.5,1,1054,952.5,1,963,930,1,871.5,927.5,1,836.5,910.5,1,1022,812,1,928,816,1,829,815,1,794,819,1,744,583.5,1,813,602.5,1,883.5,592,1,925.5,590.5,1,1175,489,1,1260,463.25,1,1332,441.25,1,1374,444,1,1352,721.5,1,1283,779,1,1204,822,1,1165,808.5,1,1216,422.25,1,1279,369.75,1,1327,318,1,1375,309,1
178,1529,619.5,1,1461,649.5,1,1397,681,1,1366,702.5,1,1082,420.25,1,1041,501.75,1,1048,600,1,1047,641.5,1,1055,956,1,974.5,930,1,879,930,1,841,919.5,1,1027,811.5,1,930,816,1,835,814.5,1,801.5,819,1,741,583,1,810.5,602.5,1,883,592,1,925.5,581.5,1,1173,489.75,1,1260,463.5,1,1332,439,1,1373,440.75,1,1361,712.5,1,1293,774.5,1,1215,822,1,1171,815.5,1,1216,424.5,1,1279,373,1,1327,318,1,1374,305,1
179,1535,617.5,1,1469,646.5,1,1403,675.5,1,1369,695.5,1,1088,419.25,1,1041,496.75,1,1048,594.5,1,1056,634.5,1,1063,958,1,976,930.5,1,883,930,1,847,925.5,1,1032,809.5,1,934,816,1,841,814,1,805,819,1,736,582.5,1,807.5,602.5,1,879.5,592,1,918.5,577,1,1171,489.75,1,1255,465.25,1,1330,437,1,1371,440,1,1367,710.5,1,1295,771.5,1,1224,822,1,1181,825,1,1213,424.5,1,1279,376.25,1,1326,318,1,1369,301.25,1
180,1545,617.5,1,1472,643,1,1406,673,1,1377,689,1,1092,418.5,1,1041,490.75,1,1044,591,1,1063,627,1,1069,959.5,1,982.5,930.5,1,887.5,930,1,854,931.5,1,1040,809.5,1,946,818,1,848.5,812.5,1,810.5,816,1,734,581.5,1,804.5,601.5,1,875,602.5,1,912.5,577,1,1168,489.75,1,1254,465.5,1,1328,435.75,1,1369,436,1,1375,709,1,1298,764.5,1,1231,821.5,1,1191,834,1,1209,424.5,1,1279,380,1,1325,318.5,1,1365,297.5,1
181,1552,617.5,1,1476,641,1,1419,670.5,1,1381,684,1,1097,417.75,1,1042,488.25,1,1038,587,1,1063,622,1,1070,959.5,1,989,931,1,888.5,928,1,861,931.5,1,1049,809,1,960.5,818,1,848.5,812.5,1,818,807.5,1,729.5,581,1,803,599.5,1,871,605,1,912,577,1,1168,489.75,1,1252,467.5,1,1326,434.5,1,1365,431.5,1,1383,708.5,1,1303,761,1,1242,816.5,1,1205,839.5,1,1207,424.5,1,1279,384,1,1325,319,1,1360,293,1
182,1562,618.5,1,1485,631.5,1,1424,668.5,1,1389,678,1,1100,416.25,1,1043,486.25,1,1030,585,1,1063,614.5,1,1077,959.5,1,991,933,1,898,918,1,872.5,931.5,1,1054,807,1,961.5,819,1,849,812.5,1,821.5,802.5,1,729,581,1,801,595.5,1,868.5,605.5,1,910,583.5,1,1166,488.5,1,1252,469,1,1324,434.5,1,1361,428.25,1,1390,706,1,1312,757,1,1244,811.5,1,1221,839.5,1,1206,424.5,1,1279,384.5,1,1324,322.25,1,1351,293,1
183,1568,624,1,1490,629.5,1,1435,665,1,1395,678,1,1102,412.25,1,1045,483.5,1,1020.5,581,1,1056,609.5,1,1086,954,1,991,933,1,901,913.5,1,875.5,923,1,1059,805,1,976.5,819,1,861.5,812.5,1,826.5,802.5,1,724.5,581,1,800.5,594,1,865.5,607.5,1,910,588.5,1,1165,488.25,1,1251,469.5,1,1322,434.5,1,1360,425.25,1,1394,697,1,1325,756,1,1247,803.5,1,1228,839.5,1,1204,424.5,1,1279,388.25,1,1323,327,1,1336,293,1
184,1578,625.5,1,1501,625.5,1,1438,659,1,1404,675.5,1,1104,408.75,1,1046,481.5,1,1017.5,577,1,1048,609,1,1090,945.5,1,995.5,934,1,910.5,913.5,1,877.5,913.5,1,1065,804.5,1,978,819,1,870.5,817.5,1,837.5,802.5,1,720.5,582.5,1,796,592,1,863.5,609,1,907.5,592.5,1,1165,488.25,1,1248,469.75,1,1318,436.5,1,1357,421.5,1,1400,696.5,1,1330,746,1,1248,798,1,1229,830.5,1,1200,424,1,1279,388.75,1,1323,334.25,1,1333,294.25,1
185,1584,630,1,1507,619.5,1,1448,653,1,1414,674,1,1104,407.5,1,1047,476,1,1011.5,573.5,1,1037,609,1,1100,938,1,1007.5,946.5,1,920,913.5,1,891.5,901,1,1071,804.5,1,979.5,818.5,1,882.5,825.5,1,844,803,1,720,584.5,1,792.5,591.5,1,862.5,610,1,907,598,1,1162,488.25,1,1247,470.5,1,1315,438.75,1,1354,419.25,1,1405,689.5,1,1340,745,1,1257,793,1,1229,819.5,1,1199,424,1,1268,388.75,1,1323,340,1,1333,300,1
186,1591,631,1,1513,618,1,1451,645,1,1426,673.5,1,1106,403.25,1,1052,474.25,1,1008,569.5,1,1024,607.5,1,1106,932,1,1010.5,947,1,929.5,917,1,904.5,901,1,1078,804.5,1,993.5,818,1,890,830.5,1,846.5,810,1,716.5,584.5,1,790.5,590,1,859,610,1,903,602.5,1,1161,489.5,1,1245,471.25,1,1313,443,1,1348,417.25,1,1407,678,1,1343,742.5,1,1261,788.5,1,1229,809,1,1197,424.5,1,1267,395.75,1,1321,347,1,1336,312,1
187,1598,633,1,1518,617.5,1,1455,637,1,1428,668.5,1,1109,399.75,1,1054,472.5,1,1006,562,1,1015.5,607,1,1118,929.5,1,1022.5,947,1,938.5,928,1,912,901,1,1085,805,1,997.5,811.5,1,896.5,835.5,1,856.5,814.5,1,712,584.5,1,788.5,588.5,1,857,610,1,901.5,602.5,1,1159,489.5,1,1244,471.75,1,1312,444.75,1,1346,417.25,1,1414,675,1,1349,737.5,1,1274,788.5,1,1233,796.5,1,1197,426.25,1,1264,401.75,1,1318,355.25,1,1348,316.5,1
188,1600,635,1,1525,617,1,1458,632,1,1433,663,1,1111,395.25,1,1058,467.5,1,1005,557.5,1,1007,602.5,1,1124,927,1,1026,947,1,940.5,938.5,1,917.5,911,1,1092,806.5,1,999,810.5,1,897.5,835.5,1,858.5,823.5,1,711.5,584.5,1,781.5,588,1,856.5,610,1,900,606,1,1156,489.75,1,1243,472,1,1311,448,1,1344,417.25,1,1420,666,1,1356,736,1,1280,788,1,1244,789.5,1,1195,430.5,1,1250,401.75,1,1316,365.25,1,1351,328,1
189,1609,635,1,1535,617,1,1464,623.5,1,1438,654,1,1113,391.25,1,1059,466,1,1005,553.5,1,1000.5,597,1,1133,926,1,1039,945.5,1,945.5,948,1,920.5,920,1,1100,807,1,1007,810.5,1,907,835.5,1,862.5,832,1,707,584.5,1,781.5,587,1,855.5,608.5,1,897,609.5,1,1154,490.25,1,1242,472,1,1311,448.25,1,1344,421.75,1,1424,666,1,1358,729.5,1,1292,786.5,1,1252,789.5,1,1192,437.75,1,1249,403.5,1,1313,365.25,1,1354,337,1
190,1617,638,1,1540,616.5,1,1471,618.5,1,1441,645,1,1113,390.75,1,1063,461.25,1,1005,549.5,1,995.5,589.5,1,1141,925.5,1,1043,945,1,959,956.5,1,925.5,935,1,1104,807,1,1012.5,810.5,1,913.5,833.5,1,870,835,1,703.5,584.5,1,778,586.5,1,851.5,606,1,894,612.5,1,1151,491.25,1,1240,471.75,1,1309,449.25,1,1344,426.75,1,1431,660.5,1,1363,726,1,1299,786.5,1,1257,789.5,1,1192,441,1,1249,403.75,1,1310,366.5,1,1356,345.75,1
191,1619,639.5,1,1548,616.5,1,1476,615,1,1445,637.5,1,1116,387.75,1,1064,458.25,1,1005.5,545,1,992.5,585.5,1,1152,924,1,1054,940.5,1,967,960,1,930.5,947,1,1113,806.5,1,1016,810,1,924,831,1,884.5,840,1,702,584,1,775,585,1,849.5,605.5,1,891,615,1,1151,492.25,1,1240,471.75,1,1309,452.25,1,1344,427.25,1,1439,658,1,1365,716.5,1,1312,785.5,1,1268,797,1,1190,443.5,1,1248,404.5,1,1310,366.5,1,1356,353.5,1
192,1627,640,1,1552,616.5,1,1480,612,1,1449,628,1,1120,385.25,1,1064,455.5,1,1012,542.5,1,992.5,578.5,1,1159,923,1,1061,939.5,1,975.5,960,1,935.5,957.5,1,1118,806.5,1,1022,809,1,926,825.5,1,896,840,1,700,584,1,770.5,585,1,847.5,604,1,888.5,615.5,1,1150,493,1,1240,472,1,1309,453,1,1345,431.75,1,1445,650.5,1,1375,711.5,1,1318,782.5,1,1276,800.5,1,1185,445.75,1,1248,404.75,1,1309,365.75,1,1356,360,1
193,1632,642.5,1,1564,616.5,1,1487,609,1,1451,621,1,1123,383,1,1067,453.5,1,1021,539.5,1,992.5,570.5,1,1167,923,1,1071,937.5,1,985,960,1,945,965,1,1126,806,1,1025,809,1,933,816.5,1,898.5,840,1,698,584,1,769.5,584,1,845,601.5,1,885.5,616,1,1149,493.75,1,1239,472,1,1308,453.75,1,1345,437.5,1,1452,648,1,1379,705.5,1,1322,778,1,1284,800.5,1,1181,448,1,1249,405.5,1,1309,365.25,1,1353,360,1
194,1641,644.5,1,1567,616.5,1,1496,607.5,1,1459,615,1,1129,382.5,1,1068,452.75,1,1023.5,539.5,1,993,570.5,1,1175,921.5,1,1076,936,1,992,960,1,957,965,1,1134,805.5,1,1031,810,1,938,816,1,906,833.5,1,694.5,583.5,1,767.5,584,1,842,600,1,877,617.5,1,1146,496.75,1,1235,473.25,1,1305,455.25,1,1345,439.75,1,1458,643,1,1381,698.5,1,1330,770.5,1,1297,800.5,1,1179,450.25,1,1248,406,1,1304,365.25,1,1350,360,1
195,1646,646.5,1,1572,617,1,1500,604,1,1466,610.5,1,1132,382.25,1,1068,450.75,1,1023.5,537,1,1000,570.5,1,1185,920,1,1088,935,1,997,958.5,1,970,965,1,1138,799.5,1,1040,810,1,941,810.5,1,909.5,824,1,689,583,1,767.5,584,1,841,597.5,1,874,617.5,1,1145,498,1,1232,474,1,1305,455.25,1,1345,444.5,1,1464,635,1,1388,696.5,1,1335,764.5,1,1307,798,1,1178,452.5,1,1247,412.75,1,1303,364.75,1,1345,352.75,1
196,1651,647,1,1580,617.5,1,1503,603.5,1,1468,607,1,1135,381.25,1,1070,449.25,1,1023.5,532,1,1007.5,570,1,1192,918.5,1,1093,934,1,1006,951.5,1,984.5,965,1,1146,794,1,1045,810,1,948,808,1,914.5,817,1,686.5,582.5,1,766.5,583,1,838.5,594.5,1,873,615.5,1,1144,498.25,1,1230,474.25,1,1302,455.25,1,1345,448.25,1,1471,632,1,1391,690.5,1,1339,757.5,1,1313,793.5,1,1176,455,1,1247,413.5,1,1302,363.5,1,1340,346.75,1
197,1658,648.5,1,1588,618,1,1511,603,1,1476,602.5,1,1137,378.5,1,1070,442.75,1,1023.5,525.5,1,1015,570,1,1201,918.5,1,1104,933,1,1011.5,949.5,1,986,962.5,1,1152,787,1,1060,810,1,949,807.5,1,917.5,810,1,685,582.5,1,765,582.5,1,832.5,591.5,1,869.5,610.5,1,1142,499.5,1,1230,474.5,1,1302,454.25,1,1344,449.5,1,1478,631,1,1395,685,1,1342,748.5,1,1320,789.5,1,1173,457.25,1,1246,418.75,1,1302,363.5,1,1338,342.5,1
198,1666,649.5,1,1591,618.5,1,1515,603,1,1482,598,1,1140,374.75,1,1073,442.75,1,1019.5,520.5,1,1015,568,1,1207,916,1,1107,933,1,1021,949,1,992.5,958.5,1,1156,778,1,1073,810,1,951,807.5,1,924.5,802.5,1,683,582.5,1,758,582.5,1,832.5,591,1,869,606.5,1,1140,500,1,1229,474.5,1,1301,452.75,1,1340,449.5,1,1484,626.5,1,1403,681,1,1344,744.5,1,1323,782.5,1,1168,459.5,1,1236,419.5,1,1301,363.5,1,1335,340.75,1
199,1668,652,1,1597,619.5,1,1522,600.5,1,1487,595.5,1,1144,374.25,1,1076,441.5,1,1015,515.5,1,1015,561.5,1,1216,915,1,1120,931,1,1027,947,1,999.5,952.5,1,1162,776.5,1,1077,810,1,964,807.5,1,936,802.5,1,682,582.5,1,755,582,1,829,590,1,868.5,601.5,1,1137,500.5,1,1227,474.5,1,1300,451,1,1338,449.5,1,1488,619.5,1,1407,676,1,1348,740,1,1325,776.5,1,1162,461.75,1,1236,420.75,1,1299,365.75,1,1329,340.75,1
200,1674,652.5,1,1602,623.5,1,1531,599.5,1,1496,594.5,1,1145,371,1,1077,440,1,1012.5,509.75,1,1015,555.5,1,1221,911.5,1,1125,930,1,1032,947,1,1005,952,1,1167,770.5,1,1089,806.5,1,980,818.5,1,947,802.5,1,678.5,582.5,1,753.5,581.5,1,827,590,1,865,597.5,1,1136,501,1,1220,476.5,1,1296,450.25,1,1334,448.75,1,1494,617,1,1411,671.5,1,1353,733.5,1,1326,771.5,1,1156,463.75,1,1232,421.5,1,1294,369.25,1,1326,340.75,1
201,1681,656.5,1,1605,625,1,1534,600.5,1,1502,593.5,1,1147,366,1,1086,438,1,1012.5,505.25,1,1008,549.5,1,1229,910.5,1,1135,928,1,1039,947,1,1009,950.5,1,1176,768.5,1,1090,805.5,1,989.5,829,1,955,802.5,1,678.5,584.5,1,752,578,1,821,591,1,865,597.5,1,1134,502.25,1,1218,478.75,1,1294,449.5,1,1329,447.5,1,1501,616,1,1414,666,1,1358,729,1,1328,763.5,1,1151,465.5,1,1231,423.25,1,1293,375,1,1323,341.75,1
202,1683,657,1,1611,625.5,1,1538,599,1,1506,593.5,1,1148,362.5,1,1087,435,1,1012.5,497.75,1,1003,540.5,1,1235,908.5,1,1138,928,1,1048,947,1,1012.5,948.5,1,1182,766,1,1094,804,1,999.5,835,1,964.5,814,1,678.5,595.5,1,747,572.5,1,816.5,593,1,861,597.5,1,1133,502.25,1,1217,481.5,1,1292,449.5,1,1328,443.5,1,1505,613,1,1420,664,1,1359,725,1,1331,758,1,1151,467.25,1,1230,424.75,1,1291,385.25,1,1323,347,1
203,1690,659,1,1619,627,1,1545,599,1,1513,592.5,1,1150,358.75,1,1090,430.75,1,1013.5,495.5,1,999.5,532.5,1,1243,908,1,1149,925,1,1052,947,1,1016.5,948.5,1,1191,763.5,1,1105,802,1,1007.5,839,1,967,824.5,1,679.5,606,1,738,572.5,1,814.5,593,1,851.5,600.5,1,1131,502.25,1,1217,481.5,1,1290,449.5,1,1327,440.25,1,1512,612.5,1,1424,658.5,1,1367,718,1,1332,750,1,1151,468.75,1,1227,427.75,1,1286,390,1,1323,353.75,1
204,1696,662,1,1628,629.5,1,1549,601,1,1518,592.5,1,1152,358.75,1,1091,425.25,1,1017,495,1,997,526,1,1248,907.5,1,1153,924.5,1,1062,948.5,1,1021.5,948.5,1,1197,762,1,1109,795,1,1010.5,839,1,971,830,1,686.5,618.5,1,733.5,572.5,1,814,593,1,847.5,605.5,1,1129,501.5,1,1215,482.5,1,1287,451,1,1322,438.5,1,1517,610,1,1428,655,1,1370,714,1,1339,744.5,1,1153,470,1,1221,429.5,1,1285,396.25,1,1323,361,1
205,1698,664,1,1629,632,1,1556,601,1,1524,592,1,1158,358.75,1,1091,423,1,1025,494.25,1,997,516.5,1,1257,905,1,1159,923,1,1071,949.5,1,1033,948.5,1,1206,761,1,1117,793.5,1,1020,839,1,977,836.5,1,687.5,631,1,724.5,572,1,800.5,582.5,1,834.5,605.5,1,1126,501,1,1214,484.5,1,1283,452.5,1,1320,436.5,1,1522,602,1,1432,649,1,1373,707.5,1,1341,740,1,1153,470,1,1217,432.25,1,1281,398,1,1327,366.25,1
206,1704,665,1,1635,632,1,1561,601.5,1,1529,591.5,1,1165,359.25,1,1093,419.5,1,1035,493,1,997,516.5,1,1265,904.5,1,1168,921.5,1,1079,949.5,1,1041,949,1,1214,760,1,1120,792.5,1,1030,835.5,1,984,839.5,1,692.5,637,1,722.5,572.5,1,791,570,1,823,605.5,1,1124,501,1,1211,486.5,1,1280,455.5,1,1315,433.5,1,1528,601,1,1437,646,1,1375,702.5,1,1343,733,1,1153,470,1,1217,432.5,1,1280,398,1,1327,376.5,1
207,1710,665.5,1,1638,633,1,1566,603,1,1534,591.5,1,1172,364,1,1094,411.75,1,1042,493,1,1009,516.5,1,1270,904,1,1172,921.5,1,1088,949.5,1,1048,950.5,1,1221,757.5,1,1124,790.5,1,1037,832.5,1,998,844,1,697.5,646.5,1,722,577,1,787.5,565.5,1,818.5,599.5,1,1121,501,1,1207,487.75,1,1279,458.25,1,1310,433.5,1,1530,598,1,1442,642.5,1,1379,696.5,1,1346,729.5,1,1153,470,1,1217,433,1,1279,398,1,1327,381.75,1
208,1711,670.5,1,1643,633,1,1571,606,1,1538,592,1,1178,365,1,1096,409,1,1042,490.5,1,1019.5,517,1,1278,904,1,1183,918.5,1,1094,947,1,1056,950.5,1,1229,756,1,1135,789.5,1,1045,827.5,1,1009.5,844,1,697.5,647.5,1,721,577,1,784.5,555.5,1,810,589,1,1121,501,1,1205,487.75,1,1276,463.25,1,1310,433.5,1,1532,595,1,1445,637,1,1385,688.5,1,1351,722,1,1153,470,1,1216,435,1,1279,396.75,1,1327,386.75,1
209,1717,672,1,1649,634,1,1577,607,1,1542,592,1,1184,365,1,1100,409,1,1042,480.25,1,1027,517,1,1282,903.5,1,1187,916.5,1,1100,946,1,1064,950.5,1,1236,752.5,1,1139,787.5,1,1049,823,1,1015,844,1,697.5,655.5,1,716.5,581,1,783.5,548.5,1,808,577,1,1119,502,1,1202,487.75,1,1275,463.75,1,1310,437.75,1,1540,592,1,1453,633,1,1386,686,1,1355,717,1,1153,470,1,1216,436.25,1,1277,395.5,1,1325,386.75,1
210,1723,673,1,1653,634.5,1,1578,607,1,1547,595,1,1190,365,1,1103,405.75,1,1041,472.5,1,1032,517,1,1291,903,1,1197,916,1,1106,944,1,1076,950.5,1,1243,750.5,1,1154,787,1,1055,817.5,1,1023.5,841.5,1,695.5,664,1,714,585,1,777,541.5,1,806.5,565,1,1118,502.75,1,1201,487.75,1,1274,467,1,1310,444.75,1,1548,587.5,1,1455,629,1,1391,679.5,1,1359,713,1,1153,470,1,1215,438,1,1274,395.25,1,1322,386.75,1
211,1729,676.5,1,1657,640,1,1583,608.5,1,1555,595.5,1,1193,363.25,1,1105,404,1,1039,462.75,1,1032,506.75,1,1294,901,1,1200,915,1,1113,942,1,1082,950.5,1,1250,747,1,1166,778.5,1,1060,814,1,1029,840,1,692,665.5,1,713,586.5,1,770,536,1,801.5,554.5,1,1115,507,1,1200,487.75,1,1272,469.5,1,1307,452.75,1,1552,583.5,1,1460,627,1,1394,672.5,1,1363,705,1,1153,470,1,1214,439,1,1273,393.25,1,1316,383.75,1
212,1729,678,1,1661,641.5,1,1589,609.5,1,1558,595.5,1,1199,360.5,1,1110,402,1,1039,453.25,1,1032,498.75,1,1302,900,1,1204,914,1,1117,937,1,1095,949.5,1,1257,744,1,1169,777,1,1066,808,1,1036,831.5,1,692,671.5,1,713,592,1,769.5,531,1,798,544.5,1,1114,512.5,1,1194,487.75,1,1272,469.5,1,1307,463.75,1,1557,582,1,1466,624,1,1397,669.5,1,1364,698.5,1,1153,470,1,1212,441.75,1,1269,393.25,1,1313,380.25,1
213,1734,679.5,1,1665,641.5,1,1591,612.5,1,1559,598.5,1,1203,360,1,1118,401.5,1,1039,446.75,1,1029,492.25,1,1310,899,1,1213,913.5,1,1122,932,1,1100,945.5,1,1261,740,1,1171,777,1,1070,807,1,1038,824.5,1,690,679,1,711.5,594,1,764.5,531,1,793.5,538,1,1109,515.5,1,1185,487.75,1,1264,469.5,1,1306,472,1,1565,581,1,1472,617.5,1,1401,665,1,1368,695.5,1,1134,483.75,1,1211,444.25,1,1269,393.25,1,1309,376.75,1
214,1739,680.5,1,1667,642.5,1,1595,614.5,1,1565,604.5,1,1209,357.5,1,1121,400.25,1,1039,440.5,1,1027,482.75,1,1313,896,1,1216,913.5,1,1128,929.5,1,1100,942.5,1,1271,737.5,1,1183,774.5,1,1080,804,1,1045,816.5,1,687.5,682,1,710.5,597.5,1,755.5,531,1,786.5,528.5,1,1106,517,1,1179,490.25,1,1262,467.25,1,1296,472,1,1565,577,1,1477,616,1,1405,658.5,1,1370,688,1,1128,489.5,1,1200,451,1,1267,393.75,1,1303,373.75,1
215,1746,683,1,1672,645.5,1,1599,615,1,1566,606,1,1214,354.75,1,1126,394.75,1,1042,439.25,1,1021.5,472.5,1,1321,891.5,1,1220,912.5,1,1133,929,1,1101,942,1,1276,733.5,1,1185,773,1,1087,804,1,1045,810.5,1,687.5,687.5,1,709.5,604,1,739,531.5,1,774,523.5,1,1101,517,1,1179,490.75,1,1258,462.25,1,1291,472,1,1571,576,1,1483,614,1,1406,656,1,1372,682,1,1122,489.5,1,1196,452,1,1264,396.25,1,1295,372.75,1