,Year,Month,Day,Trial,Tailbeat_Num,Ablation,Darkness,Flow,X_Center,Y_Center,X_SD,Y_SD,School_Polar,School_Speed,School_TB_Freq,NND,Area
0,2021,08,03,21,0,Y,N,0,1495.9897673060775,341.3912934662594,0.9179430634263743,0.7522844005408863,0.5020518552695568,1.819507008082175,3.867147066435418,1.2187286777468622,3.092742424085015
1,2021,08,03,21,1,Y,N,0,1480.894708817669,316.8700607196429,0.7449795091110996,0.7669457847869113,0.48691272440953154,2.4482035582795114,2.4788388975312237,1.0430650490976048,2.6273202959144424
2,2021,08,03,21,2,Y,N,0,1464.765836679198,317.22018123593364,0.6646901097959239,0.8104397176703084,0.4426562760056273,5.322365373068863,2.1909307686370783,1.6657619563155621,1.9732822830270367
3,2021,08,03,21,3,Y,N,0,1449.0569183652883,301.44541258706136,0.657296129209559,0.8114689989636158,0.41808288136918637,4.0411008471110454,2.5736012968384587,1.1024891999327096,2.09791838645333
4,2021,08,03,21,4,Y,N,0,1440.0603092145363,324.4119327421053,0.7556932001554756,0.8633544596412539,0.40108281438895615,6.454626675221666,2.7291907279329877,1.7420268794782605,2.4851181041504646
5,2021,08,03,21,5,Y,N,0,1400.219654303885,342.99547378245614,1.0020570355138658,0.9598282542315287,0.4785643585669818,3.922222299731519,2.677916182463396,1.5934579876728912,3.2501184897437123
6,2021,08,03,21,6,Y,N,0,1347.308823621554,356.02971522556396,1.1205470906931527,0.9722354740742614,0.6126466871797398,1.7926254545068983,2.4288341422860715,1.4595040923095777,3.3985833874791407
7,2021,08,03,21,7,Y,N,0,1279.8624458721806,344.8445430230263,1.060054797381845,0.9738518059479626,0.875895687350231,2.5656274234426992,3.277505162623117,0.7071020009176712,3.375995335900928
8,2021,08,03,21,8,Y,N,0,1202.5964449088344,332.7835506421053,1.0209136190774453,0.9725805035983761,0.9301296489339128,2.090768699569753,2.445538021384853,0.6607805914499982,3.091789703901624
9,2021,08,03,21,9,Y,N,0,1140.4875460526316,311.8271052631579,0.9723261848847443,0.9648924896096277,0.8682965629991548,0.9474058105990494,2.4355948265322143,0.7281637591913762,3.3525813013214063
10,2021,08,03,21,10,Y,N,0,1096.5354605263155,284.56992763157893,0.9592102506522346,0.9199653642830774,0.8416276785371151,0.8125859007705434,2.0994536939920327,0.7333771173751868,3.3256058457634334
11,2021,08,03,21,11,Y,N,0,1057.010247056391,289.9803829371241,1.0261626619576667,0.7905236983739015,0.785344379761996,1.884844730780948,2.3660070922858507,1.069683414914616,3.0904473636113123
12,2021,08,03,21,12,Y,N,0,1006.2855758130639,269.64382406588345,1.0673250475902787,0.6465653875929785,0.7945336543761249,1.6096975301253549,2.0462081727539747,0.8628014897721932,3.033839061507008
13,2021,08,03,21,13,Y,N,0,948.7598167293232,246.80377349624058,1.097339172115557,0.4882099834244866,0.8452655863290209,1.2221874652463318,2.392588503375829,0.8121959682342116,2.492298023061729
14,2021,08,03,21,14,Y,N,0,897.649063283208,246.26508364661655,1.0677300961740062,0.4243363451750296,0.7800172396108858,2.5379251348832352,2.267042995140425,0.8065884820849373,2.3575610534327307
15,2021,08,03,21,15,Y,N,0,860.288571521648,265.50514907825817,0.9893617346894986,0.46263316788856407,0.6707422052797933,2.6734553636207052,2.854948145317663,0.9632171675316842,2.6996922928467777
16,2021,08,03,21,16,Y,N,0,843.817162750658,257.23804825986844,0.7995450170955334,0.5999790689109874,0.6464907204085071,0.39860767656588275,2.7357548750536806,0.6673030556439852,2.976750253939708
17,2021,08,03,21,17,Y,N,0,837.1634292475563,259.5026646720865,0.6267311340612853,0.6678663942292119,0.43891212966260085,0.9414521882257498,4.548354757857857,0.8020274877089699,2.1960753216442455
18,2021,08,03,21,18,Y,N,0,823.9765765843044,265.65271792255635,0.5405117838319388,0.7612106066072386,0.37162268485603567,1.433389083940138,5.45189993152076,0.6887253528354127,1.8026566042479104
0,2021,07,07,27,0,N,Y,2,1188.569313075188,387.5263594253133,1.615242494273592,1.0131373104935788,0.14330402975882364,1.7663955745960864,4.369724046185503,1.8793236059902567,8.082859340165967
1,2021,07,07,27,1,N,Y,2,1223.2631192030076,399.3073198263158,1.5411382374675238,1.0079561949728764,0.2533131326590606,1.5910815492809913,2.919934762657792,1.7653597146159639,6.51084176951907
2,2021,07,07,27,2,N,Y,2,1273.9421071428571,400.0429830827067,1.4441663523527313,0.9387447236730608,0.2448674704865435,2.4576090539675435,2.274472892788406,1.2504122958491046,5.848270455740953
3,2021,07,07,27,3,N,Y,2,1311.6892001879698,387.1506851503759,1.3873799401145852,0.8392144949617537,0.38417027009545973,4.281252076254309,3.045535383311275,1.344433667971922,6.086375149325097
4,2021,07,07,27,4,N,Y,2,1298.991111737782,401.53396954219915,1.4320482192895942,0.7536011105648638,0.5788680712386954,3.204415501211544,3.0161700212633997,1.2487659801316617,6.526983610459861
5,2021,07,07,27,5,N,Y,2,1281.3659677293233,409.8191563629699,1.407122548930297,0.7311761171559968,0.7404854363343425,2.5766214616449523,2.839710753905196,1.1808322803434907,6.770254703214214
6,2021,07,07,27,6,N,Y,2,1264.6982468671679,423.93545989974933,1.5691878108921606,0.7555591922314235,0.6288764688014262,3.765351228948157,3.2793885619865044,1.8714756523655478,6.217185491383026
7,2021,07,07,27,7,N,Y,2,1237.8772795103382,417.42485542625315,1.6388095268582987,0.8147886827517317,0.7977720639884941,4.122607018771529,3.0462786204055674,1.5372080348831123,7.045161808984819
8,2021,07,07,27,8,N,Y,2,1204.8540626428571,431.64109485751874,1.6743709953500927,0.836250215825109,0.7910585549218327,10.181872810045988,2.4033518482816065,2.0329481118826993,6.701948528601283
9,2021,07,07,27,9,N,Y,2,1188.672670917293,447.7135000593985,1.5932732327539547,0.7039925649802484,0.8182159475714099,4.0179101232353895,2.743316048093543,1.6212475235669057,5.661436276626996
10,2021,07,07,27,10,N,Y,2,1161.0562370413534,463.55956559464283,1.5621024980509435,0.6576951046393126,0.8248906460737606,3.393150921400809,3.0057350859306515,1.4715985345353608,4.950593079930384
11,2021,07,07,27,11,N,Y,2,1127.773937969925,481.86751691729324,1.5606576094276763,0.6255892571831969,0.8778065993680002,3.1175218078682776,2.9024980857517457,1.1272102457888138,5.372370980065167
12,2021,07,07,27,12,N,Y,2,1084.6998045911655,505.9945893723684,1.6396560237050555,0.694843530557122,0.8188446246366848,3.964573301745194,2.780074660490554,1.2038311649965678,6.7229297436331565
13,2021,07,07,27,13,N,Y,2,1061.8942657954265,525.9526289379698,1.6745700373059533,0.8450987074168502,0.8550124011936697,7.691193117134772,3.306878796700048,1.196388865579452,8.120967177936967
14,2021,07,07,27,14,N,Y,2,1015.0529605263157,540.4977763157893,1.722252689371888,0.9544781676108327,0.9246789747413932,2.7599108324735355,3.540919647420465,1.0862659248034163,9.247436423349408
15,2021,07,07,27,15,N,Y,2,981.9313817030074,533.3455278406014,1.8205197828051003,0.9638807475924415,0.8963507730304797,4.383374031398674,3.83755261417143,1.4499129066477312,9.695028759279888
0,2021,07,07,06,0,N,Y,2,1177.2531209607143,317.05988399642854,1.9134728137225232,0.7120849752674964,0.38160352075611575,4.568767166910048,3.9417970809418175,1.191216399414766,6.457660489203781
1,2021,07,07,06,1,N,Y,2,1193.2993157894737,315.00959680451126,1.805442259419544,0.6248659481192655,0.45916493798650504,3.106192531052771,3.0788906594827647,1.3261845378004948,6.347675181864295
2,2021,07,07,06,2,N,Y,2,1191.4844736842106,300.8040037593984,1.6326818936321732,0.6418277613875262,0.540799125399701,2.5601001613110355,3.281095563990301,1.0120049505385327,6.111522623417653
3,2021,07,07,06,3,N,Y,2,1162.5098712406016,315.2616983082707,1.4360588582450498,0.7055788430473204,0.63493572059815,5.65262951282469,3.5015491163404047,1.115704713391805,5.679760789032839
4,2021,07,07,06,4,N,Y,2,1129.9985986842105,341.9833092105264,1.3451367337106208,0.7675475112529321,0.8881488552032275,2.7272259675027306,3.6349483948405523,0.9306367388224587,5.847327449916706
5,2021,07,07,06,5,N,Y,2,1102.7358890977443,363.7344783834586,1.2423934192170796,0.8564596187137576,0.8981023910787489,3.0361709211391115,3.195574094902371,1.2344174495683327,5.823788329127168
6,2021,07,07,06,6,N,Y,2,1082.1633336072366,374.5423419849623,1.1595143692581797,0.8272223469873505,0.8077589443426302,4.61815452556215,2.7231444230850115,1.6116231794532416,4.650496636302218
7,2021,07,07,06,7,N,Y,2,1049.4079238842105,373.5940665278195,1.1448962216310095,0.7403672669145698,0.6885532699207203,3.09184307962112,3.2036757732187726,1.1485341776611235,3.721896184247003
8,2021,07,07,06,8,N,Y,2,1027.5839679229325,369.5091283296053,1.1528646092235715,0.7140014033967187,0.6324108624439615,5.126907000646412,3.356784204760995,1.2525868702044074,3.3443478201371706
9,2021,07,07,06,9,N,Y,2,1055.1699700508768,354.6627931283208,1.3389287207451606,0.6926656058868874,0.5904158689861817,4.256889205620642,2.468132276085427,1.7019975771680877,3.811389839975287
10,2021,07,07,06,10,N,Y,2,1027.7610634917294,327.26936676766917,1.332277327116397,0.7212833695226241,0.7994076535289598,2.822591912917198,2.245265985081979,1.4908848799236996,5.25118410489499
11,2021,07,07,06,11,N,Y,2,1019.5662894595239,339.9190847052631,1.4288741537813905,0.7504006730925925,0.7357759193481003,4.19889222563849,2.6163066878526777,1.665812871269526,5.641717372077498
12,2021,07,07,06,12,N,Y,2,982.8413386333332,362.953088281579,1.4055914735178716,0.787828931616616,0.581587474537256,7.665821385883703,2.6571299332194283,2.0343990143178696,5.521695589553954
13,2021,07,07,06,13,N,Y,2,1017.8902099370929,338.9331075596491,1.4648497064680421,0.9825183469725157,0.5623486186350516,5.244936971872522,3.1645405898349117,1.8380311049529876,7.1054294778107785
14,2021,07,07,06,14,N,Y,2,976.6477873666666,336.123082777193,1.4780612829907387,0.976530685858705,0.5090334934894374,2.006021948304566,4.048589020628495,2.2227183909166874,6.585633371326818
0,2021,10,08,27,0,N,Y,0,943.3182593984963,437.30797368421054,1.1788852384355601,0.8224307795672466,0.31838544948841085,3.7029333727926907,3.077768363094581,1.5074401636331805,4.482679060520876
1,2021,10,08,27,1,N,Y,0,966.6749736842105,442.2250733082706,1.6206609960396028,0.8439459336884036,0.30893452273929256,4.014210944750465,1.84865891090351,1.4278527139462425,6.850017048031668
2,2021,10,08,27,2,N,Y,0,977.537356516291,462.84535839599,1.6183212763084303,0.811719448721143,0.22416590797322442,7.721904234873014,2.2161928165004974,1.48065016671658,7.061021289868608
3,2021,10,08,27,3,N,Y,0,933.8140721573934,480.11891830601513,1.292010511692982,0.8144183489550161,0.16743563224871547,9.987917710621575,2.0661282701974315,1.7236251501978843,4.223280306104422
4,2021,10,08,27,4,N,Y,0,933.7626842105265,497.77618170426075,1.034340024197408,0.7321919653882315,0.16965506254219986,1.3798736884248086,2.3866508368924735,1.6490048468415313,3.4038726646925173
5,2021,10,08,27,5,N,Y,0,948.882760651629,527.4085751879699,0.8976323361711215,0.6467668624135674,0.22140086256287245,0.8237083425991851,3.408199485232237,1.3760886713458647,2.2906352459232395
6,2021,10,08,27,6,N,Y,0,1014.6133790957392,551.2522641146616,1.2963819545846444,0.7522027425524084,0.3052373778941254,5.8544858707653225,2.329639830413824,1.8717465672262055,3.404160232955949
7,2021,10,08,27,7,N,Y,0,991.3662105263157,573.2072631578949,1.006215287241175,0.5317654870092106,0.27182604990350456,0.5772844462010926,2.565339784868871,1.1896472618536755,2.5962391418490918
8,2021,10,08,27,8,N,Y,0,1023.6952443609022,586.7710664160401,1.1643369306342133,0.49480523354610423,0.33827021299594673,2.2391277200685606,2.4321989764681438,1.3811829340240647,3.0242165337508182
9,2021,10,08,27,9,N,Y,0,1068.0037499421053,598.5109521486215,1.2753669243039734,0.5191950919199332,0.40579532850043026,1.9793379983094774,2.8041563699799394,1.4842052564517085,3.385761208007703
10,2021,10,08,27,10,N,Y,0,1117.681037593985,607.0890363408522,1.3542777476601766,0.531371119459522,0.5471441094389725,1.2323849511903238,2.7922122553010036,1.4063907929986867,3.374752054897977
11,2021,10,08,27,11,N,Y,0,1212.5468260651628,589.6040518796993,1.397235597324522,0.5272408854702069,0.660350094952876,4.189532230559404,2.0494367466549446,1.748144670426256,3.3533685813762575
12,2021,10,08,27,12,N,Y,0,1300.9839829478947,570.9254101966667,1.494457315628487,0.5622307305798436,0.6120671901798229,6.696853260761558,2.059867308239358,2.1477524811263495,3.743700760425107
13,2021,10,08,27,13,N,Y,0,1331.4205128984963,555.4513654220552,1.511376277506633,0.5765219577175604,0.7095399064647103,3.887144543175674,2.5832070359356223,1.6361548903870635,4.037482626270639
14,2021,10,08,27,14,N,Y,0,1384.6124473684208,491.23198903508774,1.5183151277009481,0.7741451711113757,0.559082472707977,4.431130103440256,2.8176064167082506,1.4332374291002505,6.132279956105497
15,2021,10,08,27,15,N,Y,0,1410.630310150376,481.6695845864662,1.5667897192642566,0.7416008128110242,0.47814117818046376,1.3054828242663081,3.2736697149271357,0.9596534497609027,6.833965091645696
0,2021,08,03,07,0,Y,N,0,1159.797233592105,404.733216768515,1.6884047535322275,0.7471442670696156,0.3317488211330238,1.7207628040337883,2.168956043956044,1.5768491742354065,7.56177919598548
1,2021,08,03,07,1,Y,N,0,1176.2797914072682,391.84398067230575,1.6883546183762288,0.7349651258325383,0.28468628741921226,1.917476480050549,2.245227102618743,1.9264841209774881,6.446563218553275
2,2021,08,03,07,2,Y,N,0,1186.3712080751882,431.75799763374056,1.4944905762854048,0.8476595137974634,0.3563454922421972,1.2083949033717563,2.005879833869894,1.5793052768021936,6.827992206471964
3,2021,08,03,07,3,Y,N,0,1213.435325107143,451.583603393609,1.3674285009819114,0.8614092795046268,0.35099534128117676,0.7959110764145858,2.3661391482011744,1.2465660500673421,6.3164992554240245
4,2021,08,03,07,4,Y,N,0,1239.5974422302631,465.1454492282895,1.301757020564283,0.8825962319276207,0.37558275510346767,0.5664993682569457,2.2404912569290314,0.9852939802126247,6.133721070561413
5,2021,08,03,07,5,Y,N,0,1260.5565000000004,487.3346620151316,1.3074724514154732,0.8060991843617659,0.4445266666382343,0.5003064321762383,2.055758819442982,0.8292531645547994,5.089532692822774
6,2021,08,03,07,6,Y,N,0,1262.5799872631578,497.90834421052625,1.3219361587027247,0.8244853462243781,0.21098782749015302,0.27675303939866663,2.2279358919027725,0.8295751381477513,5.073759406965297
7,2021,08,03,07,7,Y,N,0,1249.144427631579,502.78667105263156,1.4159347030001599,0.9016905900358907,0.10023332917864397,0.3758489296885995,3.0193670822224385,0.8932009973691547,6.229009081271698
8,2021,08,03,07,8,Y,N,0,1237.4692445122182,503.80390225563906,1.542701487026789,0.9616589816907535,0.09143685021521092,0.684538624516331,2.5859554292596685,1.0089026766250253,7.180871288712802
9,2021,08,03,07,9,Y,N,0,1239.7727391256267,466.36809569990595,1.760033486914594,0.9873208410010472,0.15771716728449522,5.68952072058033,2.0128397183172346,1.8397701044709387,7.116827848791898
10,2021,08,03,07,10,Y,N,0,1221.1852652796995,465.12128684204265,1.6424571438651032,1.0279897323971656,0.13872622724342146,6.015816652610897,2.9235417100410723,1.5571691707729658,7.859226567305307
11,2021,08,03,07,11,Y,N,0,1241.4835072111844,457.1159515342105,1.9227424342555481,1.0180589315886364,0.2947540242612435,0.4691100072079467,2.436261486146243,0.8870067333040874,9.945000561089596
12,2021,08,03,07,12,Y,N,0,1235.9718044210526,427.6742815138158,2.065941704316613,1.03431959461621,0.38512655386487066,0.6536862327850246,2.1979458020163136,1.105306048102512,11.153785934410989
13,2021,08,03,07,13,Y,N,0,1219.5478927302636,393.7541842105263,2.2264774098760713,1.050827267209604,0.5002843190724695,0.5747618539496682,2.3841367704674714,1.1290399128245083,11.929087961184317
14,2021,08,03,07,14,Y,N,0,1202.567572368421,368.8142565789474,2.359399481199201,0.9833180970848477,0.46208997770115695,0.5837674481249289,2.117741729726795,1.1264914182888617,11.687675085345987
15,2021,08,03,07,15,Y,N,0,1204.4196196578946,354.7908847956767,2.427069305745749,0.8946056628153961,0.4516398295195511,1.110518061392216,2.1598927827639405,1.329743517521593,10.66400130108394
16,2021,08,03,07,16,Y,N,0,1194.932819601504,344.72389650075183,2.4088711758951336,0.8515866753728991,0.3074351605592198,1.3385432298034445,4.323908662551842,1.4805584953047548,9.54502827651352
0,2021,10,08,26,0,N,Y,0,1288.7889586393483,404.06544958549495,1.8439745191651282,1.3023508846273066,0.1245734705702678,7.156721302944675,2.4277506166051053,2.1734486004884146,13.807305279938012
1,2021,10,08,26,1,N,Y,0,1348.3385121528825,386.18258025037596,1.867189833878874,1.2692390372221467,0.24849470927768275,9.658408809601747,2.5991989743415522,1.6777944429684142,12.472853368970078
2,2021,10,08,26,2,N,Y,0,1293.8039680451127,396.4180347744361,1.988283318492305,1.2111350866760164,0.3112674193011486,4.885850182502087,2.792275750983181,2.1574471504741726,12.841108436074581
3,2021,10,08,26,3,N,Y,0,1263.4809539473686,394.01158740601505,1.9935876818069185,1.139406846096528,0.40067597111516745,1.125279966492397,3.1676108029023964,2.037730666090836,12.71294500752758
4,2021,10,08,26,4,N,Y,0,1217.1413750000002,379.32699342105263,2.0096150637423706,1.096761368281876,0.4865261936423658,0.712751835121045,2.8755543131544274,1.5754021577094175,12.84787940426518
5,2021,10,08,26,5,N,Y,0,1169.3426842105262,371.2393815789474,2.122587414713098,1.020447843912601,0.5547636995843825,0.9206880003352199,2.997925272667835,1.4476697857887109,12.511419390644187
6,2021,10,08,26,6,N,Y,0,1111.4055065789476,360.19140789473687,2.179628773717327,0.9712090605387982,0.6089491464411022,0.9378824407161904,2.4557734032999,1.3214319563031747,11.887863723456372
7,2021,10,08,26,7,N,Y,0,1040.7367687969925,372.79802349624055,2.272804667317972,0.908982372570219,0.5508475360390183,2.88671032567977,2.1562117413579234,1.560307534261362,10.586082792987023
8,2021,10,08,26,8,N,Y,0,1011.2969652255639,344.48937781954885,2.2457599808854694,0.8524530586520185,0.5746127340097956,2.7901106591823353,3.0920275019602825,1.5868120923897735,10.859066216351975
9,2021,10,08,26,9,N,Y,0,987.247427631579,374.31504605263154,2.082424838255961,0.9456056987006818,0.4885050402704585,0.6422684363021357,2.4112827569767075,1.2433226091103062,11.409933019775874
10,2021,10,08,26,10,N,Y,0,1000.7519219924811,431.265507518797,1.989738092493842,0.8778153478465313,0.3774224839183751,1.3560566921242476,4.668516859306333,1.7130447986626145,9.811085042656037
11,2021,10,08,26,11,N,Y,0,1010.2172697368422,443.0286240601504,1.757594261065028,0.8707323226011575,0.15819387866165086,3.4085888838034717,5.7026125151125155,1.740326529232651,8.812772749513588
12,2021,10,08,26,12,N,Y,0,976.3048016917295,419.5803684210526,1.7015647622640153,0.9183715325679254,0.1666098151701656,6.885960804340243,5.741550582511681,1.3079071298246487,9.537120730969818
0,2020,07,28,11,0,N,N,0,1250.5896578947365,492.05278947368424,2.310546578401677,0.9754689425970529,0.2221585136782547,0.48332026638295106,2.960721030627857,0.8359998619111175,7.479180635690679
1,2020,07,28,11,1,N,N,0,1191.0635977443608,532.3802828947369,2.333807676795743,0.975397200690691,0.3070203241175287,2.4424124662197397,1.6780222984250326,1.2120802457861455,7.3350217934928645
2,2020,07,28,11,2,N,N,0,1143.7312597293233,568.92926132406,2.3370275911323457,1.0169726623892124,0.3115976086348017,4.034264781977317,1.6027232896668844,1.5197592531510218,7.714949826240582
3,2020,07,28,11,3,N,N,0,1168.786847744361,575.2907593984961,2.1630006196097646,1.1277220361124716,0.19069328077002753,7.687616793263514,2.062161977662297,1.2414164404889072,8.33096838549463
4,2020,07,28,11,4,N,N,0,1172.0293439849625,569.7331315789475,1.842845318073078,1.1906725328100993,0.1375587591914875,2.658209292055463,2.1556199549177193,1.1533280412997922,7.279365643823713
5,2020,07,28,11,5,N,N,0,1180.0470000000003,566.3355263157894,1.4860877668813048,1.1314516142854794,0.1279390006168316,0.2650925692071972,2.2485230184475036,1.0343115081976528,5.703877198001076
6,2020,07,28,11,6,N,N,0,1188.3272500000003,559.3833157894736,1.2485945861819827,1.1226612844521335,0.13077720523196223,0.40558461383526806,1.8862975595546576,1.0402306503778138,5.637133034101939
7,2020,07,28,11,7,N,N,0,1206.9401447368418,567.6149276315789,1.1041133962814422,1.0676032491244938,0.02422962446664954,0.393317733322645,2.6699447093870834,0.9899295509856585,5.797721907323545
8,2020,07,28,11,8,N,N,0,1240.6686578947367,567.3804276315789,1.0665942188379203,1.0272751686668804,0.10402729311164804,0.7988063875383664,3.256563190479686,0.8680761230278238,5.7342106638835935
9,2020,07,28,11,9,N,N,0,1290.2043745563913,556.6791392428571,1.2297187261487583,0.9904171370155904,0.2251409870919388,1.4688420543162921,2.348538206702966,1.0412857876179398,6.748589940178713
10,2020,07,28,11,10,N,N,0,1350.8367672434208,546.6005369678571,1.521359044910942,0.9291817684985364,0.28466273402758707,3.084206766784304,2.433591584842845,1.3224311215967024,8.035692812478445
11,2020,07,28,11,11,N,N,0,1411.643437969925,542.7947293233084,1.7162797510628063,0.877019253753479,0.34541754579250766,1.4177964386821973,2.196688004528908,1.2712322677973875,8.797896752834765
12,2020,07,28,11,12,N,N,0,1469.5021941353384,562.0180725110275,1.9741387911717594,0.8686039247747915,0.3691996390019941,4.3501377582757,1.9286535602496138,1.6534162803894896,9.26419419195217
13,2020,07,28,11,13,N,N,0,1504.4497819548872,582.059947368421,2.23998381469159,0.8652603474059354,0.30128158479393624,0.6119339680655128,1.9939252476717357,1.8931083957367754,9.413489885588591
14,2020,07,28,11,14,N,N,0,1507.330543466792,585.5845531153509,2.2566207456392022,0.9875500753516012,0.26063408947354505,3.075706230895767,1.909040908956942,1.459075977138849,11.081052169481401
15,2020,07,28,11,15,N,N,0,1530.9200561278194,590.369937268421,2.202207123123472,1.1238345986942335,0.3517392722507179,1.7677223164886398,2.511334286645464,1.2230258916966514,11.835976464609509
0,2021,10,06,36,0,Y,N,2,1225.5479539473683,360.798177631579,1.258994710687761,0.5976676517016799,0.813994181178174,1.839054709701509,2.8627015035263113,0.8239465653099254,3.324408786793288
1,2021,10,06,36,1,Y,N,2,1235.2944342105263,355.70105921052635,1.1811477186482626,0.6647582224015797,0.807809011626428,1.818260915625374,2.9541149141162593,0.8360078940367549,3.7999762607233536
2,2021,10,06,36,2,Y,N,2,1251.4923618421053,344.60123026315796,1.1020516507416507,0.6825959255278942,0.7639886050671508,1.6979933313229896,2.8242179137101058,0.8416912560304437,4.067777387506693
3,2021,10,06,36,3,Y,N,2,1271.6401184210526,323.7637565789473,1.0293843579151858,0.655553249281243,0.7537313522628613,1.7293163297068643,2.8150234193948016,0.8238780258687386,3.912612420414677
4,2021,10,06,36,4,Y,N,2,1285.2081578947368,305.8152434210526,0.9641121095032461,0.5952302731815229,0.8651191222673343,1.8813216778302182,2.9655955919837327,0.7410505507898207,3.4877974025180465
5,2021,10,06,36,5,Y,N,2,1291.868677631579,298.74761842105266,0.8967513535964087,0.5272441590324844,0.9699622035700052,1.9091727926291115,2.759271878825916,0.6554417849515196,2.782851839417095
6,2021,10,06,36,6,Y,N,2,1299.3146417171054,295.54995243947366,0.8410188537859006,0.5283774050458035,0.9596939865728349,1.9168217163350083,2.906815710055791,0.6158903099534521,2.4036322677545896
7,2021,10,06,36,7,Y,N,2,1302.5201220855263,294.54847257800753,0.8266880639465338,0.5573476860353554,0.9305014968824629,2.349475765746842,3.4303618208416964,0.6867389233905717,2.3713505439364964
8,2021,10,06,36,8,Y,N,2,1294.137721804511,295.4710808270677,0.8619850778192224,0.6094732827114537,0.9072719846269884,2.6335795960407555,3.2893452007229094,0.8715508421929002,2.619890552175191
9,2021,10,06,36,9,Y,N,2,1295.5718815789473,303.4450855263158,0.9545029078375942,0.6336058722535526,0.9664066448208939,2.2095932112559997,3.484183289620596,0.6530628608792836,3.3176821631205926
10,2021,10,06,36,10,Y,N,2,1296.7906882030077,312.44435172631574,1.066654652584097,0.6472664384687097,0.9125454260522379,2.6056649862879144,3.2589225467514944,1.0818780178494274,3.5991735011492163
11,2021,10,06,36,11,Y,N,2,1277.061227506767,323.1101028156955,1.188585118098613,0.6211782080950232,0.8884851922609577,3.899275601791662,3.3181938736403453,1.2495465309328382,3.6969394563095377
12,2021,10,06,36,12,Y,N,2,1223.7703421052631,324.8892302631579,1.2795819101508725,0.5596817757126223,0.9957114053127945,2.269636575437848,3.104688455588733,0.6741939201875694,3.8471513943941975
13,2021,10,06,36,13,Y,N,2,1216.6256447368419,320.11236184210526,1.321425671582724,0.5215181328807893,0.9876966240418821,2.022668880261623,2.7775477231746586,0.6197018054717794,3.815273988557094
14,2021,10,06,36,14,Y,N,2,1233.8142753759396,314.022852443609,1.3141218043016387,0.4764086210139464,0.9370542404378227,2.5207279173053747,3.2625305090751797,0.8042892673657004,3.4775004235366263
15,2021,10,06,36,15,Y,N,2,1263.0195767992482,310.94614731052627,1.254752858729561,0.455462451278843,0.8620676638045461,2.067142094469157,3.807312820620568,1.2626848951707452,3.265513537562236
16,2021,10,06,36,16,Y,N,2,1227.775394604793,310.6827491944549,1.2764682604479394,0.39338806710875335,0.9625600507656676,2.6513803226404082,3.1886209627391624,0.7544640736389213,3.0197286406447206
17,2021,10,06,36,17,Y,N,2,1225.3231249999997,306.45305921052625,1.2439040319717847,0.3908987788885358,0.9874382938861425,1.894914946763305,2.9003711859964327,0.6693171407869888,2.8831944957116478
18,2021,10,06,36,18,Y,N,2,1233.7852302631577,303.08335526315796,1.2289224318980156,0.3955390641031421,0.9916496626124767,1.8387562819655912,2.898799483908396,0.693288982899569,2.8430151091240883
0,2021,03,25,01,0,N,N,0,885.7159276315789,408.74683552631586,1.1437187268615512,0.8301866647478657,0.4614729286656617,0.6709798541590942,2.936150900967835,0.862468215247862,4.811280203897385
1,2021,03,25,01,1,N,N,0,924.9494210526315,411.53740131578945,1.2996186765201951,0.7925001806173128,0.47465166551324617,0.6567944287028339,3.1452617541219023,0.9990038973020802,5.420425005999455
2,2021,03,25,01,2,N,N,0,938.7073176691729,420.4834229323308,1.4029180554410563,0.7616474010031152,0.33944731377384335,1.6206159757592258,2.345744977231798,1.4036127807413041,5.814256695822284
3,2021,03,25,01,3,N,N,0,974.6806635338347,407.75481578947364,1.3381019257273283,0.7936095478992051,0.4527704004175971,1.8203107461943748,1.8523460910448966,1.1946583096223053,5.445937373940805
4,2021,03,25,01,4,N,N,0,1017.7013289473683,407.67678947368427,1.2567571486543807,0.7743273218635451,0.5053516859542991,0.6844370515178579,2.246518133679148,0.9354383895205632,4.803412065400556
5,2021,03,25,01,5,N,N,0,1062.4671381578949,417.610625,1.1640485467872121,0.7010991131382327,0.5938518868280326,0.7401510672124408,2.3216605478242403,0.8263489406919536,4.397633897714669
6,2021,03,25,01,6,N,N,0,1074.2377894736842,438.80290507518794,1.0885266324560285,0.5995789287433615,0.46361753134977984,1.689890027460005,2.7401913293469047,1.2630238503583064,3.4596815194593713
7,2021,03,25,01,7,N,N,0,1115.3448311403508,438.3186370300752,1.0919166836438385,0.5716927696086762,0.40418900693737514,1.828330805928051,2.5153237702117286,1.2384726016739922,3.2182884158112337
8,2021,03,25,01,8,N,N,0,1144.8598875313282,442.15164755639097,1.089473354764343,0.5673862761480556,0.31174251841722755,3.350188915805078,2.354004949516894,1.1733803761775399,3.2858804927140395
9,2021,03,25,01,9,N,N,0,1146.933022556391,442.11480451127824,1.0513874584820935,0.6362537061227723,0.07576374158989586,0.23564243193795795,2.5898895583821213,1.3267744531555892,3.502360213697719
10,2021,03,25,01,10,N,N,0,1141.8035639097745,428.71178947368423,1.066468937091132,0.6131476550745644,0.1423426449930237,2.1918883786481045,2.008234672402937,1.4274019295640727,3.5475556454790027
11,2021,03,25,01,11,N,N,0,1152.125234962406,394.0559821428571,1.0203886739000252,0.5775995777932128,0.3542189136216904,2.669005937662932,1.7422980827575583,1.1457851798795051,3.610520211462406
12,2021,03,25,01,12,N,N,0,1154.095677631579,370.5361983082707,0.8741803077706468,0.5961642109733001,0.3571420189639239,1.0934823890811503,1.5472770756743635,0.8742696918676305,2.774646793793121
13,2021,03,25,01,13,N,N,0,1126.4392086466166,343.10034962406013,0.8305563052851982,0.6536642253637075,0.31764727685343486,2.5844296785188883,2.0832546842473696,0.9856383433617137,2.774041297673127
