,Year,Month,Day,Trial,Ablation,Darkness,Flow,Fish,Tailbeat_Num,X,Y,Heading,Speed,TB_Frequency,Fish_Length
0,2022,09,13,30,N,Y,0,individual1,0,1021.1614210526316,667.0426842105263,-156.9728980233148,0.8170962071627,2.727272727272727,2.727272727272727
1,2022,09,13,30,N,Y,0,individual1,1,976.1095789473685,651.878,-162.72590135334275,0.7755370958092324,2.727272727272727,2.727272727272727
2,2022,09,13,30,N,Y,0,individual1,2,935.4670526315789,639.1527894736842,-164.61911497943058,0.6776225331357915,2.6239234449760764,2.6239234449760764
3,2022,09,13,30,N,Y,0,individual1,3,899.5212631578946,624.2923157894736,-161.90378803037018,0.6725277787961256,2.4,2.4
4,2022,09,13,30,N,Y,0,individual1,4,869.3700526315789,592.5335789473685,-146.4011840355986,0.9783528398812992,2.3076923076923075,2.3076923076923075
5,2022,09,13,30,N,Y,0,individual1,5,826.3947368421053,557.2514210526317,-143.8454653343085,0.9482347301144902,2.156917492670669,2.156917492670669
6,2022,09,13,30,N,Y,0,individual1,6,784.4484210526316,529.8462105263159,-148.24633377526692,0.7435333806097564,2.4253423527470717,2.4253423527470717
7,2022,09,13,30,N,Y,0,individual1,7,748.1301052631578,508.78905263157884,-151.26781414824654,0.7309193415298781,6.1722488038277525,6.1722488038277525
8,2022,09,13,30,N,Y,0,individual1,8,707.6870842842105,500.6292600631579,-163.56409556124137,0.9099190067715316,2.727272727272727,2.727272727272727
9,2022,09,13,30,N,Y,0,individual1,9,652.677,492.02678947368423,-169.8032625556778,0.9949343768201437,2.8571428571428568,2.8571428571428568
10,2022,09,13,30,N,Y,0,individual1,10,596.2733157894736,481.8111578947369,-172.42269619142536,0.9866404763621336,2.218045112781955,2.218045112781955
11,2022,09,13,30,N,Y,0,individual1,11,541.9157368421053,477.4608421052632,-179.29282294184225,0.9032460548624783,2.11174487943998,2.11174487943998
12,2022,09,13,30,N,Y,0,individual1,12,491.0667368421053,464.39121052631583,-173.42177053991549,0.8806671852195447,2.0689655172413794,2.0689655172413794
13,2022,09,13,30,N,Y,0,individual1,13,447.52989473684215,478.1266315789473,166.44691653465912,1.2295070244436435,2.282563171855368,2.282563171855368
14,2022,09,13,30,N,Y,0,individual1,14,415.0699473684211,537.3047894736842,126.68855459737716,1.115257114610869,2.3076923076923075,2.3076923076923075
0,2022,09,13,30,N,Y,0,individual2,0,121.47305263157897,594.4326315789473,-159.68395431176944,0.5177719704455432,3.640350877192983,3.640350877192983
1,2022,09,13,30,N,Y,0,individual2,1,,,,,1.666666666666667,1.666666666666667
2,2022,09,13,30,N,Y,0,individual2,2,537.7636842105262,683.2702631578946,21.629950477544387,2.014638348394864,1.6345742404792472,1.6345742404792472
3,2022,09,13,30,N,Y,0,individual2,3,628.6250526315789,711.0109473684211,17.23053651150812,1.3327722955118297,1.4634146341463417,1.4634146341463417
4,2022,09,13,30,N,Y,0,individual2,4,697.5578421052633,718.5261578947368,14.234240555873434,1.0904293085133556,1.4634146341463417,1.4634146341463417
5,2022,09,13,30,N,Y,0,individual2,5,760.000947368421,724.2195263157895,15.869969797153642,1.0759722347014176,2.727272727272727,2.727272727272727
6,2022,09,13,30,N,Y,0,individual2,6,815.0561578947368,734.7814210526315,17.810765492272708,0.7962803291468149,2.8366370471633626,2.8366370471633626
7,2022,09,13,30,N,Y,0,individual2,7,858.8601578947369,740.6565263157896,14.523554616519414,0.89561060129641,3.6992481203007523,3.6992481203007523
8,2022,09,13,30,N,Y,0,individual2,8,915.9144736842103,745.0765263157895,13.346811367072466,1.0686169680528852,3.5541795665634677,3.5541795665634677
9,2022,09,13,30,N,Y,0,individual2,9,978.6062105263156,750.8695789473685,14.65802985055435,1.0902640783973614,3.4232640424590888,3.4232640424590888
10,2022,09,13,30,N,Y,0,individual2,10,1040.6563911052629,759.4225952894736,16.687319354760653,0.9916972477520339,2.9496818970503176,2.9496818970503176
11,2022,09,13,30,N,Y,0,individual2,11,1089.4385020000002,774.1251273315789,23.10608900317967,1.003925435623413,3.967611336032389,3.967611336032389
12,2022,09,13,30,N,Y,0,individual2,12,1112.4649522631578,814.2446842105262,48.22072418294832,1.1309874135722862,2.763157894736842,2.763157894736842
13,2022,09,13,30,N,Y,0,individual2,13,,,,,2.5,2.5
14,2022,09,13,30,N,Y,0,individual2,14,1011.9109807894736,813.8632089473683,147.6599855305833,0.6006820443488646,2.5,2.5
0,2022,09,13,30,N,Y,0,individual3,0,1500.7925789473684,641.7672105263158,31.01137506579744,0.7533669442268097,2.3076923076923075,2.3076923076923075
1,2022,09,13,30,N,Y,0,individual3,1,1536.9642631578945,663.4397894736841,30.95792106732259,0.6922140469884038,2.4291497975708496,2.4291497975708496
2,2022,09,13,30,N,Y,0,individual3,2,1568.9472105263158,677.3086315789475,26.87383630716321,0.9614405958290347,2.6842105263157894,2.6842105263157894
3,2022,09,13,30,N,Y,0,individual3,3,1582.6305600526316,581.7726012842106,-67.41372664487689,2.022979544685159,4.759398496240601,4.759398496240601
4,2022,09,13,30,N,Y,0,individual3,4,1577.2492631578948,489.7462105263158,-100.23943230569452,2.0457710311017436,7.398496240601503,7.398496240601503
5,2022,09,13,30,N,Y,0,individual3,5,1488.4926842105265,384.10031578947365,-132.4033177765813,2.409095361855877,3.465149359886203,3.465149359886203
6,2022,09,13,30,N,Y,0,individual3,6,1395.8783684210525,290.20152631578947,-138.49580548271314,2.0785945657605667,1.6216216216216217,1.6216216216216217
7,2022,09,13,30,N,Y,0,individual3,7,1281.648157894737,249.66231578947367,-166.44266696504366,2.1674320248021046,3.5124193018929857,3.5124193018929857
8,2022,09,13,30,N,Y,0,individual3,8,1164.3547368421052,226.7961052631579,-174.10498540402807,1.9811360542654681,4.0775014459225,4.0775014459225
9,2022,09,13,30,N,Y,0,individual3,9,1041.6572631578947,213.8632105263158,-173.23604178764685,2.0555071161760936,4.165413533834586,4.165413533834586
10,2022,09,13,30,N,Y,0,individual3,10,923.1915263157896,208.9988947368421,-177.69001598910614,1.9595074337280707,4.180451127819549,4.180451127819549
11,2022,09,13,30,N,Y,0,individual3,11,807.0666842105263,219.64552631578948,173.04975373738986,1.9552395678090564,4.310776942355889,4.310776942355889
12,2022,09,13,30,N,Y,0,individual3,12,701.5391052631579,236.27289473684212,168.92670345365957,1.542328259257454,3.287165281625115,3.287165281625115
13,2022,09,13,30,N,Y,0,individual3,13,626.0198421052631,286.1298947368421,143.3676022426572,1.7361152328378078,3.3795013850415514,3.3795013850415514
14,2022,09,13,30,N,Y,0,individual3,14,563.6665789473684,357.22710526315785,128.49809712968514,1.4906440290312073,4.0,4.0
0,2022,09,13,30,N,Y,0,individual4,0,1142.076210526316,750.8422105263157,-2.8462174388066805,0.9620348725401078,3.2667876588021785,3.2667876588021785
1,2022,09,13,30,N,Y,0,individual4,1,1195.949842105263,751.4250000000002,4.150354006569916,0.8195866603360924,2.0689655172413794,2.0689655172413794
2,2022,09,13,30,N,Y,0,individual4,2,1247.3568848947368,752.2672105263158,5.3045870528214865,0.9416950239875974,1.3797698086333252,1.3797698086333252
3,2022,09,13,30,N,Y,0,individual4,3,,,,,0.7594936708860761,0.7594936708860761
4,2022,09,13,30,N,Y,0,individual4,4,,,,,0.7594936708860761,0.7594936708860761
5,2022,09,13,30,N,Y,0,individual4,5,,,,,0.7594936708860761,0.7594936708860761
6,2022,09,13,30,N,Y,0,individual4,6,,,,,0.9047814277661046,0.9047814277661046
7,2022,09,13,30,N,Y,0,individual4,7,,,,,1.1538461538461537,1.1538461538461537
8,2022,09,13,30,N,Y,0,individual4,8,1517.148127473684,683.5727492052632,-36.31896743747893,1.3420624639050691,1.1538461538461537,1.1538461538461537
9,2022,09,13,30,N,Y,0,individual4,9,1538.6669426842107,609.827593631579,-65.16908925387084,1.2107256854550552,1.3063741643913,1.3063741643913
10,2022,09,13,30,N,Y,0,individual4,10,1568.517,553.2061052631578,-66.04802365305225,1.0018713255840488,1.3953488372093021,1.3953488372093021
11,2022,09,13,30,N,Y,0,individual4,11,1593.732421052632,503.92015789473686,-66.12069933583369,0.8614073024657025,2.5816778081159963,2.5816778081159963
12,2022,09,13,30,N,Y,0,individual4,12,1614.692157894737,460.94236842105266,-66.68228751705763,0.8001105815130867,2.6649202190997854,2.6649202190997854
13,2022,09,13,30,N,Y,0,individual4,13,1584.758052631579,413.8678947368421,-106.41440012532405,1.579280211739389,1.7647058823529413,1.7647058823529413
14,2022,09,13,30,N,Y,0,individual4,14,1538.664157894737,360.53273684210524,-127.51802749075965,1.0258240851076308,1.7647058823529413,1.7647058823529413
0,2022,09,13,30,N,Y,0,individual5,0,1323.166816631579,130.88163157894735,-73.87881654605287,1.1100920477191967,1.0909090909090906,1.0909090909090906
1,2022,09,13,30,N,Y,0,individual5,1,1351.7449473684212,133.04131578947369,-71.93729982387238,0.2873608004559555,1.0909090909090906,1.0909090909090906
2,2022,09,13,30,N,Y,0,individual5,2,1339.0712877894737,133.81946423157896,-95.74838760967023,1.0676244654643334,1.0909090909090906,1.0909090909090906
3,2022,09,13,30,N,Y,0,individual5,3,1298.1066842105265,129.9908947368421,-121.0521956920354,0.24085195182647565,1.016949152542373,1.016949152542373
4,2022,09,13,30,N,Y,0,individual5,4,1317.7809473684213,134.3648947368421,-94.93816508547384,1.1881367890683112,1.016949152542373,1.016949152542373
5,2022,09,13,30,N,Y,0,individual5,5,1379.376052631579,136.63394736842105,-56.5120943012434,0.5513694295364971,1.016949152542373,1.016949152542373
6,2022,09,13,30,N,Y,0,individual5,6,1431.3421052631577,143.2014736842105,-44.219090794190876,1.2331854284722261,2.9325320437579223,2.9325320437579223
7,2022,09,13,30,N,Y,0,individual5,7,1483.8363157894737,138.05715789473686,-43.50413248879123,0.8647237515087198,2.3971873002343913,2.3971873002343913
8,2022,09,13,30,N,Y,0,individual5,8,1426.9496923157894,133.4287695894737,-118.3334993297415,1.498891661665015,1.5715863084284138,1.5715863084284138
9,2022,09,13,30,N,Y,0,individual5,9,1457.2746842105264,125.20652631578947,-67.06326920947284,1.5494080852564789,0.9090909090909092,0.9090909090909092
10,2022,09,13,30,N,Y,0,individual5,10,1507.3326315789473,127.19031578947369,-64.28119783287804,0.5394232438580332,0.9090909090909092,0.9090909090909092
11,2022,09,13,30,N,Y,0,individual5,11,1492.592105263158,127.18957894736839,-97.50412802824734,1.3216407785567068,0.9130127853164953,0.9130127853164953
12,2022,09,13,30,N,Y,0,individual5,12,1451.829473105263,124.248,-105.05081808377132,1.3022858951122658,0.9836065573770489,0.9836065573770489
13,2022,09,13,30,N,Y,0,individual5,13,1523.044105263158,125.70792216315787,-58.32129760180508,0.9246288879351002,0.9836065573770489,0.9836065573770489
14,2022,09,13,30,N,Y,0,individual5,14,1548.6061052631578,127.53705263157893,-81.66251735739843,1.1447320366176166,0.9836065573770489,0.9836065573770489
0,2022,09,13,30,N,Y,0,individual6,0,1328.771337368421,748.0721981368421,-171.57327432766692,0.4523770633385061,1.132075471698113,1.132075471698113
1,2022,09,13,30,N,Y,0,individual6,1,1308.6052631578948,728.6441578947368,-156.10114158017151,0.7347229649538262,1.132075471698113,1.132075471698113
2,2022,09,13,30,N,Y,0,individual6,2,1276.9469473684212,708.5943157894735,-155.6964104874236,0.6306399973498783,1.132075471698113,1.132075471698113
3,2022,09,13,30,N,Y,0,individual6,3,1252.340263157895,690.671,-152.07702867434375,0.46786663972822157,6.218290150762841,6.218290150762841
4,2022,09,13,30,N,Y,0,individual6,4,1215.5845263157894,658.1880526315789,-148.72013576229944,1.5849912608370742,3.957621326042379,3.957621326042379
5,2022,09,13,30,N,Y,0,individual6,5,1136.0527894736842,612.6618421052632,-156.49622051994132,1.4923488988667093,3.879699248120301,3.879699248120301
6,2022,09,13,30,N,Y,0,individual6,6,1063.343842105263,578.0183684210525,-160.41810747848052,1.287498892751032,3.0,3.0
7,2022,09,13,30,N,Y,0,individual6,7,998.9019999999999,546.8650526315789,-157.7823462168195,1.1742845653604774,2.854251012145749,2.854251012145749
8,2022,09,13,30,N,Y,0,individual6,8,943.8319999999999,511.733,-150.6015068525086,1.0347548250227796,2.3076923076923075,2.3076923076923075
9,2022,09,13,30,N,Y,0,individual6,9,,,,,1.2355158453162083,1.2355158453162083
10,2022,09,13,30,N,Y,0,individual6,10,,,,,1.0344827586206897,1.0344827586206897
11,2022,09,13,30,N,Y,0,individual6,11,,,,,1.0344827586206897,1.0344827586206897
12,2022,09,13,30,N,Y,0,individual6,12,868.4135789473685,333.2967368421052,-69.65160142412364,1.3908598493451263,2.710860636163912,2.710860636163912
13,2022,09,13,30,N,Y,0,individual6,13,927.915105263158,294.0834210526316,-36.09245031915779,1.0608755395557465,5.680299820759329,5.680299820759329
14,2022,09,13,30,N,Y,0,individual6,14,979.7882665684209,274.82253334210526,-21.445730143243527,0.9394676554515605,3.5294117647058827,3.5294117647058827
0,2022,09,13,30,N,Y,0,individual7,0,,,,,1.1538461538461537,1.1538461538461537
1,2022,09,13,30,N,Y,0,individual7,1,1066.4206842105264,364.0464210526316,-137.70685025932994,0.9264367454170186,1.1538461538461537,1.1538461538461537
2,2022,09,13,30,N,Y,0,individual7,2,1028.2916842105267,333.68778947368423,-139.1964574343969,0.8164582987475377,1.1538461538461537,1.1538461538461537
3,2022,09,13,30,N,Y,0,individual7,3,992.780947368421,306.02584210526317,-140.68138908863432,0.6905130692631581,1.5856950067476385,1.5856950067476385
4,2022,09,13,30,N,Y,0,individual7,4,951.7685789473684,300.28384210526315,-160.53468499952112,1.2017255013549522,1.666666666666667,1.666666666666667
5,2022,09,13,30,N,Y,0,individual7,5,877.1196842105262,303.6415789473684,-177.3983765855628,1.2618411213313359,1.711779448621554,1.711779448621554
6,2022,09,13,30,N,Y,0,individual7,6,807.5157894736842,301.39726315789466,-179.69625554757783,1.1857524703699938,1.9285714285714284,1.9285714285714284
7,2022,09,13,30,N,Y,0,individual7,7,731.327842105263,300.363947368421,-179.76686481468215,1.4879431058823964,3.594182825484765,3.594182825484765
8,2022,09,13,30,N,Y,0,individual7,8,647.7748421052631,294.2353157894737,-177.51429790349013,1.291960910834859,2.9584487534626036,2.9584487534626036
9,2022,09,13,30,N,Y,0,individual7,9,574.1787894736842,292.18605263157895,177.15891822003823,1.1949079098256943,2.4,2.4
10,2022,09,13,30,N,Y,0,individual7,10,509.5255263157894,305.8462105263157,168.74818964598282,1.0229145825679724,4.213003095975232,4.213003095975232
11,2022,09,13,30,N,Y,0,individual7,11,466.89626315789474,368.87447368421044,132.99378929782236,1.926407659483732,2.8792569659442724,2.8792569659442724
12,2022,09,13,30,N,Y,0,individual7,12,405.1665263157895,445.6700000000001,127.85491880844287,1.5726485449011491,1.7647058823529413,1.7647058823529413
13,2022,09,13,30,N,Y,0,individual7,13,390.18189473684214,543.1538421052632,100.6748202035871,2.2422781324702896,3.0588235294117645,3.0588235294117645
14,2022,09,13,30,N,Y,0,individual7,14,377.5101578947368,662.434105263158,94.30934670106514,1.8208084126518103,4.0,4.0
0,2022,09,13,30,N,Y,0,individual8,0,,,,,6.0,6.0
1,2022,09,13,30,N,Y,0,individual8,1,,,,,6.0,6.0
2,2022,09,13,30,N,Y,0,individual8,2,,,,,6.0,6.0
3,2022,09,13,30,N,Y,0,individual8,3,,,,,6.0,6.0
4,2022,09,13,30,N,Y,0,individual8,4,1282.5355789473683,425.3411052631579,142.9151718475861,1.2311554996141176,3.071770334928229,3.071770334928229
5,2022,09,13,30,N,Y,0,individual8,5,1228.4563157894736,461.6726315789473,146.88726486913828,1.1567737318528117,3.0445731553764794,3.0445731553764794
6,2022,09,13,30,N,Y,0,individual8,6,1174.5774800000002,491.8432085473683,151.22908375214425,1.2853455083231262,3.4316441257943624,3.4316441257943624
7,2022,09,13,30,N,Y,0,individual8,7,1095.2225222105264,515.1590151789475,162.43610936435314,1.4790254738714146,3.216555320189017,3.216555320189017
8,2022,09,13,30,N,Y,0,individual8,8,1010.0348947368419,517.9379999999999,178.94482735049178,1.7584880840469232,2.7952656761521024,2.7952656761521024
9,2022,09,13,30,N,Y,0,individual8,9,,,,,2.0341763499658234,2.0341763499658234
10,2022,09,13,30,N,Y,0,individual8,10,,,,,1.7142857142857142,1.7142857142857142
11,2022,09,13,30,N,Y,0,individual8,11,,,,,2.3759398496240602,2.3759398496240602
12,2022,09,13,30,N,Y,0,individual8,12,675.2624736842105,504.1538421052632,-179.27054730285275,1.15540723522201,2.562929061784897,2.562929061784897
13,2022,09,13,30,N,Y,0,individual8,13,611.8782631578948,495.4527368421052,-174.65983502780628,1.2580390865836903,2.608695652173913,2.608695652173913
14,2022,09,13,30,N,Y,0,individual8,14,557.7434736842105,447.3976315789473,-149.529128350501,1.219904830089678,2.608695652173913,2.608695652173913
0,2022,09,13,05,N,Y,0,individual1,0,1527.742010105263,475.5011793999999,35.74539390058417,2.0718248516231528,3.0,3.0
1,2022,09,13,05,N,Y,0,individual1,1,,,,,4.530364372469635,4.530364372469635
2,2022,09,13,05,N,Y,0,individual1,2,1674.5510000000002,577.2566315789473,32.401481928277214,1.623376191303132,4.615384615384615,4.615384615384615
3,2022,09,13,05,N,Y,0,individual1,3,1766.9983157894737,632.9547368421053,30.245651828351264,1.9807070240413778,4.17004048582996,4.17004048582996
4,2022,09,13,05,N,Y,0,individual1,4,1860.6038947368422,682.678,27.703844557995218,1.577518699368087,13.68421052631579,13.68421052631579
5,2022,09,13,05,N,Y,0,individual1,5,1938.674789473684,717.4258421052632,25.861033582940156,1.3108865728535142,4.050343249427916,4.050343249427916
6,2022,09,13,05,N,Y,0,individual1,6,,,,,2.068077803203661,2.068077803203661
7,2022,09,13,05,N,Y,0,individual1,7,,,,,2.8289473684210527,2.8289473684210527
8,2022,09,13,05,N,Y,0,individual1,8,1986.7489473684209,506.77205263157896,-98.60803031642901,1.4735978307792437,9.226006191950466,9.226006191950466
9,2022,09,13,05,N,Y,0,individual1,9,1980.8427894736842,427.33852631578947,-101.36969280036733,1.1395665866764195,1.1764705882352942,1.1764705882352942
10,2022,09,13,05,N,Y,0,individual1,10,1936.608421052632,380.0305263157894,-132.18669579236465,1.7231732185458888,1.1764705882352942,1.1764705882352942
11,2022,09,13,05,N,Y,0,individual1,11,1847.5965263157896,353.6180526315789,-159.56351541620074,1.4597824059426647,1.7142857142857142,1.7142857142857142
12,2022,09,13,05,N,Y,0,individual1,12,1774.5587368421054,329.8072631578948,-164.24989497078332,1.181848108402422,1.9172932330827068,1.9172932330827068
13,2022,09,13,05,N,Y,0,individual1,13,,,,,3.1353383458646618,3.1353383458646618
14,2022,09,13,05,N,Y,0,individual1,14,1648.907631578947,296.67884210526313,-162.8106813227655,1.0263170836621622,4.716336295283663,4.716336295283663
0,2022,09,13,05,N,Y,0,individual2,0,640.5544736842106,550.3048421052632,-178.7406745895418,1.1608709352706277,3.5294117647058827,3.5294117647058827
1,2022,09,13,05,N,Y,0,individual2,1,574.6673157894737,573.561,159.59607489295877,1.996386212819816,3.5294117647058827,3.5294117647058827
2,2022,09,13,05,N,Y,0,individual2,2,525.2442631578948,676.9611052631578,121.11968063407927,1.9692259976907407,2.3598211214310285,2.3598211214310285
3,2022,09,13,05,N,Y,0,individual2,3,586.7495789473685,759.1625263157895,54.16102609864137,2.365897307510909,1.6771094402673352,1.6771094402673352
4,2022,09,13,05,N,Y,0,individual2,4,,,,,1.0714285714285716,1.0714285714285716
5,2022,09,13,05,N,Y,0,individual2,5,818.3250053421053,764.0850135999999,4.341508307606199,1.654821884786008,1.0714285714285716,1.0714285714285716
6,2022,09,13,05,N,Y,0,individual2,6,,,,,1.5601503759398494,1.5601503759398494
7,2022,09,13,05,N,Y,0,individual2,7,,,,,2.0,2.0
8,2022,09,13,05,N,Y,0,individual2,8,1144.3531055789472,703.2610526315789,-6.183303171035225,1.4460190327753957,1.2653061224489794,1.2653061224489794
9,2022,09,13,05,N,Y,0,individual2,9,1222.9452671578947,696.1844210526315,-5.935548020738633,1.1011997348887688,1.2244897959183672,1.2244897959183672
10,2022,09,13,05,N,Y,0,individual2,10,1284.8490000000002,692.0518947368422,-7.126687147716379,1.006760428391292,1.6575725026852843,1.6575725026852843
11,2022,09,13,05,N,Y,0,individual2,11,1338.3816315789475,686.7918421052632,-7.6741605028538045,0.8654468332454903,2.395141700404858,2.395141700404858
12,2022,09,13,05,N,Y,0,individual2,12,1387.3057894736844,679.3286842105263,-10.836474931941126,0.769939197706644,2.3076923076923075,2.3076923076923075
13,2022,09,13,05,N,Y,0,individual2,13,1428.6715263157892,672.3056842105262,-11.195400245000917,0.6625206885486975,2.51364196444288,2.51364196444288
14,2022,09,13,05,N,Y,0,individual2,14,1467.6821052631578,665.7357894736842,-10.005507017058303,0.7857791749700975,2.608695652173913,2.608695652173913
0,2022,09,13,05,N,Y,0,individual3,0,815.3425318526316,470.9077054526316,177.49313254688,1.6908496795011405,3.726780185758514,3.726780185758514
1,2022,09,13,05,N,Y,0,individual3,1,699.0913684210527,470.0066315789473,173.7623177372025,1.931505782698914,3.25421396628827,3.25421396628827
2,2022,09,13,05,N,Y,0,individual3,2,605.2577368421053,495.66894736842113,152.81825223604744,1.7704082593636077,2.2222222222222223,2.2222222222222223
3,2022,09,13,05,N,Y,0,individual3,3,577.4759473684211,592.3461578947368,106.00522271037403,1.8099466491001082,4.7402820777433785,4.7402820777433785
4,2022,09,13,05,N,Y,0,individual3,4,660.0313684210527,640.7202105263159,31.513486249177376,2.2445063759453485,2.7081635978491123,2.7081635978491123
5,2022,09,13,05,N,Y,0,individual3,5,771.8297894736842,672.7815789473684,15.181076437397179,1.9868316341211607,1.5789473684210524,1.5789473684210524
6,2022,09,13,05,N,Y,0,individual3,6,899.8271578947368,700.1652631578947,12.536042872705371,2.3947581938029776,2.8574472618793947,2.8574472618793947
7,2022,09,13,05,N,Y,0,individual3,7,,,,,2.0184026499815975,2.0184026499815975
8,2022,09,13,05,N,Y,0,individual3,8,,,,,1.0909090909090906,1.0909090909090906
9,2022,09,13,05,N,Y,0,individual3,9,,,,,1.0909090909090906,1.0909090909090906
10,2022,09,13,05,N,Y,0,individual3,10,,,,,1.2248803827751196,1.2248803827751196
11,2022,09,13,05,N,Y,0,individual3,11,,,,,1.25,1.25
12,2022,09,13,05,N,Y,0,individual3,12,1550.983105263158,750.0994210526317,11.274994546737938,1.6412129673930371,1.9078947368421053,1.9078947368421053
13,2022,09,13,05,N,Y,0,individual3,13,,,,,3.333333333333334,3.333333333333334
14,2022,09,13,05,N,Y,0,individual3,14,,,,,3.333333333333334,3.333333333333334
0,2022,09,13,05,N,Y,0,individual4,0,2170.022315789474,266.425,-96.63562297789012,0.5598136533108516,6.315789473684211,6.315789473684211
1,2022,09,13,05,N,Y,0,individual4,1,2146.126041842105,237.54014107368423,-120.63559199671342,1.4363069491314484,3.0,3.0
2,2022,09,13,05,N,Y,0,individual4,2,2038.619,219.06715789473682,-161.53895369374362,1.9209854053470887,5.3458646616541365,5.3458646616541365
3,2022,09,13,05,N,Y,0,individual4,3,1940.1867368421051,190.13926315789473,-159.0739873723554,1.528258108239248,2.9699248120300754,2.9699248120300754
4,2022,09,13,05,N,Y,0,individual4,4,1872.5356315789472,165.08694736842105,-155.1646035672106,1.0044702067676141,3.0921052631578947,3.0921052631578947
5,2022,09,13,05,N,Y,0,individual4,5,1802.8781578947367,160.81826315789473,-169.20296584356512,1.6341741620425285,6.118421052631579,6.118421052631579
6,2022,09,13,05,N,Y,0,individual4,6,1680.5258474736843,157.6708912368421,-174.0916488991704,2.318190429921934,5.885167464114832,5.885167464114832
7,2022,09,13,05,N,Y,0,individual4,7,1540.9786718421053,206.02707207368422,159.1623044905044,2.70945720847273,4.377990430622009,4.377990430622009
8,2022,09,13,05,N,Y,0,individual4,8,1432.9940000000001,258.35115789473684,163.36203640907277,1.4477645356483109,4.824561403508772,4.824561403508772
9,2022,09,13,05,N,Y,0,individual4,9,,,,,1.666666666666667,1.666666666666667
10,2022,09,13,05,N,Y,0,individual4,10,,,,,4.743589743589743,4.743589743589743
11,2022,09,13,05,N,Y,0,individual4,11,1592.4695031578947,401.59937537894734,29.04313977878354,1.8422057201053574,6.830197666110979,6.830197666110979
12,2022,09,13,05,N,Y,0,individual4,12,,,,,3.5294117647058827,3.5294117647058827
13,2022,09,13,05,N,Y,0,individual4,13,,,,,3.5294117647058827,3.5294117647058827
14,2022,09,13,05,N,Y,0,individual4,14,,,,,3.5294117647058827,3.5294117647058827
0,2022,09,13,05,N,Y,0,individual5,0,1700.2612631578947,184.57689473684212,-151.00422527830665,1.6836687074005694,2.0689655172413794,2.0689655172413794
1,2022,09,13,05,N,Y,0,individual5,1,1686.682842105263,128.85500000000002,-103.5968627343554,1.4051428795121854,1.734862233954793,1.734862233954793
2,2022,09,13,05,N,Y,0,individual5,2,1737.636894736842,127.79057894736843,-62.000298683814414,0.3457295147321189,1.3636363636363635,1.3636363636363635
3,2022,09,13,05,N,Y,0,individual5,3,1682.979947368421,134.15331578947365,-122.6541903834761,1.5539225280547426,1.6746411483253585,1.6746411483253585
4,2022,09,13,05,N,Y,0,individual5,4,1621.9592445263158,188.67444595263157,173.98519144870068,2.3878092043956762,2.8947368421052633,2.8947368421052633
5,2022,09,13,05,N,Y,0,individual5,5,1557.8034736842105,280.1750526315789,138.0694357594642,1.4424111033777782,1.25,1.25
6,2022,09,13,05,N,Y,0,individual5,6,1507.8765789473684,325.45626315789474,133.0602615094803,0.9436646887835071,1.25,1.25
7,2022,09,13,05,N,Y,0,individual5,7,1470.0238752631576,364.2539148578947,131.6324158438324,1.0500042795441724,2.5554016620498614,2.5554016620498614
8,2022,09,13,05,N,Y,0,individual5,8,1429.8914210526316,402.2316315789474,134.36771539513157,0.9588119805053722,5.2482420626464945,5.2482420626464945
9,2022,09,13,05,N,Y,0,individual5,9,1395.281842105263,435.593947368421,135.15656667378917,0.8002463732196723,2.4595141700404857,2.4595141700404857
10,2022,09,13,05,N,Y,0,individual5,10,1358.8318947368423,466.3283684210527,137.67138126757277,1.0017912333801193,4.078947368421052,4.078947368421052
11,2022,09,13,05,N,Y,0,individual5,11,1274.6975789473684,507.1593157894737,151.99314961234145,2.526355843722263,3.148820326678766,3.148820326678766
12,2022,09,13,05,N,Y,0,individual5,12,1136.3722105263157,522.3845789473684,173.39139334098897,2.013155673936634,2.0689655172413794,2.0689655172413794
13,2022,09,13,05,N,Y,0,individual5,13,1063.2509473684213,441.8248421052632,-129.12953455041543,2.360646921401662,2.0689655172413794,2.0689655172413794
14,2022,09,13,05,N,Y,0,individual5,14,1023.5987894736841,350.1986842105263,-113.86931343562657,1.2144546177788766,2.0689655172413794,2.0689655172413794
0,2022,09,13,05,N,Y,0,individual6,0,,,,,4.0,4.0
1,2022,09,13,05,N,Y,0,individual6,1,991.2037368421054,473.24905263157893,-139.3675761331966,2.042883895672871,3.789473684210526,3.789473684210526
2,2022,09,13,05,N,Y,0,individual6,2,939.7566842105261,381.93352631578944,-114.12969316688832,2.267814172949795,2.0,2.0
3,2022,09,13,05,N,Y,0,individual6,3,1010.6266842105263,286.54052631578946,-51.0377159416817,1.9059889364634852,2.4511278195488715,2.4511278195488715
4,2022,09,13,05,N,Y,0,individual6,4,1082.2228947368421,220.55599999999995,-41.24671330588607,1.5549536464937428,4.461152882205514,4.461152882205514
5,2022,09,13,05,N,Y,0,individual6,5,1184.1999580526317,236.73899565789475,8.638588911607599,2.4675132017589934,4.185463659147871,4.185463659147871
6,2022,09,13,05,N,Y,0,individual6,6,1310.4705789473683,295.69331578947373,27.237073340915895,2.477931922644372,4.586466165413533,4.586466165413533
7,2022,09,13,05,N,Y,0,individual6,7,,,,,2.039473684210526,2.039473684210526
8,2022,09,13,05,N,Y,0,individual6,8,,,,,1.25,1.25
9,2022,09,13,05,N,Y,0,individual6,9,1660.2936315789475,414.2441052631579,-18.261927588625,2.2991210678972824,2.5,2.5
10,2022,09,13,05,N,Y,0,individual6,10,1748.8490000000002,309.25542105263156,-54.14385961128248,2.0979108609417736,2.176386913229019,2.176386913229019
11,2022,09,13,05,N,Y,0,individual6,11,,,,,0.8108108108108109,0.8108108108108109
12,2022,09,13,05,N,Y,0,individual6,12,,,,,0.8108108108108109,0.8108108108108109
13,2022,09,13,05,N,Y,0,individual6,13,,,,,0.8108108108108109,0.8108108108108109
14,2022,09,13,05,N,Y,0,individual6,14,1903.2210526315787,631.9238421052631,80.79339938973806,1.6729535906000796,0.8108108108108109,0.8108108108108109
0,2022,09,13,05,N,Y,0,individual7,0,,,,,2.4,2.4
1,2022,09,13,05,N,Y,0,individual7,1,466.669052631579,521.1508947368422,-99.92228993545625,2.4558791099018755,2.4,2.4
2,2022,09,13,05,N,Y,0,individual7,2,472.8320526315789,404.218052631579,-74.25880084739751,2.083979129587236,1.9012145748987859,1.9012145748987859
3,2022,09,13,05,N,Y,0,individual7,3,550.5251578947369,335.7424210526316,-44.66632455782701,1.2622304481535298,1.5384615384615388,1.5384615384615388
4,2022,09,13,05,N,Y,0,individual7,4,592.212842105263,298.26721052631586,-45.859359293705566,0.8125068998580902,4.112203585887797,4.112203585887797
5,2022,09,13,05,N,Y,0,individual7,5,642.4733157894738,269.9726315789474,-37.085426401758234,1.4724869801722102,4.2857142857142865,4.2857142857142865
6,2022,09,13,05,N,Y,0,individual7,6,719.022052631579,213.96373684210528,-40.60179500994778,1.6309871654011536,3.632766125840918,3.632766125840918
7,2022,09,13,05,N,Y,0,individual7,7,783.1796842105264,167.97799999999998,-40.84986856233806,1.0427789285501228,2.9085872576177287,2.9085872576177287
8,2022,09,13,05,N,Y,0,individual7,8,826.7253684210527,157.65594736842107,-23.79508636241962,1.5951306977598012,3.2631578947368416,3.2631578947368416
9,2022,09,13,05,N,Y,0,individual7,9,894.0579734947368,250.87506610000003,45.487062143509654,1.952787193362137,3.1212814645308926,3.1212814645308926
10,2022,09,13,05,N,Y,0,individual7,10,959.039157894737,317.3142105263158,47.42265514320656,1.3205482749077755,3.0892448512585813,3.0892448512585813
11,2022,09,13,05,N,Y,0,individual7,11,1010.104157894737,360.4429473684211,43.9342203290859,1.0140682150832103,3.4072022160664814,3.4072022160664814
12,2022,09,13,05,N,Y,0,individual7,12,1058.392210526316,390.76231578947375,35.21988399248423,1.158781853990782,4.001704666524611,4.001704666524611
13,2022,09,13,05,N,Y,0,individual7,13,1140.6698577894736,408.55702904736836,17.881676396641286,1.5987175696309919,5.222672064777328,5.222672064777328
14,2022,09,13,05,N,Y,0,individual7,14,1219.6339128421052,433.8802367421053,19.354460404307716,1.314342853633736,5.0,5.0
0,2022,09,13,05,N,Y,0,individual8,0,,,,,3.333333333333334,3.333333333333334
1,2022,09,13,05,N,Y,0,individual8,1,,,,,3.333333333333334,3.333333333333334
2,2022,09,13,05,N,Y,0,individual8,2,1557.4087770526319,651.2802596578946,54.17848712385906,1.2459286581566702,3.640350877192983,3.640350877192983
3,2022,09,13,05,N,Y,0,individual8,3,1590.9945789473684,703.3877894736843,58.46166551511336,1.0351695265183825,1.736842105263158,1.736842105263158
4,2022,09,13,05,N,Y,0,individual8,4,1634.9799473684209,722.2182631578947,28.608649868458528,1.5144181768413036,1.5,1.5
5,2022,09,13,05,N,Y,0,individual8,5,1725.5245789473684,676.2085789473683,-28.06574366915306,1.9375182776676754,5.196172248803828,5.196172248803828
6,2022,09,13,05,N,Y,0,individual8,6,1758.3305789473682,575.4581578947367,-86.56493358018122,2.0089077790602192,2.6985645933014353,2.6985645933014353
7,2022,09,13,05,N,Y,0,individual8,7,1762.9168947368423,460.5636315789474,-97.72974251583217,1.8051269967855226,1.7142857142857142,1.7142857142857142
8,2022,09,13,05,N,Y,0,individual8,8,1713.3076834210526,369.0395614105263,-125.43047034832479,2.000046025868715,4.127819548872179,4.127819548872179
9,2022,09,13,05,N,Y,0,individual8,9,1633.8983157894736,288.7423684210527,-139.45121255227892,1.7540869339643854,3.5318559556786706,3.5318559556786706
10,2022,09,13,05,N,Y,0,individual8,10,1556.5833157894735,238.48736842105265,-152.11839210853938,1.4622064455453938,2.664316293125158,2.664316293125158
11,2022,09,13,05,N,Y,0,individual8,11,1480.1905789473683,217.58815789473684,-171.0981218734016,1.585808143662649,1.8181818181818183,1.8181818181818183
12,2022,09,13,05,N,Y,0,individual8,12,1410.4806315789476,255.77573684210523,153.59968510056095,1.1366793794225494,1.5721120984278876,1.5721120984278876
13,2022,09,13,05,N,Y,0,individual8,13,1365.0751645263158,282.7805060894737,146.8369417264475,1.375157635668122,1.4285714285714284,1.4285714285714284
14,2022,09,13,05,N,Y,0,individual8,14,1408.054736842105,356.85378947368423,69.20644228572446,1.6236491107574247,1.4285714285714284,1.4285714285714284
0,2022,09,13,01,N,Y,0,individual1,0,1339.806842526316,694.9928709578948,24.026890965025235,2.6702923625527775,5.101214574898785,5.101214574898785
1,2022,09,13,01,N,Y,0,individual1,1,1495.1758421052632,729.6908947368421,5.966294770087139,2.8956083500348866,4.372469635627532,4.372469635627532
2,2022,09,13,01,N,Y,0,individual1,2,1665.5392105263156,704.3504210526316,-12.112898143513007,2.820034700640634,4.385964912280701,4.385964912280701
3,2022,09,13,01,N,Y,0,individual1,3,1817.9533684210528,676.1092105263158,-12.475539967046025,2.26228866373098,3.0282227307398935,3.0282227307398935
4,2022,09,13,01,N,Y,0,individual1,4,1915.7936315789473,605.3883157894736,-49.883324323955655,2.250703183654914,2.442271687122946,2.442271687122946
5,2022,09,13,01,N,Y,0,individual1,5,1962.187,496.1365263157894,-71.02227382791528,1.7284541472942343,1.8181818181818183,1.8181818181818183
6,2022,09,13,01,N,Y,0,individual1,6,1950.2944736842105,392.04052631578946,-100.46147296669324,2.3985552170477176,2.8516746411483256,2.8516746411483256
7,2022,09,13,01,N,Y,0,individual1,7,1913.086157894737,260.391,-107.8932386681839,2.049862220416357,2.217870257037944,2.217870257037944
8,2022,09,13,01,N,Y,0,individual1,8,1865.6217894736837,166.44852631578948,-121.71386258092748,2.0152775368090543,1.3953488372093021,1.3953488372093021
9,2022,09,13,01,N,Y,0,individual1,9,1757.4186315789477,185.2785263157895,172.76331511399002,2.1409086637147587,1.5973072215422277,1.5973072215422277
10,2022,09,13,01,N,Y,0,individual1,10,1649.9263157894736,204.05394736842106,175.82492930474405,1.8105588731163378,1.875,1.875
11,2022,09,13,01,N,Y,0,individual1,11,1532.4158947368421,205.845,179.48322077525685,2.10026633570072,3.0940402476780187,3.0940402476780187
12,2022,09,13,01,N,Y,0,individual1,12,1415.3956315789476,201.5911052631579,-176.65723880428357,2.128765853739949,4.150741966478062,4.150741966478062
13,2022,09,13,01,N,Y,0,individual1,13,1401.2344736842106,142.92463157894733,-91.12724794895759,0.8373941054953352,2.0689655172413794,2.0689655172413794
14,2022,09,13,01,N,Y,0,individual1,14,1416.145,142.7975789473684,-65.50647053228654,0.9519088547704286,4.2623800881514144,4.2623800881514144
15,2022,09,13,01,N,Y,0,individual1,15,1469.7318947368422,151.63047368421053,-33.25169899101199,1.025476158390713,2.796992481203007,2.796992481203007
16,2022,09,13,01,N,Y,0,individual1,16,1529.1974978947367,212.12569617368422,21.499369542732452,2.08165791800545,1.7142857142857142,1.7142857142857142
17,2022,09,13,01,N,Y,0,individual1,17,1616.014105263158,265.5274210526316,27.223170841732916,1.6186453055803824,2.6165413533834587,2.6165413533834587
18,2022,09,13,01,N,Y,0,individual1,18,1710.417105263158,305.5086842105263,25.328413789382864,1.9660658352866989,3.849624060150377,3.849624060150377
19,2022,09,13,01,N,Y,0,individual1,19,1809.1484210526319,344.0067894736842,23.638595642089932,1.9575703559998603,2.6503759398496243,2.6503759398496243
20,2022,09,13,01,N,Y,0,individual1,20,1900.2442105263162,289.5115789473684,-33.53244315208332,1.9463031082480096,2.2368421052631575,2.2368421052631575
21,2022,09,13,01,N,Y,0,individual1,21,1961.4411824210524,213.9586618736842,-60.136483548157265,1.9716722887756923,1.666666666666667,1.666666666666667
22,2022,09,13,01,N,Y,0,individual1,22,1915.3129332631574,158.58936842105263,-123.68199824433243,0.9117304170561327,2.1132376395534287,2.1132376395534287
23,2022,09,13,01,N,Y,0,individual1,23,1832.658263157895,161.37668421052632,-152.8451579336808,2.0613287076165574,3.2241442767758555,3.2241442767758555
24,2022,09,13,01,N,Y,0,individual1,24,1716.6651052631578,167.33252631578947,-174.08264565001883,1.8130068110784137,4.2591093117408905,4.2591093117408905
25,2022,09,13,01,N,Y,0,individual1,25,1618.7383157894735,168.29952631578948,-175.18075383687972,1.4181324816071146,24.526315789473685,24.526315789473685
0,2022,09,13,01,N,Y,0,individual2,0,1511.9676103684208,150.40329026842107,-157.88539426704335,1.968765924648579,2.5,2.5
1,2022,09,13,01,N,Y,0,individual2,1,1413.9965789473686,204.4852105263158,165.71638874464597,1.8001736241068624,1.5421052631578946,1.5421052631578946
2,2022,09,13,01,N,Y,0,individual2,2,1332.0283157894737,229.77878947368418,170.13068556224647,1.0614742088308076,1.2,1.2
3,2022,09,13,01,N,Y,0,individual2,3,1283.3680415789474,245.49105613684208,167.62920909775534,0.8192577654868891,1.7052631578947368,1.7052631578947368
4,2022,09,13,01,N,Y,0,individual2,4,1250.8657452631578,255.0861692631579,167.00059993091406,0.536862040123915,6.063157894736843,6.063157894736843
5,2022,09,13,01,N,Y,0,individual2,5,1216.0006062631578,250.81271701578953,177.44218671018052,0.8203348384462861,2.4,2.4
6,2022,09,13,01,N,Y,0,individual2,6,1170.3234736842103,253.01889473684207,175.09971058742912,0.8147040295077306,3.5368421052631582,3.5368421052631582
7,2022,09,13,01,N,Y,0,individual2,7,,,,,1.666666666666667,1.666666666666667
8,2022,09,13,01,N,Y,0,individual2,8,,,,,1.8859649122807018,1.8859649122807018
9,2022,09,13,01,N,Y,0,individual2,9,,,,,4.198564593301435,4.198564593301435
10,2022,09,13,01,N,Y,0,individual2,10,,248.88486229473688,,,4.288277511961722,4.288277511961722
11,2022,09,13,01,N,Y,0,individual2,11,826.858,270.443,167.25783302409812,1.5051910342217873,2.6973684210526314,2.6973684210526314
12,2022,09,13,01,N,Y,0,individual2,12,747.2236151421054,284.8679535263158,167.78049768391517,1.1686837640004506,2.631578947368421,2.631578947368421
13,2022,09,13,01,N,Y,0,individual2,13,,298.1562007789474,,,3.157894736842105,3.157894736842105
14,2022,09,13,01,N,Y,0,individual2,14,621.7980077368421,326.0517345368421,159.58433434526262,1.5335171727581507,3.8947368421052633,3.8947368421052633
15,2022,09,13,01,N,Y,0,individual2,15,537.0123684210527,356.53026315789475,162.3889743352731,1.4388878755021333,8.561403508771932,8.561403508771932
16,2022,09,13,01,N,Y,0,individual2,16,466.38015789473684,427.9122105263158,138.37712607229417,2.364607911164961,3.940620782726046,3.940620782726046
17,2022,09,13,01,N,Y,0,individual2,17,393.9991578947368,529.5668947368421,119.6963389739372,2.408199907497362,3.340080971659919,3.340080971659919
18,2022,09,13,01,N,Y,0,individual2,18,442.6655789473684,642.7241578947368,61.05122881019967,2.019813960556183,3.736842105263158,3.736842105263158
19,2022,09,13,01,N,Y,0,individual2,19,544.7080000000001,675.3261578947369,13.832182075945155,2.246759776826888,4.457350272232305,4.457350272232305
20,2022,09,13,01,N,Y,0,individual2,20,662.2867894736843,679.5696842105262,5.208959212826861,1.7804448932483625,2.0689655172413794,2.0689655172413794
21,2022,09,13,01,N,Y,0,individual2,21,778.7871578947369,687.2272631578948,4.178269463061749,2.033837826659719,3.643724696356275,3.643724696356275
22,2022,09,13,01,N,Y,0,individual2,22,900.7553684210526,690.1098947368421,3.52180874107711,2.2316537301324804,4.615384615384615,4.615384615384615
23,2022,09,13,01,N,Y,0,individual2,23,1045.5764210526315,689.1411052631579,1.8624808179254744,2.4040198243358795,4.161943319838056,4.161943319838056
24,2022,09,13,01,N,Y,0,individual2,24,1188.4248947368421,688.0664736842105,1.9870667884166824,2.2900575087784323,3.518796992481203,3.518796992481203
25,2022,09,13,01,N,Y,0,individual2,25,1317.345842105263,684.9857894736842,2.7141830732943815,1.9132338795737442,2.8571428571428568,2.8571428571428568
0,2022,09,13,01,N,Y,0,individual3,0,1323.395221263158,148.04036038421054,-154.03689441935498,1.2957937196872549,13.383458646616543,13.383458646616543
1,2022,09,13,01,N,Y,0,individual3,1,1242.4097378947367,153.72478633157894,-178.8610893208043,2.0418321927641787,2.6620605567973987,2.6620605567973987
2,2022,09,13,01,N,Y,0,individual3,2,1126.8015137368423,185.3643723105263,170.06249289680807,1.8126190867502567,1.6216216216216217,1.6216216216216217
3,2022,09,13,01,N,Y,0,individual3,3,,,,,1.9118065433854907,1.9118065433854907
4,2022,09,13,01,N,Y,0,individual3,4,953.7081052631578,211.3461052631579,175.0265893674853,1.3281264927805236,3.1578947368421053,3.1578947368421053
5,2022,09,13,01,N,Y,0,individual3,5,872.7773684210526,220.31336842105262,175.19168093203695,1.4389931846481903,4.0,4.0
6,2022,09,13,01,N,Y,0,individual3,6,781.7357758789475,233.44546505789478,174.1175823022041,1.725201409940679,3.727554179566564,3.727554179566564
7,2022,09,13,01,N,Y,0,individual3,7,685.0024737157895,244.60709704736837,174.1581974604404,1.4868118245262778,3.275215903535929,3.275215903535929
8,2022,09,13,01,N,Y,0,individual3,8,601.6696842105263,254.65331578947365,174.85161462973724,1.2685390361503763,3.0498614958448753,3.0498614958448753
9,2022,09,13,01,N,Y,0,individual3,9,530.9592631578947,263.71294736842106,174.46641526782216,1.0569581143362048,4.020242914979757,4.020242914979757
10,2022,09,13,01,N,Y,0,individual3,10,499.31996429473674,204.4563544473684,-130.51249078928086,1.9376448278278426,1.3360323886639673,1.3360323886639673
11,2022,09,13,01,N,Y,0,individual3,11,474.6273157894737,122.76705263157898,-110.00769619010272,0.9068069430682878,1.1538461538461537,1.1538461538461537
12,2022,09,13,01,N,Y,0,individual3,12,460.63500000000005,114.1457894736842,-111.48464830730215,0.5356423218620883,1.1687184995455668,1.1687184995455668
13,2022,09,13,01,N,Y,0,individual3,13,540.9429473684211,132.92873684210528,-31.289731860654463,1.754445246073401,1.2244897959183672,1.2244897959183672
14,2022,09,13,01,N,Y,0,individual3,14,600.759842105263,132.79873684210523,-18.07002268577433,0.7017650487272925,1.2244897959183672,1.2244897959183672
15,2022,09,13,01,N,Y,0,individual3,15,638.5788354157895,161.3263420105263,5.5076545095542375,1.7081463391333331,1.4483577364463789,1.4483577364463789
16,2022,09,13,01,N,Y,0,individual3,16,711.0221065263157,215.3634728368421,24.83891233146915,1.3840655316906525,1.5789473684210524,1.5789473684210524
17,2022,09,13,01,N,Y,0,individual3,17,778.9803157894737,249.711,25.527742627676556,1.2892437472517664,3.2884843688167784,3.2884843688167784
18,2022,09,13,01,N,Y,0,individual3,18,842.3442105263158,297.1016842105263,30.23266412984106,1.4736398967528779,1.9849624060150377,1.9849624060150377
19,2022,09,13,01,N,Y,0,individual3,19,904.976894736842,343.52068421052644,27.760006742501584,1.2475588628327148,1.6794618124258014,1.6794618124258014
20,2022,09,13,01,N,Y,0,individual3,20,941.8610048684212,395.6264966,46.48623532522253,2.4268804841832656,1.0526315789473686,1.0526315789473686
21,2022,09,13,01,N,Y,0,individual3,21,829.1512105263158,514.2497894736842,121.36725458491209,2.7403335232371497,1.0526315789473686,1.0526315789473686
22,2022,09,13,01,N,Y,0,individual3,22,758.7564210526316,635.816,116.27279225633825,2.06412872636694,1.6288088642659282,1.6288088642659282
23,2022,09,13,01,N,Y,0,individual3,23,709.8317894736842,721.0332631578947,117.20393497071653,1.4160624512319544,15.157894736842104,15.157894736842104
24,2022,09,13,01,N,Y,0,individual3,24,,,,,30.0,30.0
25,2022,09,13,01,N,Y,0,individual3,25,537.0158947368421,626.7181578947369,-145.23733773391666,1.5753487716393417,30.0,30.0
0,2022,09,13,01,N,Y,0,individual4,0,1017.763947368421,234.9761052631579,-7.867250103091161,0.8756414122703735,3.3082706766917296,3.3082706766917296
1,2022,09,13,01,N,Y,0,individual4,1,1064.463,264.4924210526315,18.33052341175788,1.3886982995997226,2.8571428571428568,2.8571428571428568
2,2022,09,13,01,N,Y,0,individual4,2,1134.959368421053,287.442105263158,17.574183943325203,1.203932041196276,2.992481203007519,2.992481203007519
3,2022,09,13,01,N,Y,0,individual4,3,1197.7322105263158,307.80952631578947,16.927018102179915,1.0768224159342854,4.315789473684211,4.315789473684211
4,2022,09,13,01,N,Y,0,individual4,4,1243.2932631578947,331.3814736842105,19.952381295097485,0.7362449941746761,3.7192982456140347,3.7192982456140347
5,2022,09,13,01,N,Y,0,individual4,5,1274.4635045263158,347.5868690263158,13.38591540600426,1.3097267962769301,2.93859649122807,2.93859649122807
6,2022,09,13,01,N,Y,0,individual4,6,1265.2184736842105,272.6825789473684,-73.42935633341588,1.218871655136253,2.242441209406495,2.242441209406495
7,2022,09,13,01,N,Y,0,individual4,7,1248.1395263157897,223.24684210526314,-93.09938407711844,0.87770468780756,1.2765957446808511,1.2765957446808511
8,2022,09,13,01,N,Y,0,individual4,8,1229.921842105263,183.70094736842105,-102.45793196664357,1.2026749517967381,1.2765957446808511,1.2765957446808511
9,2022,09,13,01,N,Y,0,individual4,9,1153.859,157.81684210526316,-142.3374780084918,1.593362686472041,4.396096624540075,4.396096624540075
10,2022,09,13,01,N,Y,0,individual4,10,1046.8791309473684,158.67974031578947,-175.5688488957638,2.3719465211153503,2.966165413533835,2.966165413533835
11,2022,09,13,01,N,Y,0,individual4,11,,,,,1.5,1.5
12,2022,09,13,01,N,Y,0,individual4,12,814.4638849157894,182.37669835789475,176.35098951025648,1.679394902524421,2.0526315789473686,2.0526315789473686
13,2022,09,13,01,N,Y,0,individual4,13,731.013514463158,188.76547368421052,176.5385599560784,1.1584973264582121,2.913875598086124,2.913875598086124
14,2022,09,13,01,N,Y,0,individual4,14,672.4990526315789,200.8782105263158,171.11377744138622,0.9121870372595654,2.6610231873389765,2.6610231873389765
15,2022,09,13,01,N,Y,0,individual4,15,616.8707894736842,208.986,172.056082251364,1.3210945267814873,2.3076923076923075,2.3076923076923075
16,2022,09,13,01,N,Y,0,individual4,16,,,,,1.262361452180261,1.262361452180261
17,2022,09,13,01,N,Y,0,individual4,17,,,,,0.9836065573770489,0.9836065573770489
18,2022,09,13,01,N,Y,0,individual4,18,437.2146842105263,350.39857894736843,128.55270744702003,1.9459539762749778,0.9836065573770489,0.9836065573770489
19,2022,09,13,01,N,Y,0,individual4,19,505.30763157894745,425.2038947368421,58.902256583459426,1.5142048643072332,3.9509922346850743,3.9509922346850743
20,2022,09,13,01,N,Y,0,individual4,20,554.2198947368421,482.92294736842103,52.170212113174486,1.1781177752770116,2.4,2.4
21,2022,09,13,01,N,Y,0,individual4,21,611.809947368421,518.6747368421053,36.73024694651288,1.6145245744716665,3.3510835913312693,3.3510835913312693
22,2022,09,13,01,N,Y,0,individual4,22,714.7842105263159,534.3310526315789,13.62566451729852,1.8551132389814609,4.606811145510836,4.606811145510836
23,2022,09,13,01,N,Y,0,individual4,23,820.4605263157895,555.8935789473683,11.37491745555762,1.915033988877937,4.0,4.0
24,2022,09,13,01,N,Y,0,individual4,24,936.4621052631578,574.5116315789473,8.554752517162072,1.985380449897712,3.5087719298245617,3.5087719298245617
25,2022,09,13,01,N,Y,0,individual4,25,1044.6644210526315,567.4746842105263,-5.247098769610819,1.670350096251386,3.4881320949432406,3.4881320949432406
0,2022,09,13,01,N,Y,0,individual5,0,1279.5250346842106,161.9115169842105,-128.50270745300594,1.6832387579338999,3.330143540669857,3.330143540669857
1,2022,09,13,01,N,Y,0,individual5,1,,,,,1.0909090909090906,1.0909090909090906
2,2022,09,13,01,N,Y,0,individual5,2,,,,,1.0909090909090906,1.0909090909090906
3,2022,09,13,01,N,Y,0,individual5,3,,,,,1.5215311004784688,1.5215311004784688
4,2022,09,13,01,N,Y,0,individual5,4,,,,,2.8913192071086806,2.8913192071086806
5,2022,09,13,01,N,Y,0,individual5,5,1005.0965263157896,139.8448947368421,-167.7910103287202,1.1925651785454405,3.4962406015037595,3.4962406015037595
6,2022,09,13,01,N,Y,0,individual5,6,921.2175789473686,137.9825789473684,-175.40923745101708,1.7415708757467876,2.1428571428571432,2.1428571428571432
7,2022,09,13,01,N,Y,0,individual5,7,828.3683522526316,177.06443352631578,163.44522837808057,1.7251765699552248,4.962406015037594,4.962406015037594
8,2022,09,13,01,N,Y,0,individual5,8,734.0755789473685,207.94547368421053,163.0826144420848,1.5300882641148639,3.4072022160664814,3.4072022160664814
9,2022,09,13,01,N,Y,0,individual5,9,668.928105263158,240.35157894736844,157.7511164554948,1.0313587202069665,5.180731031687049,5.180731031687049
10,2022,09,13,01,N,Y,0,individual5,10,627.7636842105263,259.3572105263158,158.98600380751847,0.913144373851759,1.4634146341463417,1.4634146341463417
11,2022,09,13,01,N,Y,0,individual5,11,703.7778947368421,327.36405263157894,57.927761969594904,2.754877672755947,1.677975426370805,1.677975426370805
12,2022,09,13,01,N,Y,0,individual5,12,800.461105263158,379.61963157894735,23.82620204377171,1.9345199040472498,2.1428571428571432,2.1428571428571432
13,2022,09,13,01,N,Y,0,individual5,13,904.9587894736842,343.70747368421047,-18.3425967700676,1.8647794341792376,4.239274657231314,4.239274657231314
14,2022,09,13,01,N,Y,0,individual5,14,1001.9807368421053,324.7180526315789,-14.926432439153787,1.5311510083680038,3.678018575851393,3.678018575851393
15,2022,09,13,01,N,Y,0,individual5,15,1094.6269473684213,317.241947368421,-8.11933778904587,1.7660672308883638,4.0,4.0
16,2022,09,13,01,N,Y,0,individual5,16,1207.3457894736841,324.32500000000005,2.2001691540544366,1.860554869226919,2.6315789473684212,2.6315789473684212
17,2022,09,13,01,N,Y,0,individual5,17,1296.958918368421,390.1677813736842,35.87043458259952,2.078321093942287,2.8947368421052633,2.8947368421052633
18,2022,09,13,01,N,Y,0,individual5,18,1395.780490631579,466.2580891421052,35.75545686147853,2.1984877672445853,4.757085020242915,4.757085020242915
19,2022,09,13,01,N,Y,0,individual5,19,1495.725789473684,548.7126315789474,38.073704215298534,2.1339992978760263,4.528629265471372,4.528629265471372
20,2022,09,13,01,N,Y,0,individual5,20,1591.7866842105261,624.542,34.74933012076342,1.9801512017813092,4.661654135338345,4.661654135338345
21,2022,09,13,01,N,Y,0,individual5,21,1673.512894736842,647.1976315789474,0.33751133271865436,2.1669207365838754,3.3518005540166205,3.3518005540166205
22,2022,09,13,01,N,Y,0,individual5,22,1741.2627368421051,545.4061578947369,-60.73528199966891,1.9224288349997276,3.892218584739361,3.892218584739361
23,2022,09,13,01,N,Y,0,individual5,23,1790.716368421053,459.55205263157893,-59.81774410302984,1.5349473101889899,1.0909090909090906,1.0909090909090906
24,2022,09,13,01,N,Y,0,individual5,24,,,,,1.0909090909090906,1.0909090909090906
25,2022,09,13,01,N,Y,0,individual5,25,1695.7930068421053,298.7548509157894,-144.59904895770362,2.2624578739942502,1.0909090909090906,1.0909090909090906
0,2022,09,13,01,N,Y,0,individual6,0,345.43826315789477,569.0472105263158,-83.83234973365538,1.1307724155965997,4.7368421052631575,4.7368421052631575
1,2022,09,13,01,N,Y,0,individual6,1,356.5008947368421,500.70015789473683,-83.1619898694945,1.1768869496732446,2.8947368421052633,2.8947368421052633
2,2022,09,13,01,N,Y,0,individual6,2,359.98921052631573,439.34915789473683,-88.80924468808202,0.9215446284525468,2.770897832817338,2.770897832817338
3,2022,09,13,01,N,Y,0,individual6,3,370.6136315789474,387.70236842105265,-80.4630431951673,1.0747963522586828,4.238671545173093,4.238671545173093
4,2022,09,13,01,N,Y,0,individual6,4,435.0474210526316,335.74073684210526,-42.327334568272036,2.471022295349877,5.885167464114833,5.885167464114833
5,2022,09,13,01,N,Y,0,individual6,5,573.0216842105264,286.8665263157895,-19.061145844145727,2.221048499080422,5.438596491228069,5.438596491228069
6,2022,09,13,01,N,Y,0,individual6,6,682.2248947368422,242.4087894736842,-22.85962246727511,1.7309876682984477,2.907268170426066,2.907268170426066
7,2022,09,13,01,N,Y,0,individual6,7,,,,,1.7142857142857142,1.7142857142857142
8,2022,09,13,01,N,Y,0,individual6,8,,,,,2.478549314462627,2.478549314462627
9,2022,09,13,01,N,Y,0,individual6,9,909.9114210526316,478.95426315789473,49.48017767363693,1.8145750883794278,3.777089783281734,3.777089783281734
10,2022,09,13,01,N,Y,0,individual6,10,1015.0140526315789,524.8883157894737,22.419392975897125,2.3642757571505983,4.953560371517028,4.953560371517028
11,2022,09,13,01,N,Y,0,individual6,11,1135.812105263158,573.4243684210526,22.69876382190821,1.9709886815770563,3.317116320212295,3.317116320212295
12,2022,09,13,01,N,Y,0,individual6,12,1233.524052631579,609.3279473684212,23.008355757378162,1.5272134941322175,2.920459042342698,2.920459042342698
13,2022,09,13,01,N,Y,0,individual6,13,1310.7706842105265,632.388,20.556808072323754,1.2873282623460065,3.3351800554016617,3.3351800554016617
14,2022,09,13,01,N,Y,0,individual6,14,1365.9179473684212,553.2727551157894,-61.2701615062091,2.8004542385307283,5.1228070175438605,5.1228070175438605
15,2022,09,13,01,N,Y,0,individual6,15,1384.478105263158,413.39126315789474,-84.70615950864489,2.064122836986188,4.495614035087719,4.495614035087719
16,2022,09,13,01,N,Y,0,individual6,16,1388.3546315789474,293.07752631578944,-85.42171452136112,1.8994058837324055,2.787227214377406,2.787227214377406
17,2022,09,13,01,N,Y,0,individual6,17,1437.4427712105262,221.32894149999998,-35.49542457269727,2.2028118607214355,1.4634146341463417,1.4634146341463417
18,2022,09,13,01,N,Y,0,individual6,18,1572.2994777894737,214.70126315789472,-1.762754080911717,2.0789827757463337,2.065147625160462,2.065147625160462
19,2022,09,13,01,N,Y,0,individual6,19,1668.9800109473683,233.50409533684214,19.880113769476257,1.5195450606522503,4.276315789473684,4.276315789473684
20,2022,09,13,01,N,Y,0,individual6,20,1756.7214989473684,301.66451812105265,41.644940933303545,2.464961504248428,5.473684210526316,5.473684210526316
21,2022,09,13,01,N,Y,0,individual6,21,1869.8924289473682,355.8915442052632,12.871420020104201,1.8190212898146054,3.8684210526315788,3.8684210526315788
22,2022,09,13,01,N,Y,0,individual6,22,1936.317345736842,291.7143611578947,-47.08928653747129,1.954232379714463,4.539473684210526,4.539473684210526
23,2022,09,13,01,N,Y,0,individual6,23,,,,,1.875,1.875
24,2022,09,13,01,N,Y,0,individual6,24,,,,,2.664473684210526,2.664473684210526
25,2022,09,13,01,N,Y,0,individual6,25,1845.2586464210526,182.74543986315788,-178.87604238667507,1.8484928108612881,3.75,3.75
0,2022,09,13,01,N,Y,0,individual7,0,1278.2914736842108,239.82236842105263,12.29995458732826,0.6748935421709207,2.0689655172413794,2.0689655172413794
1,2022,09,13,01,N,Y,0,individual7,1,1313.8542105263157,240.62668421052626,4.060609454289925,1.4204401778064346,2.584774094946986,2.584774094946986
2,2022,09,13,01,N,Y,0,individual7,2,1332.985224157895,148.97043223684213,-62.976915527324174,1.3796029261748965,2.2541551246537397,2.2541551246537397
3,2022,09,13,01,N,Y,0,individual7,3,1360.8559473684209,131.62405263157893,-58.688116970507785,0.22960482239770816,1.25,1.25
4,2022,09,13,01,N,Y,0,individual7,4,,,,,1.25,1.25
5,2022,09,13,01,N,Y,0,individual7,5,,,,,2.0958646616541357,2.0958646616541357
6,2022,09,13,01,N,Y,0,individual7,6,,,,,2.7067669172932334,2.7067669172932334
7,2022,09,13,01,N,Y,0,individual7,7,1128.1597017368422,176.4330992368421,-167.91527501447734,1.2882114335120907,3.014354066985646,3.014354066985646
8,2022,09,13,01,N,Y,0,individual7,8,,,,,1.9066985645933014,1.9066985645933014
9,2022,09,13,01,N,Y,0,individual7,9,,,,,0.5,0.5
10,2022,09,13,01,N,Y,0,individual7,10,,,,,0.5,0.5
11,2022,09,13,01,N,Y,0,individual7,11,,,,,0.5,0.5
12,2022,09,13,01,N,Y,0,individual7,12,,,,,0.5,0.5
13,2022,09,13,01,N,Y,0,individual7,13,,,,,0.5,0.5
14,2022,09,13,01,N,Y,0,individual7,14,,,,,0.9248120300751879,0.9248120300751879
15,2022,09,13,01,N,Y,0,individual7,15,739.1378421052632,434.36731578947365,121.21585963685615,1.0724374719272465,4.759398496240601,4.759398496240601
16,2022,09,13,01,N,Y,0,individual7,16,705.9462105263158,480.6388421052632,123.93777846490539,1.0668276497672948,3.09972299168975,3.09972299168975
17,2022,09,13,01,N,Y,0,individual7,17,673.5382631578947,542.9693157894736,117.32786963475118,1.479979570736697,3.3925370702297544,3.3925370702297544
18,2022,09,13,01,N,Y,0,individual7,18,657.2495789473684,633.0821052631578,101.05635800828007,2.1969253953628414,2.7708978328173375,2.7708978328173375
19,2022,09,13,01,N,Y,0,individual7,19,767.3287894736842,659.9967894736841,11.639583562923471,1.9889438983715835,2.008985879332477,2.008985879332477
20,2022,09,13,01,N,Y,0,individual7,20,866.8456842105263,668.1154736842105,5.1997339484401905,1.4515006314279943,1.4634146341463417,1.4634146341463417
21,2022,09,13,01,N,Y,0,individual7,21,945.3834736842103,618.6373684210525,-30.72698917749956,2.202983850250961,1.6328626444159178,1.6328626444159178
22,2022,09,13,01,N,Y,0,individual7,22,1033.7245789473684,552.321105263158,-38.6975675904647,1.6378293483783004,2.0,2.0
23,2022,09,13,01,N,Y,0,individual7,23,1103.7686315789474,505.11805263157885,-36.6256276814805,1.3995749672237308,7.777777777777779,7.777777777777779
24,2022,09,13,01,N,Y,0,individual7,24,1127.9318421052633,438.2041052631578,-69.63304358909004,1.7358197601786813,2.2222222222222223,2.2222222222222223
25,2022,09,13,01,N,Y,0,individual7,25,1121.3598421052632,347.5677368421052,-86.6621079886761,1.2378811804190513,2.2222222222222223,2.2222222222222223
0,2022,09,13,01,N,Y,0,individual8,0,,,,,1.5384615384615388,1.5384615384615388
1,2022,09,13,01,N,Y,0,individual8,1,,,,,1.5384615384615388,1.5384615384615388
2,2022,09,13,01,N,Y,0,individual8,2,1094.5845185789472,548.0716930631579,-174.3235175151726,2.7478125434180716,1.5384615384615388,1.5384615384615388
3,2022,09,13,01,N,Y,0,individual8,3,919.3394736842106,557.6256842105262,170.91078887851293,3.186028475053465,1.5384615384615388,1.5384615384615388
4,2022,09,13,01,N,Y,0,individual8,4,796.9455263157895,678.9596315789474,124.2758471663154,2.893590444970394,4.296721953767794,4.296721953767794
5,2022,09,13,01,N,Y,0,individual8,5,715.5322105263158,792.633105263158,132.80905866660007,1.7169461978222686,1.9354838709677422,1.9354838709677422
6,2022,09,13,01,N,Y,0,individual8,6,,,,,2.099199611933059,2.099199611933059
7,2022,09,13,01,N,Y,0,individual8,7,607.2100815736841,735.6191763842106,-151.5258916725299,1.4766637173240849,2.2556390977443606,2.2556390977443606
8,2022,09,13,01,N,Y,0,individual8,8,570.6265263157894,644.5106315789474,-128.08167250103642,1.6384851449827433,2.543859649122807,2.543859649122807
9,2022,09,13,01,N,Y,0,individual8,9,524.2515789473683,576.2551052631579,-130.83076839995312,1.2284088747295716,3.3539731682146545,3.3539731682146545
10,2022,09,13,01,N,Y,0,individual8,10,485.63626315789475,525.9306842105265,-131.5641687632959,1.1081917552197111,3.451197653576666,3.451197653576666
11,2022,09,13,01,N,Y,0,individual8,11,441.15505263157894,474.9313157894738,-132.39171910911315,1.2922493158589068,3.236108847971322,3.236108847971322
12,2022,09,13,01,N,Y,0,individual8,12,414.10905263157895,426.3603684210526,-118.35251495884893,1.9637411869364083,2.8015416692992985,2.8015416692992985
13,2022,09,13,01,N,Y,0,individual8,13,538.6804736842105,444.36442105263154,2.290322458895333,2.184604270658066,1.2244897959183672,1.2244897959183672
14,2022,09,13,01,N,Y,0,individual8,14,646.9644736842106,467.37184210526317,11.986619859293294,1.7832003292005056,1.2244897959183672,1.2244897959183672
15,2022,09,13,01,N,Y,0,individual8,15,751.848947368421,500.93194736842105,14.87374870836356,1.8477490361640612,3.965958853176898,3.965958853176898
16,2022,09,13,01,N,Y,0,individual8,16,854.8584210526317,534.6815789473685,15.684468960200613,1.689734662028949,4.968715495031284,4.968715495031284
17,2022,09,13,01,N,Y,0,individual8,17,943.7961578947369,563.3926315789474,17.19344875868677,1.6896783396786368,5.071770334928229,5.071770334928229
18,2022,09,13,01,N,Y,0,individual8,18,1031.6714544736842,578.9165209842106,-2.4318928633639634,2.5843190816044115,4.777327935222671,4.777327935222671
19,2022,09,13,01,N,Y,0,individual8,19,1038.6679473684212,436.30531578947364,-88.83928966741871,2.535838647913466,6.275303643724696,6.275303643724696
20,2022,09,13,01,N,Y,0,individual8,20,1024.7583157894737,315.60115789473684,-92.00434041808928,1.7810819466916812,1.4210526315789473,1.4210526315789473
21,2022,09,13,01,N,Y,0,individual8,21,1032.0463684210526,234.1416842105263,-85.34584613676765,1.0553292888756227,1.0,1.0
22,2022,09,13,01,N,Y,0,individual8,22,1044.7654210526314,183.4415789473684,-84.75635043287252,0.642974935603509,1.0,1.0
23,2022,09,13,01,N,Y,0,individual8,23,1049.9506842105263,152.55452631578942,-92.12979228248994,0.8759453092880574,2.473684210526316,2.473684210526316
24,2022,09,13,01,N,Y,0,individual8,24,1012.2902631578949,139.7088947368421,-123.96360220809346,0.5986641443966211,2.3629764065335754,2.3629764065335754
25,2022,09,13,01,N,Y,0,individual8,25,982.8339473684211,119.20157894736842,-125.44847493895553,0.7402804953893137,2.0689655172413794,2.0689655172413794
