scorer,DLC_resnet50_Single_Fish_VentralJun22shuffle1_500000,DLC_resnet50_Single_Fish_VentralJun22shuffle1_500000,DLC_resnet50_Single_Fish_VentralJun22shuffle1_500000,DLC_resnet50_Single_Fish_VentralJun22shuffle1_500000,DLC_resnet50_Single_Fish_VentralJun22shuffle1_500000,DLC_resnet50_Single_Fish_VentralJun22shuffle1_500000,DLC_resnet50_Single_Fish_VentralJun22shuffle1_500000,DLC_resnet50_Single_Fish_VentralJun22shuffle1_500000,DLC_resnet50_Single_Fish_VentralJun22shuffle1_500000,DLC_resnet50_Single_Fish_VentralJun22shuffle1_500000,DLC_resnet50_Single_Fish_VentralJun22shuffle1_500000,DLC_resnet50_Single_Fish_VentralJun22shuffle1_500000
bodyparts,head,head,head,midline2,midline2,midline2,tailbase,tailbase,tailbase,tailtip,tailtip,tailtip
coords,x,y,likelihood,x,y,likelihood,x,y,likelihood,x,y,likelihood
0,2010.444091796875,259.0770568847656,0.9998517036437988,2122.60986328125,265.525146484375,0.9982454776763916,2214.365966796875,274.8568115234375,0.9998655319213867,2257.269287109375,268.99609375,0.9996812343597412
1,2010.748779296875,259.1109619140625,0.9998650550842285,2124.8671875,265.525146484375,0.9983974099159241,2214.484619140625,274.8568115234375,0.9996806383132935,2257.814208984375,271.80352783203125,0.9998891353607178
2,2011.1307373046875,259.16790771484375,0.9998645782470703,2126.155517578125,265.525146484375,0.9982272982597351,2215.8994140625,274.8568115234375,0.9995793700218201,2257.86767578125,278.79510498046875,0.9997660517692566
3,2011.769775390625,259.52142333984375,0.9998922348022461,2126.505859375,265.525146484375,0.9981402158737183,2216.77294921875,272.2458190917969,0.9989491105079651,2260.406005859375,279.3720703125,0.9994705319404602
4,2012.4849853515625,259.52142333984375,0.9998897314071655,2126.81787109375,265.525146484375,0.998661994934082,2216.77294921875,270.7709045410156,0.999657392501831,2260.70068359375,279.3720703125,0.9999347925186157
5,2013.38916015625,259.52142333984375,0.999863862991333,2126.81787109375,265.9118957519531,0.9983032941818237,2217.1767578125,268.6905212402344,0.9997196793556213,2263.83154296875,279.3720703125,0.9999735355377197
6,2013.524169921875,259.09320068359375,0.9998562335968018,2126.505859375,266.179931640625,0.9984520673751831,2217.1767578125,267.979736328125,0.999447762966156,2260.70068359375,275.56475830078125,0.9998784065246582
7,2013.5673828125,258.687255859375,0.9998511075973511,2125.2666015625,266.5428161621094,0.9983910918235779,2217.1767578125,267.979736328125,0.9990046620368958,2260.406005859375,270.89117431640625,0.9995973706245422
8,2014.4700927734375,258.2696838378906,0.9998892545700073,2124.368896484375,266.5428161621094,0.9986827969551086,2217.539306640625,267.979736328125,0.9996606111526489,2258.530517578125,261.2099609375,0.9999715089797974
9,2014.652099609375,258.1072692871094,0.9999017715454102,2124.368896484375,266.5428161621094,0.9986779093742371,2217.53515625,269.42913818359375,0.9996089339256287,2256.7587890625,260.4999084472656,0.9999032020568848
10,2015.0078125,257.7965087890625,0.9999265670776367,2124.368896484375,266.2693176269531,0.9988898634910583,2217.255126953125,270.5148620605469,0.9990253448486328,2256.7587890625,260.4999084472656,0.9999009370803833
11,2015.477294921875,257.7965087890625,0.9999411106109619,2124.566162109375,266.1575927734375,0.9988844990730286,2217.53515625,272.3702697753906,0.9993582367897034,2256.468017578125,260.4999084472656,0.9998977184295654
12,2015.66552734375,257.7965087890625,0.9999467134475708,2125.25830078125,266.0100402832031,0.9987215399742126,2217.539306640625,272.6277770996094,0.9992188215255737,2256.7587890625,263.5461730957031,0.9997648596763611
13,2016.125732421875,257.8912048339844,0.9999642372131348,2126.1259765625,265.85369873046875,0.9984581470489502,2217.90771484375,272.6277770996094,0.9995586276054382,2256.941650390625,265.0555725097656,0.9995085000991821
14,2016.5108642578125,258.0050048828125,0.9999711513519287,2127.09716796875,265.5316467285156,0.9988017082214355,2219.265869140625,272.6277770996094,0.9997300505638123,2259.306640625,270.16790771484375,0.9997690320014954
15,2017.008544921875,258.0185241699219,0.9999734163284302,2127.52392578125,265.42327880859375,0.9989563226699829,2221.860107421875,271.5110778808594,0.9994970560073853,2266.97607421875,274.97991943359375,0.9998010993003845
16,2017.671630859375,258.0185241699219,0.9999762773513794,2130.174560546875,265.42327880859375,0.9995474219322205,2224.22705078125,271.4119873046875,0.9996941089630127,2268.0078125,277.2872009277344,0.9997959733009338
17,2018.522216796875,258.0106506347656,0.9999809265136719,2131.580078125,265.5316467285156,0.99969482421875,2224.714599609375,269.4693908691406,0.9998406171798706,2269.442138671875,277.2872009277344,0.9998196959495544
18,2019.5955810546875,258.0106506347656,0.999983549118042,2133.045654296875,265.7584228515625,0.999602735042572,2225.413818359375,267.6624755859375,0.9998583793640137,2269.44970703125,277.2872009277344,0.9998948574066162
19,2020.6640625,257.669921875,0.9999815225601196,2133.045654296875,265.87750244140625,0.9996125102043152,2225.413818359375,267.1100158691406,0.9998294115066528,2269.44970703125,274.960205078125,0.9999583959579468
20,2021.3472900390625,257.46942138671875,0.999975323677063,2133.141845703125,265.87750244140625,0.9996304512023926,2225.413818359375,267.1100158691406,0.9996455907821655,2269.442138671875,270.8126525878906,0.9999220371246338
21,2021.8011474609375,257.2715148925781,0.9999697208404541,2133.67626953125,265.87750244140625,0.9996544122695923,2224.921630859375,267.1100158691406,0.9993508458137512,2267.807861328125,266.56988525390625,0.99933260679245
22,2022.86865234375,256.889892578125,0.9999415874481201,2133.67626953125,265.87750244140625,0.9996408224105835,2223.936767578125,268.1902160644531,0.999142050743103,2259.737548828125,262.6636047363281,0.9999469518661499
23,2023.702880859375,256.70001220703125,0.999901294708252,2134.449462890625,265.41290283203125,0.9995700716972351,2223.936767578125,269.4620666503906,0.9994571805000305,2259.2822265625,262.6636047363281,0.9999369382858276
24,2024.7093505859375,256.70001220703125,0.9997996687889099,2136.203857421875,265.4006652832031,0.9992918968200684,2224.921630859375,272.18408203125,0.9994961023330688,2259.2822265625,262.6636047363281,0.9998071789741516
25,2025.4798583984375,256.70001220703125,0.9996640682220459,2137.5107421875,265.3307189941406,0.9988377690315247,2225.002685546875,272.7269592285156,0.999775230884552,2259.67041015625,267.0877990722656,0.9995424747467041
26,2027.0194091796875,257.19696044921875,0.9997569918632507,2139.577880859375,265.2510986328125,0.9989204406738281,2226.53125,272.7269592285156,0.9998996257781982,2259.67041015625,270.4552917480469,0.9998737573623657
27,2028.2557373046875,257.7969665527344,0.9997938275337219,2140.911865234375,264.9766540527344,0.9991497993469238,2228.1708984375,272.7269592285156,0.999910831451416,2262.4345703125,271.5840148925781,0.9997804760932922
28,2030.2725830078125,259.16668701171875,0.9998718500137329,2141.54345703125,264.9766540527344,0.9991238713264465,2229.9990234375,271.9195861816406,0.9998912811279297,2268.517578125,274.982421875,0.9997615218162537
29,2031.224365234375,259.2994079589844,0.9999414682388306,2143.30029296875,264.9766540527344,0.999161958694458,2231.315185546875,270.88330078125,0.9998148083686829,2271.064697265625,278.9243469238281,0.9997939467430115
30,2032.462646484375,259.4111633300781,0.999966025352478,2147.568603515625,265.72686767578125,0.9996464252471924,2234.826171875,269.1424865722656,0.9995129108428955,2274.126708984375,278.9243469238281,0.9998984336853027
31,2033.093505859375,259.4111633300781,0.9999704360961914,2148.528076171875,266.0938720703125,0.9996579885482788,2236.5302734375,269.10870361328125,0.9995393753051758,2276.382568359375,278.9243469238281,0.9999488592147827
32,2034.6072998046875,259.4111633300781,0.999976634979248,2148.7255859375,266.2586669921875,0.9996415376663208,2239.185791015625,266.9056091308594,0.999670147895813,2276.95849609375,275.6258239746094,0.9999700784683228
33,2035.6014404296875,258.9657897949219,0.9999815225601196,2148.7255859375,266.3409118652344,0.9994677901268005,2239.185791015625,266.9056091308594,0.9996243715286255,2276.95849609375,272.40972900390625,0.9997767806053162
34,2035.630126953125,258.17205810546875,0.9999814033508301,2148.7255859375,266.5213317871094,0.9996465444564819,2239.185791015625,266.9056091308594,0.9990904331207275,2276.95849609375,266.51861572265625,0.9990361928939819
35,2037.1929931640625,257.7995910644531,0.9999828338623047,2148.7255859375,266.5213317871094,0.9997314810752869,2233.593017578125,270.6020812988281,0.9991351962089539,2264.112060546875,266.51861572265625,0.9998003840446472
36,2037.499755859375,257.3990173339844,0.999981164932251,2148.7255859375,266.4596862792969,0.9997536540031433,2233.593017578125,271.9892578125,0.9995325803756714,2264.112060546875,266.51861572265625,0.9998940229415894
37,2038.3602294921875,257.3990173339844,0.999974250793457,2150.209228515625,266.4596862792969,0.9997158646583557,2233.593017578125,275.1646728515625,0.9993282556533813,2264.112060546875,268.8977966308594,0.9996108412742615
38,2038.80908203125,257.3990173339844,0.9999641180038452,2151.91650390625,265.229248046875,0.999404788017273,2235.518798828125,275.1646728515625,0.999525785446167,2264.911865234375,271.2941589355469,0.9991834759712219
39,2040.131591796875,257.7982177734375,0.9999415874481201,2153.309326171875,265.1744079589844,0.9989848732948303,2239.666748046875,275.1646728515625,0.9996979236602783,2269.727294921875,273.7359619140625,0.9995936751365662
40,2040.7139892578125,258.04833984375,0.9999051094055176,2154.57763671875,264.6577453613281,0.9989834427833557,2241.45654296875,274.1387634277344,0.9998365640640259,2271.14501953125,275.8873291015625,0.9998134970664978
41,2041.422607421875,258.0574951171875,0.9998608827590942,2156.086669921875,264.6577453613281,0.9991433620452881,2242.203369140625,272.811767578125,0.999919056892395,2273.58349609375,279.52899169921875,0.999911904335022
42,2041.7305908203125,258.7315673828125,0.9998599290847778,2157.855712890625,264.6577453613281,0.9989045858383179,2245.995361328125,270.6700134277344,0.9998144507408142,2282.624755859375,279.52899169921875,0.9993705153465271
43,2041.990478515625,258.7315673828125,0.999876856803894,2157.855712890625,265.2749328613281,0.9983264803886414,2248.770263671875,267.6308288574219,0.9992076754570007,2286.55517578125,279.52899169921875,0.9997710585594177
44,2043.1304931640625,258.7315673828125,0.9998950958251953,2157.855712890625,265.8280334472656,0.9976752400398254,2248.770263671875,266.8085021972656,0.999159574508667,2289.1962890625,273.9017333984375,0.9999788999557495
45,2043.7373046875,258.18914794921875,0.9998376369476318,2157.472900390625,266.20831298828125,0.9982925057411194,2248.770263671875,266.8085021972656,0.9992239475250244,2289.1962890625,268.0335998535156,0.9999562501907349
46,2045.819580078125,257.7441711425781,0.9998177886009216,2157.472900390625,266.38702392578125,0.9978735446929932,2248.76416015625,266.8085021972656,0.9986373782157898,2289.1962890625,265.5143127441406,0.9998670816421509
47,2047.519775390625,257.078125,0.9999270439147949,2157.472900390625,266.38702392578125,0.9980816841125488,2242.362060546875,269.77685546875,0.9994300007820129,2271.569091796875,265.5143127441406,0.9996472597122192
48,2048.76611328125,256.6846618652344,0.9999481439590454,2157.552978515625,266.38702392578125,0.9986756443977356,2242.362060546875,272.0908508300781,0.9998286962509155,2271.569091796875,265.5143127441406,0.9983645081520081
49,2049.692138671875,256.1136169433594,0.9999552965164185,2157.904541015625,266.09991455078125,0.9986397624015808,2242.362060546875,274.8216857910156,0.9998799562454224,2271.569091796875,270.0453186035156,0.9989607334136963
50,2050.355224609375,256.1031188964844,0.9999667406082153,2158.598388671875,265.6226806640625,0.9986767172813416,2243.773193359375,275.520263671875,0.9998493194580078,2274.6005859375,271.8753356933594,0.9998646974563599
51,2050.89990234375,255.65953063964844,0.9999706745147705,2159.90478515625,265.6226806640625,0.9995505213737488,2245.618896484375,275.520263671875,0.9997972846031189,2274.742431640625,274.5173034667969,0.9999606609344482
52,2051.497314453125,255.48594665527344,0.999966025352478,2161.27978515625,265.6226806640625,0.9997106194496155,2247.42041015625,275.520263671875,0.9996947050094604,2275.6328125,276.56060791015625,0.9999594688415527
53,2051.94970703125,255.09207153320312,0.9999525547027588,2162.593017578125,266.0279541015625,0.9997534155845642,2248.4560546875,274.10455322265625,0.9996588230133057,2277.934814453125,279.442626953125,0.9999114274978638
54,2053.606201171875,254.9543914794922,0.9999349117279053,2162.9423828125,266.0279541015625,0.9998300075531006,2252.47998046875,271.43231201171875,0.9998394250869751,2292.615234375,279.442626953125,0.9999409914016724
55,2054.88671875,254.82032775878906,0.9999264478683472,2162.97021484375,266.0279541015625,0.9998213648796082,2255.66162109375,270.2776794433594,0.9998624324798584,2299.577880859375,279.442626953125,0.9997838139533997
56,2055.5595703125,254.56167602539062,0.9998356103897095,2163.20654296875,266.0279541015625,0.9997877478599548,2256.282470703125,268.8154602050781,0.9999005794525146,2301.007080078125,276.1485595703125,0.9999325275421143
57,2056.464111328125,253.28086853027344,0.9996907711029053,2163.20654296875,265.87939453125,0.9998216032981873,2257.37353515625,268.8154602050781,0.999913215637207,2302.552978515625,271.2768859863281,0.9998894929885864
58,2057.945556640625,253.22930908203125,0.9993259906768799,2163.20654296875,265.8375549316406,0.9998496770858765,2257.37353515625,268.8154602050781,0.9999074935913086,2302.552978515625,267.8353271484375,0.9997933506965637
59,2058.86669921875,253.09817504882812,0.9989479184150696,2164.547607421875,265.8004150390625,0.9998428821563721,2257.873291015625,269.08563232421875,0.9998250603675842,2302.552978515625,262.3948669433594,0.9998517036437988
60,2059.66943359375,253.0736846923828,0.9991194605827332,2165.8681640625,265.7255554199219,0.9998206496238708,2258.292236328125,272.4475402832031,0.9997429251670837,2302.259765625,262.3948669433594,0.9994643330574036
61,2060.1220703125,253.0736846923828,0.9991480112075806,2167.574951171875,265.4450988769531,0.999675989151001,2258.554443359375,273.1906433105469,0.9999189376831055,2302.259765625,262.3948669433594,0.9997954964637756
62,2061.067138671875,252.98619079589844,0.9994992017745972,2169.13671875,264.9831848144531,0.9993751645088196,2258.60205078125,274.47711181640625,0.9999382495880127,2302.206298828125,264.1610107421875,0.999071478843689
63,2062.4482421875,252.94712829589844,0.999748170375824,2170.42138671875,264.9553527832031,0.9994173049926758,2258.982666015625,274.47711181640625,0.9999520778656006,2302.206298828125,267.5025329589844,0.9997738003730774
64,2063.1171875,252.98619079589844,0.9998247027397156,2172.652587890625,264.66241455078125,0.9995798468589783,2259.515380859375,274.47711181640625,0.9999586343765259,2301.843505859375,272.4383239746094,0.9990943670272827
65,2063.427001953125,252.98619079589844,0.9998435974121094,2175.2822265625,264.66241455078125,0.9996656179428101,2260.672119140625,274.20941162109375,0.9999634027481079,2301.843505859375,275.0120849609375,0.9999005794525146
66,2064.48291015625,253.03628540039062,0.9998871088027954,2177.9345703125,264.5106506347656,0.9998278617858887,2261.8359375,273.38690185546875,0.9999552965164185,2301.843505859375,277.52178955078125,0.999876856803894
67,2066.5185546875,253.03628540039062,0.9999207258224487,2180.37646484375,264.52166748046875,0.9998192191123962,2263.159912109375,271.75360107421875,0.9998774528503418,2303.615234375,278.5125427246094,0.9998499155044556
68,2067.45458984375,253.03628540039062,0.9999252557754517,2180.701904296875,264.6086120605469,0.9997996687889099,2265.221923828125,271.1690673828125,0.999588668346405,2307.83642578125,278.5125427246094,0.9999713897705078
69,2067.86962890625,252.4666290283203,0.9999338388442993,2181.576904296875,264.599609375,0.9997419714927673,2266.8759765625,269.6880798339844,0.999656081199646,2311.67041015625,278.5125427246094,0.9999309778213501
70,2069.02490234375,251.85162353515625,0.9999377727508545,2182.049560546875,264.599609375,0.9996711015701294,2267.64404296875,269.16937255859375,0.9995689988136292,2313.1474609375,274.1986083984375,0.9997187256813049
71,2070.63427734375,251.8033447265625,0.9999116659164429,2183.452880859375,264.599609375,0.9994454979896545,2268.1298828125,269.16937255859375,0.9996367692947388,2313.1474609375,269.19287109375,0.9983476400375366
72,2071.3349609375,251.8033447265625,0.9998787641525269,2184.982421875,264.599609375,0.9991790652275085,2268.269287109375,269.16937255859375,0.9996323585510254,2313.1474609375,265.4349060058594,0.999414324760437
73,2072.109619140625,251.85162353515625,0.9998089671134949,2186.56005859375,264.320068359375,0.9994345307350159,2268.809814453125,272.806640625,0.999815046787262,2310.395263671875,265.4349060058594,0.9999698400497437
74,2074.06103515625,252.0592041015625,0.9993828535079956,2188.106689453125,264.03216552734375,0.9996209144592285,2268.809814453125,275.6617736816406,0.9997386336326599,2309.49853515625,265.4349060058594,0.999756395816803
75,2074.872802734375,252.1239013671875,0.999123752117157,2188.111083984375,262.9797668457031,0.9996787309646606,2268.809814453125,275.6617736816406,0.9995766282081604,2309.049072265625,269.090087890625,0.9997190833091736
76,2075.018798828125,252.17323303222656,0.998699426651001,2189.1650390625,261.88897705078125,0.9996455907821655,2267.900634765625,275.6617736816406,0.9996803998947144,2309.049072265625,274.86700439453125,0.9999032020568848
77,2076.092041015625,253.05528259277344,0.9992161989212036,2189.3203125,261.88897705078125,0.9996645450592041,2267.900634765625,273.6698913574219,0.9996939897537231,2309.23291015625,279.156982421875,0.9997221827507019
78,2076.80029296875,254.34007263183594,0.9995694756507874,2189.52197265625,261.88897705078125,0.9996548891067505,2267.900634765625,270.63018798828125,0.9993591904640198,2309.23291015625,279.45794677734375,0.9998244643211365
79,2077.013427734375,254.8896026611328,0.999631404876709,2189.5966796875,262.9310607910156,0.9995055198669434,2272.1044921875,270.1877746582031,0.9997053742408752,2312.40478515625,279.45794677734375,0.9997257590293884
80,2077.66943359375,255.0211639404297,0.999666690826416,2189.5966796875,263.1650085449219,0.9995843768119812,2272.8359375,267.79534912109375,0.9998502731323242,2314.739501953125,279.45794677734375,0.9996387958526611
81,2077.817138671875,255.0211639404297,0.9996302127838135,2190.772705078125,263.5260009765625,0.9995618462562561,2272.914794921875,266.5688781738281,0.9998846054077148,2316.85498046875,272.4765930175781,0.9996776580810547
82,2079.36474609375,255.0211639404297,0.9998137354850769,2190.772705078125,263.5618591308594,0.9996182918548584,2274.010009765625,266.5688781738281,0.9997683167457581,2317.269287109375,267.04931640625,0.9975073933601379
83,2079.745849609375,254.8397674560547,0.9998633861541748,2190.772705078125,263.8005676269531,0.9995108842849731,2274.010009765625,266.5688781738281,0.9998688697814941,2317.269287109375,267.02874755859375,0.9986557960510254
84,2079.745849609375,254.8397674560547,0.9998996257781982,2190.772705078125,263.8005676269531,0.9995018243789673,2272.914794921875,267.99755859375,0.9999172687530518,2316.85498046875,267.02874755859375,0.9985516667366028
85,2079.745849609375,254.8397674560547,0.9998494386672974,2190.772705078125,263.8005676269531,0.9995649456977844,2272.76513671875,272.07537841796875,0.9998962879180908,2313.78076171875,267.04931640625,0.9992203712463379
86,2079.48974609375,254.88255310058594,0.9998651742935181,2190.501220703125,262.9405212402344,0.9996552467346191,2271.107177734375,275.4990234375,0.9997932314872742,2313.609375,267.7464904785156,0.9998550415039062
87,2078.4326171875,254.92713928222656,0.9997074007987976,2190.501220703125,262.3578186035156,0.9996920824050903,2271.0400390625,275.4990234375,0.9997281432151794,2312.364501953125,272.0987243652344,0.9998273849487305
88,2077.209716796875,254.9443817138672,0.9996929168701172,2190.3623046875,262.016845703125,0.9995834231376648,2269.260986328125,275.4990234375,0.99972003698349,2310.52001953125,276.62921142578125,0.9995620846748352
89,2076.631103515625,254.92713928222656,0.9996578693389893,2189.79638671875,262.016845703125,0.9995954632759094,2269.260986328125,272.4405212402344,0.9996203184127808,2312.364501953125,279.8320007324219,0.9996899366378784
90,2076.388671875,254.92713928222656,0.9996789693832397,2189.79638671875,262.3578186035156,0.9995833039283752,2269.260986328125,269.63873291015625,0.9995394945144653,2313.609375,279.8320007324219,0.9998432397842407
91,2075.18359375,253.7507781982422,0.9994437098503113,2189.447998046875,262.8197326660156,0.9995974898338318,2269.627197265625,268.36090087890625,0.999739944934845,2314.82080078125,279.8320007324219,0.9991186261177063
92,2075.124755859375,253.69503784179688,0.9994398951530457,2187.15185546875,263.38641357421875,0.999567449092865,2271.172119140625,267.1753845214844,0.9997567534446716,2315.09326171875,276.1827087402344,0.9995266199111938
93,2075.109130859375,253.27720642089844,0.9992662072181702,2186.787841796875,264.2210998535156,0.9993444085121155,2271.172119140625,267.1753845214844,0.9994908571243286,2317.0595703125,269.51416015625,0.9975754618644714
94,2074.70654296875,252.81488037109375,0.9988707900047302,2186.787841796875,264.23687744140625,0.9993891716003418,2270.99609375,267.1753845214844,0.9995056390762329,2317.0595703125,267.14276123046875,0.998117208480835
95,2074.597412109375,252.66880798339844,0.9991395473480225,2186.77685546875,264.23687744140625,0.9994325041770935,2270.260986328125,267.8834533691406,0.9996782541275024,2316.342041015625,266.9553527832031,0.9987221360206604
96,2074.260986328125,251.97010803222656,0.9994383454322815,2186.77685546875,264.23687744140625,0.9995168447494507,2270.260986328125,269.3658142089844,0.9996910095214844,2316.342041015625,266.9553527832031,0.9988081455230713
97,2073.144775390625,251.50022888183594,0.9996768236160278,2186.77685546875,263.9063720703125,0.9995341300964355,2270.153076171875,271.7828369140625,0.9998220801353455,2313.571533203125,267.14276123046875,0.999459445476532
98,2072.096435546875,251.01829528808594,0.9998350143432617,2186.237548828125,263.1331481933594,0.9996009469032288,2269.029052734375,273.07208251953125,0.9998044371604919,2309.30126953125,268.112060546875,0.9998763799667358
99,2071.851318359375,250.95323181152344,0.9998475313186646,2186.237548828125,263.0783386230469,0.999624490737915,2268.138427734375,273.07208251953125,0.9998397827148438,2309.20361328125,270.57275390625,0.9999402761459351
100,2071.34423828125,250.4662628173828,0.9998866319656372,2185.740234375,262.7701721191406,0.9996477365493774,2267.27880859375,273.07208251953125,0.9998180270195007,2309.1953125,273.3440856933594,0.9999804496765137
101,2071.300048828125,250.4325408935547,0.9998875856399536,2185.740234375,262.4881286621094,0.9996778964996338,2266.66845703125,271.16448974609375,0.9997913241386414,2309.1953125,275.6632385253906,0.9999866485595703
102,2071.0703125,250.38861083984375,0.9998974800109863,2185.046630859375,261.7935791015625,0.9996213912963867,2266.4375,269.11065673828125,0.9996956586837769,2309.205322265625,275.6632385253906,0.9999828338623047
103,2071.0703125,250.16627502441406,0.9999089241027832,2184.59716796875,261.7935791015625,0.9995811581611633,2265.761962890625,268.0843505859375,0.9995442032814026,2309.205322265625,275.6632385253906,0.9999772310256958
104,2071.0703125,250.1552276611328,0.999887228012085,2183.76318359375,261.7935791015625,0.9996631145477295,2265.761962890625,267.9755554199219,0.9995512366294861,2312.3173828125,274.6991882324219,0.9998723268508911
105,2071.48583984375,250.0903778076172,0.9998555183410645,2183.099609375,261.6613464355469,0.9997350573539734,2265.8984375,267.3865661621094,0.9994091987609863,2312.637451171875,271.0795593261719,0.9994619488716125
106,2071.489990234375,249.8558807373047,0.9998694658279419,2183.05908203125,261.6613464355469,0.9997350573539734,2266.308837890625,267.3865661621094,0.9994875192642212,2312.801513671875,268.1893310546875,0.9994701743125916
107,2071.489990234375,249.7652587890625,0.9998786449432373,2182.249755859375,261.19342041015625,0.9998748302459717,2266.308837890625,267.3865661621094,0.9994878768920898,2312.801513671875,266.615234375,0.9993103742599487
108,2071.489990234375,249.63671875,0.9998760223388672,2182.249755859375,261.1523132324219,0.9998879432678223,2266.3466796875,268.5204162597656,0.9995463490486145,2312.3173828125,266.615234375,0.9992534518241882
109,2071.489990234375,249.63671875,0.9998865127563477,2182.249755859375,260.6630859375,0.9998887777328491,2266.709228515625,270.18341064453125,0.9996744394302368,2311.6767578125,266.615234375,0.9997883439064026
110,2071.489990234375,249.63671875,0.9998716115951538,2183.611328125,260.4643249511719,0.9998252987861633,2266.709228515625,271.84417724609375,0.9997627139091492,2309.644775390625,267.5938415527344,0.9999080896377563
111,2071.39697265625,249.63671875,0.9998799562454224,2185.58154296875,260.3493957519531,0.9997727274894714,2266.709228515625,271.84417724609375,0.9997960925102234,2309.632568359375,269.4309387207031,0.9998513460159302
112,2071.509521484375,249.63671875,0.9998785257339478,2186.814453125,260.21014404296875,0.9998069405555725,2266.694091796875,271.84417724609375,0.9998045563697815,2308.750732421875,271.36993408203125,0.9999120235443115
113,2071.442626953125,249.84739685058594,0.9998800754547119,2187.201904296875,259.9447937011719,0.9998136162757874,2265.788330078125,271.43377685546875,0.9997251629829407,2308.750732421875,273.9405517578125,0.9999759197235107
114,2071.442626953125,249.59561157226562,0.9998700618743896,2187.201904296875,259.6543273925781,0.9997910857200623,2265.788330078125,269.0602722167969,0.9995998740196228,2309.632568359375,273.9405517578125,0.999981164932251
115,2071.537841796875,249.59561157226562,0.9998705387115479,2186.902099609375,259.6543273925781,0.9997987151145935,2265.788330078125,268.3293762207031,0.999653697013855,2309.632568359375,273.9405517578125,0.9999830722808838
116,2071.564208984375,249.5160369873047,0.9998728036880493,2186.814453125,259.6543273925781,0.9997686743736267,2265.95068359375,268.0021057128906,0.9995731711387634,2310.139892578125,273.022705078125,0.999969482421875
117,2071.537841796875,249.15097045898438,0.9999072551727295,2186.364990234375,259.6543273925781,0.9997842907905579,2266.232421875,267.47613525390625,0.9995213747024536,2311.184814453125,271.2840270996094,0.9998681545257568
118,2071.599365234375,248.85696411132812,0.9999221563339233,2186.364990234375,259.559814453125,0.9997920393943787,2266.85107421875,267.47613525390625,0.9995520710945129,2311.767333984375,267.5975036621094,0.9997642636299133
119,2071.537841796875,248.69906616210938,0.9999357461929321,2186.268310546875,259.2396240234375,0.9998133778572083,2266.85107421875,267.47613525390625,0.99937504529953,2311.767333984375,264.3632507324219,0.9996089339256287
120,2071.512939453125,248.69906616210938,0.9999275207519531,2186.268310546875,258.8538818359375,0.9998297691345215,2267.0146484375,267.6172180175781,0.999517560005188,2311.767333984375,264.3632507324219,0.999935507774353
121,2071.4404296875,248.69906616210938,0.9999275207519531,2186.427978515625,257.75506591796875,0.9998077750205994,2267.19140625,270.1294250488281,0.9995114803314209,2311.52978515625,264.3632507324219,0.9999423027038574
122,2071.41845703125,249.02880859375,0.9999097585678101,2186.427978515625,257.7146911621094,0.9997820258140564,2267.0146484375,270.1294250488281,0.9994871616363525,2307.922119140625,265.6188659667969,0.9985091090202332
123,2071.2998046875,249.1704864501953,0.9999232292175293,2185.77490234375,257.3774719238281,0.9995467066764832,2266.28271484375,270.1294250488281,0.9996435642242432,2305.99853515625,270.22119140625,0.9997161030769348
124,2071.219482421875,249.38082885742188,0.9998800754547119,2184.309814453125,257.15093994140625,0.9994254112243652,2266.877685546875,268.52020263671875,0.9994307160377502,2305.99853515625,273.68408203125,0.9998487234115601
125,2071.105224609375,249.81997680664062,0.9998807907104492,2184.309814453125,257.15093994140625,0.9995189905166626,2266.877685546875,265.7230224609375,0.9993560910224915,2307.922119140625,274.3630676269531,0.9999709129333496
126,2070.765380859375,250.14767456054688,0.9999046325683594,2184.309814453125,257.3774719238281,0.9995866417884827,2265.56201171875,264.7658386230469,0.9997114539146423,2308.87109375,274.3630676269531,0.9999825954437256
127,2069.98779296875,250.14767456054688,0.9999192953109741,2184.249267578125,257.6396179199219,0.9997311234474182,2265.56201171875,264.59210205078125,0.9996882677078247,2310.072998046875,274.3630676269531,0.9999740123748779
128,2069.98779296875,250.14767456054688,0.9999213218688965,2184.249267578125,257.83038330078125,0.9997020363807678,2265.56201171875,263.386474609375,0.999768078327179,2310.465087890625,268.6694030761719,0.9998632669448853
129,2069.98779296875,250.1140899658203,0.9999234676361084,2184.249267578125,257.9023742675781,0.9996198415756226,2265.532470703125,262.39178466796875,0.999771773815155,2310.49267578125,262.15118408203125,0.9999688863754272
130,2070.6083984375,249.97401428222656,0.9999055862426758,2184.187744140625,257.93353271484375,0.9997033476829529,2265.532470703125,262.39178466796875,0.9997522234916687,2310.81396484375,258.696533203125,0.9999853372573853
131,2070.899658203125,249.6111297607422,0.9999027252197266,2184.187744140625,258.06158447265625,0.9996472597122192,2265.532470703125,262.39178466796875,0.9997394680976868,2310.465087890625,258.696533203125,0.9999716281890869
132,2071.19140625,249.2689666748047,0.9999071359634399,2184.187744140625,258.06158447265625,0.9996337890625,2265.532470703125,263.0008850097656,0.9996910095214844,2310.465087890625,258.696533203125,0.99997878074646
133,2071.19140625,248.89706420898438,0.9999171495437622,2184.187744140625,257.93353271484375,0.9996631145477295,2265.532470703125,265.6919860839844,0.9991969466209412,2309.215576171875,258.76373291015625,0.9999880790710449
134,2071.23291015625,248.7012481689453,0.9999237060546875,2184.3349609375,257.6904296875,0.9996901750564575,2265.744873046875,266.959716796875,0.9993436932563782,2306.44970703125,260.03192138671875,0.9999871253967285
135,2071.276611328125,247.8472442626953,0.9999631643295288,2184.513671875,256.8198547363281,0.9995483756065369,2265.471435546875,267.6148376464844,0.9993299245834351,2305.70068359375,262.0118103027344,0.999967098236084
136,2071.276611328125,247.84226989746094,0.9999539852142334,2184.513671875,256.7456970214844,0.9994906187057495,2265.44677734375,267.6148376464844,0.999257504940033,2305.70068359375,265.20672607421875,0.9996554851531982
137,2071.276611328125,247.04873657226562,0.9999727010726929,2184.467529296875,256.6397399902344,0.9994937181472778,2265.471435546875,267.6148376464844,0.9988306164741516,2305.70068359375,268.9396057128906,0.9990746974945068
138,2071.421142578125,246.4085235595703,0.9999773502349854,2184.467529296875,256.5611877441406,0.9994739890098572,2265.80126953125,264.4330749511719,0.9995594620704651,2305.886962890625,268.9396057128906,0.9999091625213623
139,2071.529296875,245.91761779785156,0.9999786615371704,2184.38671875,256.5611877441406,0.9995025396347046,2265.471435546875,262.92242431640625,0.9998089671134949,2311.0087890625,268.9396057128906,0.999901294708252
140,2071.529296875,245.01144409179688,0.9999839067459106,2184.286865234375,256.5180358886719,0.9994922876358032,2265.404296875,261.9237976074219,0.9998687505722046,2311.0087890625,265.0885009765625,0.999727189540863
141,2071.529296875,244.6810760498047,0.9999842643737793,2183.909423828125,256.5134582519531,0.9997031092643738,2265.404296875,261.9237976074219,0.9997913241386414,2311.0087890625,258.8030700683594,0.9999613761901855
142,2071.36376953125,243.7747802734375,0.9999862909317017,2183.909423828125,255.67303466796875,0.9995872378349304,2265.404296875,261.9237976074219,0.9997109770774841,2310.866455078125,258.8030700683594,0.999972939491272
143,2071.26220703125,243.4517059326172,0.9999853372573853,2183.728515625,255.51585388183594,0.999506950378418,2265.404296875,265.50506591796875,0.9993683695793152,2308.78955078125,258.8030700683594,0.9999880790710449
144,2071.06591796875,243.00537109375,0.9999884366989136,2183.728515625,254.87973022460938,0.9993093013763428,2266.177978515625,267.2450866699219,0.9994648098945618,2307.64990234375,259.8711853027344,0.9999853372573853
145,2071.051025390625,243.00537109375,0.9999881982803345,2183.6044921875,254.8238983154297,0.9994854927062988,2266.177978515625,267.2450866699219,0.9995803236961365,2307.22900390625,262.53961181640625,0.9999656677246094
146,2071.03173828125,243.00537109375,0.9999878406524658,2183.6044921875,254.7909393310547,0.9993427395820618,2266.177978515625,267.2450866699219,0.9992963075637817,2305.578125,268.7203369140625,0.9996985197067261
147,2071.03173828125,243.06884765625,0.9999879598617554,2183.6044921875,254.5003204345703,0.9992563128471375,2266.177978515625,266.1916809082031,0.9985912442207336,2305.578125,271.8359069824219,0.9994766116142273
148,2071.06591796875,243.11471557617188,0.9999878406524658,2183.648681640625,254.46778869628906,0.9990473389625549,2266.177978515625,263.4205627441406,0.9995957016944885,2305.578125,272.089599609375,0.999954104423523
149,2071.22119140625,243.11471557617188,0.999987006187439,2183.648681640625,254.32122802734375,0.9992715716362,2266.49609375,261.4031677246094,0.999850869178772,2308.67138671875,272.089599609375,0.9999816417694092
150,2071.458251953125,243.11471557617188,0.999983549118042,2183.648681640625,254.17135620117188,0.9992761015892029,2266.49609375,259.3580017089844,0.9999001026153564,2309.875,272.089599609375,0.9999667406082153
151,2071.47509765625,243.11183166503906,0.9999837875366211,2181.674072265625,253.87515258789062,0.9996390342712402,2266.75048828125,258.4539489746094,0.9998639822006226,2311.68798828125,265.7425842285156,0.9997023940086365
152,2071.514892578125,242.9933319091797,0.9999839067459106,2181.63623046875,253.22328186035156,0.999697208404541,2266.49609375,258.4539489746094,0.9997747540473938,2311.68798828125,258.68487548828125,0.9999512434005737
153,2071.544677734375,242.90060424804688,0.9999836683273315,2181.63623046875,253.22328186035156,0.9996622800827026,2265.459228515625,258.4539489746094,0.9998377561569214,2311.68798828125,258.68487548828125,0.9999446868896484
154,2071.690673828125,242.89048767089844,0.9999831914901733,2181.674072265625,253.208740234375,0.9997218251228333,2265.459228515625,261.15948486328125,0.9997662901878357,2310.37158203125,258.68487548828125,0.9999834299087524
155,2071.806640625,242.89048767089844,0.9999816417694092,2183.154052734375,253.17430114746094,0.9995071887969971,2265.11572265625,265.0634765625,0.9992513060569763,2307.81982421875,259.2453918457031,0.9999864101409912
156,2071.806640625,242.89048767089844,0.9999759197235107,2183.951416015625,253.0062713623047,0.9989590644836426,2265.047607421875,265.0634765625,0.9983645081520081,2304.52880859375,262.451171875,0.9998654127120972
157,2071.806640625,242.92359924316406,0.9999788999557495,2183.951416015625,253.0048828125,0.9991869330406189,2265.047607421875,265.0634765625,0.9989069700241089,2304.52880859375,266.8208923339844,0.9986999034881592
158,2071.52294921875,242.9407196044922,0.9999829530715942,2183.951416015625,252.4181365966797,0.9989584684371948,2265.186767578125,260.6883239746094,0.9998642206192017,2304.52880859375,269.1381530761719,0.9991486072540283
159,2071.384521484375,242.9407196044922,0.9999837875366211,2183.721923828125,252.4181365966797,0.9995027780532837,2265.186767578125,258.0339050292969,0.9998362064361572,2307.169677734375,269.1381530761719,0.9999713897705078
160,2070.947265625,242.9407196044922,0.9999872446060181,2182.8076171875,252.4149627685547,0.999390721321106,2265.186767578125,255.20364379882812,0.9998308420181274,2307.72802734375,269.1381530761719,0.999946117401123
161,2070.124755859375,242.54298400878906,0.9999902248382568,2182.39697265625,252.4149627685547,0.9995958209037781,2265.793701171875,254.17250061035156,0.9997243285179138,2309.111572265625,259.21331787109375,0.9999829530715942
162,2069.368896484375,241.75228881835938,0.9999901056289673,2181.31640625,252.42079162597656,0.9997053742408752,2265.793701171875,254.17250061035156,0.9998292922973633,2309.111572265625,254.1251220703125,0.9999386072158813
163,2068.85498046875,241.17828369140625,0.9999873638153076,2180.114013671875,252.42079162597656,0.9998157620429993,2265.51806640625,254.17250061035156,0.9993322491645813,2309.111572265625,251.64088439941406,0.999919056892395
164,2068.28662109375,240.3157501220703,0.9999818801879883,2180.114013671875,252.33096313476562,0.99983811378479,2265.37109375,257.0527648925781,0.9996769428253174,2308.067626953125,251.64088439941406,0.9999291896820068
165,2067.52685546875,239.98117065429688,0.999980092048645,2180.114013671875,252.14817810058594,0.9998341798782349,2265.37109375,259.5755920410156,0.9998362064361572,2306.931396484375,251.64088439941406,0.999920129776001
166,2066.626953125,239.98117065429688,0.9999778270721436,2181.058837890625,252.03289794921875,0.9997971653938293,2265.00341796875,260.83489990234375,0.9996367692947388,2305.92578125,252.4904022216797,0.9998499155044556
167,2065.58349609375,239.98117065429688,0.9999644756317139,2181.058837890625,251.92030334472656,0.9997052550315857,2264.151123046875,260.83489990234375,0.9997820258140564,2303.7421875,260.8492431640625,0.9998006224632263
168,2065.562744140625,240.5753173828125,0.9999806880950928,2181.058837890625,251.71484375,0.9997311234474182,2262.614013671875,260.83489990234375,0.9998512268066406,2302.78466796875,265.4393615722656,0.9989407658576965
169,2064.807373046875,240.5753173828125,0.9999738931655884,2180.579833984375,251.70884704589844,0.999700665473938,2262.614013671875,257.9759521484375,0.9999415874481201,2302.78466796875,265.4393615722656,0.999737560749054
170,2064.236328125,240.8622589111328,0.9999699592590332,2179.438720703125,251.62290954589844,0.9997890591621399,2262.614013671875,254.5703125,0.9998608827590942,2302.78466796875,265.4393615722656,0.9994435906410217
171,2063.560302734375,240.5753173828125,0.9999395608901978,2178.9052734375,251.59988403320312,0.9998465776443481,2262.946533203125,251.0634002685547,0.9999129772186279,2304.76171875,263.0450439453125,0.9999158382415771
172,2063.47216796875,240.54835510253906,0.9999487400054932,2178.556884765625,251.59988403320312,0.9998471736907959,2263.15576171875,251.0634002685547,0.9999029636383057,2304.76171875,256.6334533691406,0.9999772310256958
173,2062.572265625,240.12266540527344,0.9998866319656372,2178.09033203125,251.0888671875,0.9998542070388794,2263.15576171875,251.0634002685547,0.9998539686203003,2304.76171875,251.6421661376953,0.9999196529388428
174,2062.3642578125,239.778564453125,0.9997974038124084,2176.599609375,250.9672088623047,0.9998146891593933,2263.15576171875,252.32015991210938,0.9998225569725037,2302.626953125,250.62440490722656,0.9988829493522644
175,2062.04541015625,239.7748260498047,0.9997878670692444,2174.92041015625,250.9672088623047,0.9996422529220581,2263.15576171875,255.3038787841797,0.999765932559967,2302.617919921875,250.62440490722656,0.9986029267311096
176,2062.021240234375,239.7382354736328,0.9997950196266174,2174.705810546875,251.0888671875,0.9994208812713623,2261.39990234375,257.3499450683594,0.9998784065246582,2301.816162109375,250.62440490722656,0.9995742440223694
177,2061.8271484375,239.7382354736328,0.9997977614402771,2174.09912109375,250.9672088623047,0.9995324611663818,2261.39990234375,257.7104187011719,0.999895453453064,2302.617919921875,252.88119506835938,0.9993425011634827
178,2061.280517578125,239.7357940673828,0.9997861981391907,2174.0810546875,250.9252471923828,0.9991347193717957,2261.39990234375,257.7104187011719,0.9999377727508545,2302.617919921875,260.282958984375,0.9990690350532532
179,2061.0546875,239.6748809814453,0.9997426867485046,2174.0810546875,250.3936309814453,0.9986937642097473,2261.581298828125,257.7104187011719,0.9999432563781738,2302.617919921875,261.15380859375,0.9998177886009216
180,2060.77490234375,239.66928100585938,0.9997408986091614,2174.0810546875,250.3707275390625,0.9990193843841553,2261.581298828125,255.72950744628906,0.9999523162841797,2302.802978515625,261.15380859375,0.9996999502182007
181,2060.69384765625,239.60256958007812,0.9997238516807556,2174.21240234375,250.3707275390625,0.9991187453269958,2262.068115234375,253.97715759277344,0.9999321699142456,2303.533935546875,261.15380859375,0.9999328851699829
182,2060.40185546875,239.5550994873047,0.9997076392173767,2175.572509765625,250.3936309814453,0.9996471405029297,2263.2431640625,252.3515625,0.9999305009841919,2304.40380859375,257.9070739746094,0.9999803304672241
183,2060.004150390625,239.10250854492188,0.9996744394302368,2175.716796875,250.41629028320312,0.9996849298477173,2263.2431640625,251.82261657714844,0.9998974800109863,2304.40380859375,253.34056091308594,0.9999058246612549
184,2060.004150390625,238.82217407226562,0.9996579885482788,2175.716796875,250.51168823242188,0.9996676445007324,2263.32275390625,251.82261657714844,0.9998724460601807,2304.40380859375,250.478759765625,0.9998313188552856
185,2060.004150390625,238.44419860839844,0.9995914101600647,2175.716796875,250.52305603027344,0.9996770620346069,2263.2431640625,251.82261657714844,0.9998583793640137,2302.1943359375,250.40890502929688,0.9990257024765015
186,2060.033203125,238.16995239257812,0.9995307922363281,2174.91796875,250.51168823242188,0.9995291233062744,2262.336669921875,252.30355834960938,0.9997043013572693,2301.776611328125,246.9872589111328,0.9996868371963501
187,2060.126708984375,238.1278533935547,0.9995126724243164,2174.31103515625,250.51168823242188,0.9992809891700745,2262.336669921875,254.74867248535156,0.9997542500495911,2301.776611328125,246.9872589111328,0.9994587302207947
188,2060.466064453125,237.90672302246094,0.9994072914123535,2173.92578125,250.39108276367188,0.9994838237762451,2262.797119140625,255.7605438232422,0.9998373985290527,2302.1943359375,246.9872589111328,0.9995704293251038
189,2060.474365234375,237.90672302246094,0.9995104074478149,2173.60498046875,249.89170837402344,0.9991312623023987,2262.708984375,256.5320129394531,0.9998716115951538,2302.826904296875,249.34780883789062,0.9997386336326599
190,2060.659423828125,237.84051513671875,0.9994300007820129,2173.584716796875,249.36129760742188,0.9991452693939209,2262.708984375,256.5320129394531,0.9998748302459717,2302.826904296875,250.85195922851562,0.9997898936271667
191,2060.833251953125,237.90672302246094,0.9994938373565674,2173.584716796875,249.22119140625,0.9991505146026611,2262.797119140625,256.5320129394531,0.9998798370361328,2302.826904296875,253.2251739501953,0.9991517066955566
192,2060.93701171875,237.84051513671875,0.9994283318519592,2173.584716796875,249.1134796142578,0.9992200136184692,2262.73681640625,256.2184753417969,0.9999133348464966,2302.7666015625,256.1094970703125,0.9997376799583435
193,2061.330322265625,237.8756103515625,0.999527096748352,2174.177490234375,248.6986541748047,0.9993287324905396,2262.73681640625,254.90200805664062,0.9998966455459595,2302.7666015625,256.1094970703125,0.9998313188552856
194,2061.691650390625,237.84051513671875,0.9994100332260132,2175.05517578125,247.71200561523438,0.9996116757392883,2263.33642578125,252.62977600097656,0.9999245405197144,2302.7666015625,256.1094970703125,0.9998791217803955
195,2061.913818359375,237.78944396972656,0.9994889497756958,2175.257080078125,247.71200561523438,0.9996793270111084,2264.022216796875,252.13241577148438,0.9999197721481323,2304.693115234375,254.27188110351562,0.9999548196792603
196,2062.049560546875,237.57310485839844,0.9995111227035522,2175.621337890625,247.71200561523438,0.9997091889381409,2264.022216796875,251.66653442382812,0.999852180480957,2304.693115234375,251.59994506835938,0.9999117851257324
197,2062.06201171875,237.4815673828125,0.9993742108345032,2177.09814453125,247.85980224609375,0.9997797608375549,2264.245361328125,251.66653442382812,0.9997809529304504,2304.693115234375,248.7515411376953,0.9998822212219238
198,2062.3427734375,237.3192596435547,0.9994722008705139,2177.09814453125,248.0224151611328,0.9997844099998474,2264.245361328125,251.66653442382812,0.9997413754463196,2302.190673828125,248.03005981445312,0.9996578693389893
199,2063.210693359375,236.55328369140625,0.9997060894966125,2177.377197265625,248.0224151611328,0.9997400641441345,2264.245361328125,252.37889099121094,0.9995642304420471,2302.190673828125,248.03005981445312,0.9993615746498108
200,2064.475830078125,236.08502197265625,0.9998302459716797,2177.459716796875,248.0224151611328,0.9996874332427979,2264.574462890625,255.3954620361328,0.9997815489768982,2302.190673828125,248.03005981445312,0.999492883682251
201,2064.8818359375,236.08502197265625,0.9998623132705688,2177.52001953125,248.0224151611328,0.9997130036354065,2264.70361328125,257.1796569824219,0.9997591376304626,2302.49462890625,248.14950561523438,0.9994285702705383
202,2065.558349609375,236.08502197265625,0.9999008178710938,2178.03759765625,247.91786193847656,0.9997407793998718,2264.7197265625,257.21417236328125,0.9997468590736389,2304.3154296875,251.02166748046875,0.9998747110366821
203,2066.882080078125,236.73809814453125,0.9999096393585205,2179.369873046875,247.719482421875,0.999716579914093,2264.7197265625,257.21417236328125,0.9997081160545349,2304.3154296875,254.7439727783203,0.9998219609260559
204,2066.883056640625,237.00433349609375,0.9999184608459473,2180.629150390625,247.69683837890625,0.9997031092643738,2264.7197265625,257.21417236328125,0.999717652797699,2304.984375,259.4805908203125,0.9999587535858154
205,2067.477294921875,237.63136291503906,0.9999018907546997,2180.764892578125,247.69683837890625,0.9997403025627136,2265.491943359375,256.180419921875,0.9996565580368042,2304.984375,259.77349853515625,0.9998706579208374
206,2068.19091796875,237.66371154785156,0.999904990196228,2182.645751953125,246.89707946777344,0.9996689558029175,2265.578857421875,253.32225036621094,0.9996083378791809,2305.718994140625,259.77349853515625,0.9999485015869141
207,2068.629150390625,237.66371154785156,0.9999386072158813,2183.7734375,246.8294677734375,0.999498724937439,2266.59619140625,251.47727966308594,0.9996509552001953,2306.397705078125,259.77349853515625,0.9999712705612183
208,2069.30517578125,237.63136291503906,0.9999105930328369,2183.8310546875,246.60455322265625,0.9995154142379761,2267.940185546875,249.95230102539062,0.9995275735855103,2308.916748046875,257.6907043457031,0.9999825954437256
209,2069.4560546875,237.55905151367188,0.9998989105224609,2183.8310546875,246.5283660888672,0.9995798468589783,2268.44091796875,249.79544067382812,0.9995766282081604,2308.916748046875,254.55694580078125,0.9999344348907471
210,2069.824951171875,236.83380126953125,0.9999020099639893,2183.7734375,246.5283660888672,0.9995976090431213,2269.6796875,249.79544067382812,0.9997441172599792,2308.916748046875,249.30052185058594,0.9993401169776917
211,2070.764892578125,236.28150939941406,0.9998892545700073,2183.116943359375,246.60455322265625,0.9997262358665466,2269.6796875,249.79544067382812,0.9994816184043884,2308.322265625,245.72845458984375,0.9999822378158569
212,2071.37451171875,236.14923095703125,0.9998558759689331,2182.507568359375,247.0386199951172,0.999777615070343,2269.6796875,250.54574584960938,0.9994142055511475,2305.583740234375,245.72845458984375,0.9999516010284424
213,2071.841064453125,235.6582794189453,0.9998446702957153,2182.507568359375,247.26853942871094,0.9997865557670593,2268.6494140625,255.7324981689453,0.9996143579483032,2305.0927734375,245.72845458984375,0.9999229907989502
214,2071.949951171875,235.6582794189453,0.9998202919960022,2182.507568359375,247.3448486328125,0.9996728897094727,2268.255859375,257.3345947265625,0.9994282126426697,2304.155517578125,248.73056030273438,0.9963136315345764
215,2072.14453125,235.6582794189453,0.9997655749320984,2182.707275390625,247.3448486328125,0.9996435642242432,2267.53173828125,257.3345947265625,0.99958735704422,2304.155517578125,251.23956298828125,0.9997449517250061
216,2072.20166015625,236.1293182373047,0.999795138835907,2184.25830078125,247.26853942871094,0.9993976354598999,2267.22900390625,257.3345947265625,0.9996722936630249,2304.427490234375,255.2377166748047,0.9997548460960388
217,2072.312255859375,236.1293182373047,0.9997451901435852,2185.432373046875,247.1005859375,0.9994856119155884,2268.06591796875,255.6426544189453,0.9996232986450195,2304.7626953125,255.7518768310547,0.9999271631240845
218,2072.20166015625,236.1293182373047,0.9997678399085999,2185.432373046875,246.93211364746094,0.9994373917579651,2268.06591796875,251.35366821289062,0.9993290901184082,2304.7626953125,255.7518768310547,0.9999194145202637
219,2072.312255859375,235.85385131835938,0.9997538924217224,2185.47021484375,246.5357208251953,0.9994507431983948,2268.06591796875,249.21160888671875,0.9995681643486023,2307.82275390625,255.7518768310547,0.9999690055847168
220,2072.312255859375,235.25515747070312,0.9997935891151428,2185.8564453125,246.49948120117188,0.9994142055511475,2269.196533203125,247.7078094482422,0.9997872710227966,2309.318603515625,251.8357696533203,0.9997721314430237
221,2072.99951171875,234.0577850341797,0.9997063279151917,2185.8564453125,246.4575653076172,0.9996702671051025,2269.94384765625,247.7078094482422,0.9999034404754639,2309.318603515625,246.25648498535156,0.9998737573623657
222,2073.22998046875,232.15382385253906,0.9998471736907959,2185.402099609375,246.21066284179688,0.9996547698974609,2271.756591796875,247.7078094482422,0.9998507499694824,2309.318603515625,241.61770629882812,0.9999756813049316
223,2073.4140625,230.98297119140625,0.9998980760574341,2183.02197265625,246.21066284179688,0.9996627569198608,2271.756591796875,248.67279052734375,0.9995520710945129,2307.483642578125,241.61770629882812,0.999929666519165
224,2073.678955078125,230.78799438476562,0.9999148845672607,2182.679443359375,246.4575653076172,0.999769389629364,2271.756591796875,250.9346923828125,0.9997649788856506,2306.500244140625,241.61770629882812,0.9999134540557861
225,2073.678955078125,230.78799438476562,0.9999184608459473,2182.679443359375,246.50955200195312,0.9997072815895081,2269.19189453125,256.61151123046875,0.9997550845146179,2304.4990234375,243.5126190185547,0.9997606873512268
226,2073.678955078125,230.78799438476562,0.9999066591262817,2182.679443359375,246.50955200195312,0.9996598958969116,2268.576171875,256.61151123046875,0.9996813535690308,2303.85888671875,250.1484375,0.9993721842765808
227,2073.319091796875,230.8428192138672,0.9998996257781982,2184.15087890625,246.50955200195312,0.9994720816612244,2268.26953125,256.61151123046875,0.9996297359466553,2303.85888671875,254.46896362304688,0.9987131357192993
228,2073.069091796875,231.74070739746094,0.9998770952224731,2184.85693359375,246.25885009765625,0.9995445609092712,2267.8369140625,255.77145385742188,0.9996044039726257,2304.4990234375,256.15985107421875,0.9998364448547363
229,2072.8271484375,232.26950073242188,0.999862790107727,2185.45263671875,245.39747619628906,0.9995939135551453,2267.8369140625,252.8679962158203,0.999367892742157,2305.3935546875,256.15985107421875,0.9999526739120483
230,2072.685546875,232.88743591308594,0.9998223185539246,2186.456298828125,244.93028259277344,0.9996378421783447,2267.89697265625,250.14231872558594,0.9991075396537781,2306.111328125,256.15985107421875,0.9999575614929199
231,2072.6328125,232.88743591308594,0.999818742275238,2187.669677734375,244.77256774902344,0.999652624130249,2267.89697265625,248.43128967285156,0.9996997117996216,2308.372314453125,255.2610321044922,0.9999524354934692
232,2072.6328125,232.88743591308594,0.9998385906219482,2187.7841796875,244.54148864746094,0.9996697902679443,2267.89697265625,247.0277099609375,0.9998082518577576,2310.609619140625,251.7896728515625,0.9997269511222839
233,2072.6328125,232.1559295654297,0.999889612197876,2187.7841796875,244.54148864746094,0.999609649181366,2268.244873046875,247.0277099609375,0.9998953342437744,2310.609619140625,247.40643310546875,0.9998225569725037
234,2073.176025390625,231.2820281982422,0.9998975992202759,2187.669677734375,244.54148864746094,0.9997057318687439,2271.43212890625,247.0277099609375,0.9998202919960022,2310.609619140625,243.49411010742188,0.9999796152114868
235,2073.192138671875,230.3883056640625,0.9999206066131592,2186.49365234375,244.7422332763672,0.9997205138206482,2271.43212890625,247.03524780273438,0.9998351335525513,2308.52294921875,242.5706787109375,0.9999681711196899
236,2073.20703125,230.0895538330078,0.9999120235443115,2185.133544921875,244.7422332763672,0.9996401071548462,2271.43212890625,248.63034057617188,0.999503493309021,2307.572265625,242.5706787109375,0.9999231100082397
237,2073.20703125,230.0895538330078,0.999929666519165,2185.133544921875,244.7422332763672,0.9997161030769348,2270.84033203125,251.16404724121094,0.9993759989738464,2305.05322265625,242.5706787109375,0.9999128580093384
238,2073.20703125,230.0895538330078,0.9999274015426636,2185.133544921875,244.16099548339844,0.9997057318687439,2268.872802734375,252.49945068359375,0.9987554550170898,2304.43505859375,247.69821166992188,0.9983538389205933
239,2073.200439453125,230.372314453125,0.9999270439147949,2185.821044921875,243.75294494628906,0.9997279047966003,2268.44580078125,252.49945068359375,0.9991968274116516,2304.43505859375,252.18780517578125,0.999586284160614
240,2073.200439453125,230.3752899169922,0.9999206066131592,2186.04541015625,243.75294494628906,0.9997090697288513,2268.44580078125,252.49945068359375,0.999207079410553,2304.43505859375,254.0520477294922,0.9995123147964478
241,2073.182861328125,230.65087890625,0.9999245405197144,2186.794189453125,243.6449737548828,0.9996938705444336,2268.872802734375,249.29476928710938,0.9992591738700867,2305.837890625,254.0520477294922,0.9998548030853271
242,2073.200439453125,230.67367553710938,0.999916672706604,2187.84716796875,243.6449737548828,0.9996685981750488,2268.872802734375,248.16244506835938,0.9996150732040405,2309.322021484375,254.0520477294922,0.9999141693115234
243,2073.223388671875,230.67367553710938,0.9999203681945801,2189.33447265625,243.49436950683594,0.9996429681777954,2269.111083984375,245.58226013183594,0.9998500347137451,2311.733642578125,251.54885864257812,0.9993990659713745
244,2073.336181640625,230.65087890625,0.9999121427536011,2189.33447265625,243.1423797607422,0.9996346235275269,2269.475341796875,245.35333251953125,0.9998778104782104,2311.733642578125,247.17886352539062,0.9998176693916321
245,2073.896484375,230.50392150878906,0.9999276399612427,2189.33447265625,243.1423797607422,0.9996088147163391,2271.817626953125,245.35333251953125,0.9997859597206116,2311.733642578125,242.3465576171875,0.9999618530273438
246,2074.18994140625,230.50392150878906,0.999929666519165,2188.410888671875,243.49436950683594,0.9997273087501526,2273.52685546875,245.35333251953125,0.9998620748519897,2309.83447265625,240.67347717285156,0.9999467134475708
247,2074.6474609375,230.4794921875,0.9999334812164307,2186.818603515625,243.36093139648438,0.9997852444648743,2273.52685546875,246.31195068359375,0.9998825788497925,2309.618408203125,240.67347717285156,0.9999306201934814
248,2074.6474609375,230.3315887451172,0.9999281167984009,2186.818603515625,243.36093139648438,0.9997654557228088,2273.52685546875,248.09039306640625,0.9997783303260803,2309.205078125,240.67347717285156,0.9999382495880127
249,2074.6474609375,230.0642547607422,0.9999359846115112,2186.818603515625,243.5033721923828,0.9997654557228088,2271.210205078125,249.37811279296875,0.9989946484565735,2308.892578125,244.52720642089844,0.9998459815979004
250,2074.66748046875,229.90985107421875,0.999930739402771,2187.085205078125,243.51980590820312,0.9997536540031433,2271.0048828125,249.37811279296875,0.9989578723907471,2308.892578125,248.2167205810547,0.999824583530426
251,2074.66748046875,229.44287109375,0.999930739402771,2187.151123046875,244.07383728027344,0.9997034668922424,2270.120361328125,249.37811279296875,0.9989950060844421,2308.892578125,249.0458984375,0.9997978806495667
252,2074.66748046875,228.65985107421875,0.9999403953552246,2189.01171875,244.07383728027344,0.9996575117111206,2270.120361328125,247.19857788085938,0.9997729659080505,2308.905517578125,249.0458984375,0.9999299049377441
253,2075.125244140625,228.57388305664062,0.9999431371688843,2190.007568359375,244.07383728027344,0.9995293617248535,2270.120361328125,244.4151153564453,0.999863862991333,2311.26708984375,249.0458984375,0.9994261264801025
254,2075.885498046875,227.55345153808594,0.9999375343322754,2190.007568359375,243.953125,0.9995965361595154,2271.2119140625,243.3650360107422,0.9998944997787476,2311.26708984375,243.78488159179688,0.9999226331710815
255,2075.890869140625,226.15338134765625,0.9999117851257324,2190.007568359375,243.953125,0.9995531439781189,2273.931640625,243.3650360107422,0.999919056892395,2311.26708984375,238.13314819335938,0.9998397827148438
256,2075.967041015625,225.7601318359375,0.9998881816864014,2189.716796875,243.953125,0.9996776580810547,2273.931640625,243.3650360107422,0.9999383687973022,2310.100830078125,238.13314819335938,0.9998328685760498
257,2076.232421875,224.75746154785156,0.9998393058776855,2186.508056640625,243.953125,0.9997462630271912,2273.931640625,246.61236572265625,0.9998227953910828,2309.432373046875,238.13314819335938,0.9998233914375305
258,2076.295654296875,223.50575256347656,0.9997325539588928,2184.6484375,243.953125,0.9996578693389893,2272.14306640625,249.22955322265625,0.9997214674949646,2307.85009765625,239.5703887939453,0.9998754262924194
259,2076.295654296875,222.37844848632812,0.9994837045669556,2184.6484375,243.78211975097656,0.9997007846832275,2271.97216796875,251.75497436523438,0.9998486042022705,2306.74169921875,242.995361328125,0.9999123811721802
260,2076.295654296875,222.0559539794922,0.9993625283241272,2184.6484375,243.7176055908203,0.9996870756149292,2271.232177734375,254.49844360351562,0.999550998210907,2305.113037109375,245.6833953857422,0.9997814297676086
261,2076.282958984375,222.0059814453125,0.9993278980255127,2185.25634765625,243.60433959960938,0.9997408986091614,2270.513916015625,254.49844360351562,0.9995908141136169,2305.001953125,250.08609008789062,0.9997478127479553
262,2076.202880859375,221.88009643554688,0.9992710947990417,2185.334716796875,242.78050231933594,0.9997437596321106,2269.583740234375,254.49844360351562,0.9996238946914673,2304.4482421875,252.24468994140625,0.9997466206550598
263,2076.17041015625,221.5667266845703,0.9991804957389832,2185.7275390625,242.4196014404297,0.9997338652610779,2269.2705078125,252.1934356689453,0.9996700286865234,2305.001953125,252.62013244628906,0.9997807145118713
264,2076.17041015625,221.39295959472656,0.9990713596343994,2185.7275390625,242.21319580078125,0.9997503161430359,2269.2705078125,251.3084259033203,0.9996359348297119,2305.001953125,253.6305389404297,0.9996609687805176
265,2076.17041015625,221.34800720214844,0.9989956021308899,2187.703857421875,242.21319580078125,0.9997754693031311,2269.2705078125,250.31668090820312,0.99953293800354,2305.92236328125,253.6305389404297,0.9998955726623535
266,2076.287109375,221.32745361328125,0.9989732503890991,2187.703857421875,242.21319580078125,0.9997493624687195,2270.639404296875,249.39715576171875,0.9995042085647583,2308.67529296875,253.6305389404297,0.9999150037765503
267,2076.336669921875,220.88925170898438,0.9986252784729004,2187.703857421875,242.41708374023438,0.9997512698173523,2272.298828125,249.39715576171875,0.9997078776359558,2309.639404296875,252.10203552246094,0.9998817443847656
268,2076.7197265625,220.62222290039062,0.9984379410743713,2187.6904296875,242.41708374023438,0.9997517466545105,2272.298828125,249.39715576171875,0.9997290968894958,2309.639404296875,249.94332885742188,0.9998356103897095
269,2076.85986328125,220.5917510986328,0.9983824491500854,2186.52587890625,242.41708374023438,0.9997650980949402,2272.298828125,249.6766357421875,0.9997192025184631,2309.639404296875,248.45602416992188,0.9999308586120605
270,2077.35107421875,220.50535583496094,0.998725950717926,2186.208740234375,241.8852081298828,0.9997517466545105,2271.8642578125,251.9568634033203,0.9996320009231567,2307.02783203125,248.45602416992188,0.9999421834945679
271,2077.78173828125,220.3120880126953,0.9990665316581726,2186.208740234375,241.466552734375,0.9997164607048035,2268.1591796875,256.1547546386719,0.9995890259742737,2306.113525390625,248.45602416992188,0.9998469352722168
272,2077.851806640625,220.12020874023438,0.9990177154541016,2186.208740234375,241.3336181640625,0.9997629523277283,2268.156005859375,258.23309326171875,0.9997377991676331,2305.70166015625,251.44384765625,0.9998095631599426
273,2078.065185546875,219.99957275390625,0.9991440773010254,2186.46728515625,241.08319091796875,0.9997709393501282,2268.1240234375,258.23309326171875,0.9997591376304626,2304.399658203125,257.0782775878906,0.9996708631515503
274,2078.065185546875,219.8649444580078,0.9992221593856812,2186.85546875,240.80438232421875,0.9997684359550476,2268.1240234375,258.23309326171875,0.9998087286949158,2302.49169921875,258.3480529785156,0.9999334812164307
275,2078.065185546875,219.6973876953125,0.9991656541824341,2188.360595703125,240.35350036621094,0.9997132420539856,2268.1240234375,256.0625305175781,0.9997037053108215,2302.49169921875,261.60943603515625,0.9997865557670593
276,2078.09326171875,219.68324279785156,0.9991018772125244,2188.575927734375,240.35350036621094,0.9996870756149292,2268.29296875,253.844482421875,0.9995219707489014,2304.04296875,261.60943603515625,0.999542236328125
277,2078.09326171875,219.49627685546875,0.9991114735603333,2188.717529296875,240.2660369873047,0.999693751335144,2270.014892578125,252.2502899169922,0.9993969202041626,2304.04296875,261.60943603515625,0.9998470544815063
278,2078.104248046875,219.40496826171875,0.9991938471794128,2188.717529296875,240.25177001953125,0.9997404217720032,2270.898193359375,250.47682189941406,0.9996262788772583,2308.273193359375,256.724853515625,0.9999608993530273
279,2078.104248046875,218.22525024414062,0.9992513060569763,2188.717529296875,240.19615173339844,0.9997574687004089,2271.964599609375,249.72714233398438,0.9997064471244812,2309.802734375,251.55543518066406,0.9997569918632507
280,2078.104248046875,217.48135375976562,0.9995028972625732,2188.194091796875,240.12396240234375,0.9997592568397522,2271.964599609375,249.72714233398438,0.9997283816337585,2309.802734375,249.56234741210938,0.9995309114456177
281,2078.1416015625,217.11021423339844,0.9995823502540588,2187.908203125,239.9906463623047,0.9997631907463074,2271.964599609375,249.72714233398438,0.99973064661026,2309.802734375,249.56234741210938,0.9999251365661621
282,2078.097412109375,217.11021423339844,0.9995570778846741,2187.849853515625,239.9313201904297,0.9997299313545227,2271.935546875,252.57518005371094,0.9996428489685059,2306.81591796875,249.56234741210938,0.9999536275863647
283,2078.052978515625,217.11021423339844,0.999553382396698,2187.849853515625,239.58746337890625,0.99972003698349,2269.171875,255.214111328125,0.9995645880699158,2305.765625,250.3368377685547,0.999382495880127
284,2078.02880859375,217.14430236816406,0.9995558857917786,2187.908203125,238.75221252441406,0.9995439648628235,2268.794921875,255.214111328125,0.9995423555374146,2305.501220703125,254.79026794433594,0.9991481304168701
285,2077.76904296875,217.34225463867188,0.9995177984237671,2187.5517578125,238.18382263183594,0.999479353427887,2268.707763671875,255.214111328125,0.9996637105941772,2304.628173828125,257.4477233886719,0.9999358654022217
286,2077.328857421875,217.59996032714844,0.9995255470275879,2187.994140625,238.18382263183594,0.9994145631790161,2268.432373046875,252.1656951904297,0.9992187023162842,2304.628173828125,257.4477233886719,0.9998457431793213
287,2077.1865234375,217.89488220214844,0.9994459748268127,2188.29150390625,238.18382263183594,0.9993084669113159,2268.118408203125,249.7852325439453,0.9992098808288574,2305.765625,257.4477233886719,0.9999439716339111
288,2076.37451171875,218.0260772705078,0.9993693232536316,2188.29150390625,238.2419891357422,0.9993346333503723,2268.118408203125,248.13150024414062,0.9996929168701172,2308.491455078125,255.78030395507812,0.9999552965164185
289,2076.24951171875,218.0260772705078,0.9993207454681396,2188.78125,238.29331970214844,0.9993601441383362,2268.118408203125,245.0758514404297,0.9998045563697815,2311.818115234375,252.27268981933594,0.9995322227478027
290,2076.07958984375,218.0260772705078,0.9994131326675415,2188.99560546875,238.33546447753906,0.9993535876274109,2268.302978515625,243.9847412109375,0.9998249411582947,2311.818115234375,246.8768310546875,0.9998083710670471
291,2076.0166015625,217.58592224121094,0.9994658827781677,2189.728515625,238.33546447753906,0.999363124370575,2269.373291015625,243.9847412109375,0.9998958110809326,2311.818115234375,241.92352294921875,0.9999457597732544
292,2075.872802734375,217.32498168945312,0.9995519518852234,2189.728515625,238.29331970214844,0.999367892742157,2272.79736328125,243.9847412109375,0.9998633861541748,2309.79345703125,238.9130096435547,0.9998977184295654
293,2075.559814453125,216.443115234375,0.9996967315673828,2189.728515625,238.20570373535156,0.9995102882385254,2272.79736328125,245.36582946777344,0.9998670816421509,2308.546630859375,238.9130096435547,0.9999181032180786
294,2074.887451171875,216.26483154296875,0.999731719493866,2188.474853515625,238.02667236328125,0.9994640946388245,2272.79736328125,246.02650451660156,0.9998373985290527,2308.362060546875,238.9130096435547,0.9998683929443359
295,2074.721435546875,216.250732421875,0.9997273087501526,2187.188232421875,237.98184204101562,0.9993587136268616,2271.9716796875,248.9068603515625,0.9993261098861694,2306.0712890625,243.5479736328125,0.9998589754104614
296,2074.5439453125,215.70632934570312,0.9998111128807068,2186.226806640625,237.6476593017578,0.999061644077301,2270.435546875,249.71441650390625,0.9985619187355042,2304.931884765625,246.74290466308594,0.9996508359909058
297,2074.337646484375,215.70297241210938,0.9998195767402649,2185.805419921875,237.51632690429688,0.9989332556724548,2269.172119140625,249.71441650390625,0.9991795420646667,2304.931884765625,251.5782470703125,0.9998152852058411
298,2074.24169921875,215.516845703125,0.9998564720153809,2185.805419921875,236.96112060546875,0.9986581802368164,2267.938720703125,249.71441650390625,0.9990032315254211,2305.1376953125,252.84620666503906,0.9997727274894714
299,2074.134521484375,215.499755859375,0.9998607635498047,2185.44677734375,236.90013122558594,0.9987385869026184,2266.570068359375,248.44143676757812,0.9995638728141785,2305.1376953125,252.84620666503906,0.9997938275337219
300,2073.9482421875,215.22312927246094,0.9998704195022583,2185.25390625,236.77110290527344,0.998963475227356,2266.3291015625,247.04776000976562,0.9997474551200867,2304.931884765625,252.84620666503906,0.9999130964279175
